customer_key,recency_days,frequency,monetary,R,F,M,rfm_segment,rfm_score
1,271,3,8249,2,4,5,Loyal,245
2,50,3,6384,5,4,5,Champions,545
3,340,3,8114,1,4,5,Loyal,145
4,264,3,8139,2,4,5,Loyal,245
5,273,3,8196,2,4,5,Loyal,245
6,272,3,8121,2,4,5,Loyal,245
7,260,3,8119,2,4,5,Loyal,245
8,316,3,8211,1,4,5,Loyal,145
9,333,3,8106,1,4,5,Loyal,145
10,265,3,8091,2,4,5,Loyal,245
11,251,3,8088,2,4,5,Loyal,245
12,316,3,8133,1,4,5,Loyal,145
13,106,2,81,4,3,2,Potential Loyalists,432
14,8,2,114,5,3,3,Potential Loyalists,533
15,274,2,138,2,3,3,Hibernating,233
16,376,1,2501,1,1,4,At Risk (high value),114
17,354,1,2332,1,1,4,At Risk (high value),114
18,107,3,6434,4,4,5,Champions,445
19,97,3,6533,4,4,5,Champions,445
20,17,17,880,5,5,3,Loyal,553
21,396,1,2317,1,1,4,At Risk (high value),114
22,371,1,2372,1,1,4,At Risk (high value),114
23,374,1,2322,1,1,4,At Risk (high value),114
24,15,2,122,5,3,3,Potential Loyalists,533
25,187,2,56,3,3,2,Potential Loyalists,332
26,96,3,6577,4,4,5,Champions,445
27,106,3,6575,4,4,5,Champions,445
28,97,3,6591,4,4,5,Champions,445
29,114,3,6474,4,4,5,Champions,445
30,79,3,6565,4,4,5,Champions,445
31,81,3,6471,4,4,5,Champions,445
32,77,3,6478,4,4,5,Champions,445
33,82,3,6525,4,4,5,Champions,445
34,85,3,6495,4,4,5,Champions,445
35,80,3,6491,4,4,5,Champions,445
36,75,3,6451,4,4,5,Champions,445
37,372,1,2355,1,1,4,At Risk (high value),114
38,374,1,2374,1,1,4,At Risk (high value),114
39,78,3,6437,4,4,5,Champions,445
40,79,3,6636,4,4,5,Champions,445
41,301,1,2351,1,1,4,At Risk (high value),114
42,380,1,2381,1,1,4,At Risk (high value),114
43,104,2,3112,4,3,4,Potential Loyalists,434
44,164,2,48,3,3,2,Potential Loyalists,332
45,82,3,6515,4,4,5,Champions,445
46,92,2,115,4,3,3,Potential Loyalists,433
47,78,3,6616,4,4,5,Champions,445
48,71,3,6582,5,4,5,Champions,545
49,35,3,6498,5,4,5,Champions,545
50,92,2,81,4,3,2,Potential Loyalists,432
51,71,3,5007,5,4,5,Champions,545
52,28,2,124,5,3,3,Potential Loyalists,533
53,247,3,8131,2,4,5,Loyal,245
54,377,1,2330,1,1,4,At Risk (high value),114
55,244,3,8223,2,4,5,Loyal,245
56,236,3,8168,2,4,5,Loyal,245
57,243,3,8207,2,4,5,Loyal,245
58,253,3,8088,2,4,5,Loyal,245
59,239,3,8248,2,4,5,Loyal,245
60,319,3,117,1,4,3,Loyal,143
61,218,3,8153,2,4,5,Loyal,245
62,229,3,8129,2,4,5,Loyal,245
63,387,1,2352,1,1,4,At Risk (high value),114
64,382,1,2373,1,1,4,At Risk (high value),114
65,369,1,2305,1,1,4,At Risk (high value),114
66,19,2,202,5,3,3,Potential Loyalists,533
67,132,2,81,4,3,2,Potential Loyalists,432
68,17,2,105,5,3,3,Potential Loyalists,533
69,113,3,113,4,4,3,Loyal,443
70,239,3,8104,2,4,5,Loyal,245
71,217,3,8165,2,4,5,Loyal,245
72,59,3,110,5,4,3,Loyal,543
73,228,3,8194,2,4,5,Loyal,245
74,161,3,192,3,4,3,Loyal,343
75,247,3,94,2,4,3,Loyal,243
76,219,3,8068,2,4,5,Loyal,245
77,222,3,8159,2,4,5,Loyal,245
78,231,3,8169,2,4,5,Loyal,245
79,1,17,912,5,5,3,Loyal,553
80,28,3,58,5,4,2,Potential Loyalists,542
81,220,3,8204,2,4,5,Loyal,245
82,291,2,104,1,3,3,Hibernating,133
83,84,2,3110,4,3,4,Potential Loyalists,434
84,82,2,3137,4,3,4,Potential Loyalists,434
85,69,2,3078,5,3,4,Potential Loyalists,534
86,21,2,129,5,3,3,Potential Loyalists,533
87,39,2,153,5,3,3,Potential Loyalists,533
88,173,2,200,3,3,3,Potential Loyalists,333
89,78,2,3176,4,3,4,Potential Loyalists,434
90,72,2,3188,5,3,4,Potential Loyalists,534
91,69,3,6703,5,4,5,Champions,545
92,21,28,1186,5,5,4,Champions,554
93,222,3,8110,2,4,5,Loyal,245
94,235,3,8180,2,4,5,Loyal,245
95,18,3,236,5,4,3,Loyal,543
96,218,3,8158,2,4,5,Loyal,245
97,183,3,8063,3,4,5,Loyal,345
98,189,3,8099,3,4,5,Loyal,345
99,105,3,89,4,4,2,Potential Loyalists,442
100,212,3,8216,2,4,5,Loyal,245
101,175,3,8172,3,4,5,Loyal,345
102,214,3,8262,2,4,5,Loyal,245
103,51,3,103,5,4,3,Loyal,543
104,237,3,8182,2,4,5,Loyal,245
105,228,3,8173,2,4,5,Loyal,245
106,238,3,8096,2,4,5,Loyal,245
107,228,3,8079,2,4,5,Loyal,245
108,222,3,8171,2,4,5,Loyal,245
109,220,3,8124,2,4,5,Loyal,245
110,219,3,8245,2,4,5,Loyal,245
111,162,3,8093,3,4,5,Loyal,345
112,160,3,8137,3,4,5,Loyal,345
113,149,3,8295,3,4,5,Loyal,345
114,283,3,110,2,4,3,Loyal,243
115,34,3,123,5,4,3,Loyal,543
116,27,3,114,5,4,3,Loyal,543
117,105,3,149,4,4,3,Loyal,443
118,218,3,8185,2,4,5,Loyal,245
119,3,3,124,5,4,3,Loyal,543
120,67,2,85,5,3,2,Potential Loyalists,532
121,132,3,8242,4,4,5,Champions,445
122,86,3,58,4,4,2,Potential Loyalists,442
123,160,3,43,3,4,2,Potential Loyalists,342
124,4,3,150,5,4,3,Loyal,543
125,225,3,8129,2,4,5,Loyal,245
126,210,3,79,2,4,2,Hibernating,242
127,87,3,4971,4,4,5,Champions,445
128,120,2,44,4,3,2,Potential Loyalists,432
129,170,2,144,3,3,3,Potential Loyalists,333
130,385,2,5873,1,3,5,At Risk (high value),135
131,51,1,37,5,1,1,New Customers,511
132,6,5,166,5,5,3,Loyal,553
133,295,1,2372,1,1,4,At Risk (high value),114
134,30,1,72,5,1,2,New Customers,512
135,87,3,4911,4,4,5,Champions,445
136,286,1,2335,2,1,4,At Risk (high value),214
137,391,1,2381,1,1,4,At Risk (high value),114
138,9,2,202,5,3,3,Potential Loyalists,533
139,29,2,79,5,3,2,Potential Loyalists,532
140,104,2,84,4,3,2,Potential Loyalists,432
141,316,1,40,1,1,1,Hibernating,111
142,123,2,114,4,3,3,Potential Loyalists,433
143,16,17,979,5,5,3,Loyal,553
144,41,2,48,5,3,2,Potential Loyalists,532
145,369,1,2400,1,1,4,At Risk (high value),114
146,369,1,2310,1,1,4,At Risk (high value),114
147,136,3,113,3,4,3,Loyal,343
148,105,3,8195,4,4,5,Champions,445
149,57,3,126,5,4,3,Loyal,543
150,61,3,41,5,4,2,Potential Loyalists,542
151,198,3,192,3,4,3,Loyal,343
152,101,3,8087,4,4,5,Champions,445
153,385,1,2295,1,1,4,At Risk (high value),114
154,306,2,110,1,3,3,Hibernating,133
155,384,1,2320,1,1,4,At Risk (high value),114
156,388,1,2320,1,1,4,At Risk (high value),114
157,386,1,2390,1,1,4,At Risk (high value),114
158,140,2,41,3,3,2,Potential Loyalists,332
159,375,1,2396,1,1,4,At Risk (high value),114
160,83,2,48,4,3,2,Potential Loyalists,432
161,342,1,2322,1,1,4,At Risk (high value),114
162,79,2,94,4,3,3,Potential Loyalists,433
163,345,1,2330,1,1,4,At Risk (high value),114
164,177,2,46,3,3,2,Potential Loyalists,332
165,177,2,145,3,3,3,Potential Loyalists,333
166,238,2,103,2,3,3,Hibernating,233
167,54,2,88,5,3,2,Potential Loyalists,532
168,62,2,3126,5,3,4,Potential Loyalists,534
169,74,2,3136,4,3,4,Potential Loyalists,434
170,127,2,81,4,3,2,Potential Loyalists,432
171,31,2,157,5,3,3,Potential Loyalists,533
172,83,3,6716,4,4,5,Champions,445
173,18,2,129,5,3,3,Potential Loyalists,533
174,36,2,103,5,3,3,Potential Loyalists,533
175,188,2,48,3,3,2,Potential Loyalists,332
176,87,3,6710,4,4,5,Champions,445
177,2,28,1317,5,5,4,Champions,554
178,107,2,135,4,3,3,Potential Loyalists,433
179,248,2,145,2,3,3,Hibernating,233
180,20,2,125,5,3,3,Potential Loyalists,533
181,126,2,138,4,3,3,Potential Loyalists,433
182,202,2,41,3,3,2,Potential Loyalists,332
183,24,2,81,5,3,2,Potential Loyalists,532
184,230,2,46,2,3,2,Hibernating,232
185,112,2,68,4,3,2,Potential Loyalists,432
186,3,27,1616,5,5,4,Champions,554
187,22,2,41,5,3,2,Potential Loyalists,532
188,176,2,108,3,3,3,Potential Loyalists,333
189,8,2,81,5,3,2,Potential Loyalists,532
190,358,2,5944,1,3,5,At Risk (high value),135
191,13,2,46,5,3,2,Potential Loyalists,532
192,84,3,6743,4,4,5,Champions,445
193,126,2,114,4,3,3,Potential Loyalists,433
194,164,2,41,3,3,2,Potential Loyalists,332
195,52,2,105,5,3,3,Potential Loyalists,533
196,99,2,105,4,3,3,Potential Loyalists,433
197,127,2,162,4,3,3,Potential Loyalists,433
198,193,2,207,3,3,3,Potential Loyalists,333
199,350,2,98,1,3,3,Hibernating,133
200,104,2,132,4,3,3,Potential Loyalists,433
201,9,27,1461,5,5,4,Champions,554
202,142,2,181,3,3,3,Potential Loyalists,333
203,130,2,74,4,3,2,Potential Loyalists,432
204,49,17,800,5,5,3,Loyal,553
205,80,2,77,4,3,2,Potential Loyalists,432
206,113,2,37,4,3,1,Potential Loyalists,431
207,244,2,77,2,3,2,Hibernating,232
208,103,2,77,4,3,2,Potential Loyalists,432
209,134,2,134,3,3,3,Potential Loyalists,333
210,7,2,37,5,3,1,Potential Loyalists,531
211,145,2,70,3,3,2,Potential Loyalists,332
212,22,17,792,5,5,3,Loyal,553
213,12,17,824,5,5,3,Loyal,553
214,142,2,77,3,3,2,Potential Loyalists,332
215,71,2,162,5,3,3,Potential Loyalists,533
216,45,17,1154,5,5,3,Loyal,553
217,358,2,5948,1,3,5,At Risk (high value),135
218,349,2,5953,1,3,5,At Risk (high value),135
219,25,2,39,5,3,1,Potential Loyalists,531
220,5,2,39,5,3,1,Potential Loyalists,531
221,47,2,50,5,3,2,Potential Loyalists,532
222,104,2,46,4,3,2,Potential Loyalists,432
223,62,2,208,5,3,3,Potential Loyalists,533
224,23,27,1293,5,5,4,Champions,554
225,57,3,6685,5,4,5,Champions,545
226,145,2,73,3,3,2,Potential Loyalists,332
227,304,2,37,1,3,1,Hibernating,131
228,353,2,5910,1,3,5,At Risk (high value),135
229,12,2,77,5,3,2,Potential Loyalists,532
230,4,2,81,5,3,2,Potential Loyalists,532
231,51,2,54,5,3,2,Potential Loyalists,532
232,78,2,64,4,3,2,Potential Loyalists,432
233,77,2,39,4,3,1,Potential Loyalists,431
234,235,2,179,2,3,3,Hibernating,233
235,132,2,76,4,3,2,Potential Loyalists,432
236,24,2,138,5,3,3,Potential Loyalists,533
237,23,2,114,5,3,3,Potential Loyalists,533
238,65,4,10566,5,5,5,Champions,555
239,274,4,7543,2,5,5,Loyal,255
240,246,4,7511,2,5,5,Loyal,255
241,261,4,7586,2,5,5,Loyal,255
242,92,7,11468,4,5,5,Champions,455
243,56,7,11067,5,5,5,Champions,555
244,234,4,7164,2,5,5,Loyal,255
245,194,4,7175,3,5,5,Loyal,355
246,49,4,10580,5,5,5,Champions,555
247,40,4,10575,5,5,5,Champions,555
248,165,4,7131,3,5,5,Loyal,355
249,199,1,38,3,1,1,Needs Attention,311
250,136,4,9890,3,5,5,Loyal,355
251,176,4,7115,3,5,5,Loyal,355
252,103,1,2319,4,1,4,New Customers,414
253,42,3,6685,5,4,5,Champions,545
254,57,16,695,5,5,3,Loyal,553
255,46,2,204,5,3,3,Potential Loyalists,533
256,304,2,114,1,3,3,Hibernating,133
257,105,2,81,4,3,2,Potential Loyalists,432
258,46,3,6676,5,4,5,Champions,545
259,198,2,49,3,3,2,Potential Loyalists,332
260,40,3,6770,5,4,5,Champions,545
261,220,2,81,2,3,2,Hibernating,232
262,37,3,6650,5,4,5,Champions,545
263,7,27,1124,5,5,3,Loyal,553
264,50,3,6753,5,4,5,Champions,545
265,60,2,3182,5,3,4,Potential Loyalists,534
266,391,1,2352,1,1,4,At Risk (high value),114
267,374,2,5922,1,3,5,At Risk (high value),135
268,387,2,5943,1,3,5,At Risk (high value),135
269,74,2,98,4,3,3,Potential Loyalists,433
270,141,2,42,3,3,2,Potential Loyalists,332
271,387,2,5984,1,3,5,At Risk (high value),135
272,372,2,5973,1,3,5,At Risk (high value),135
273,381,2,5975,1,3,5,At Risk (high value),135
274,251,2,273,2,3,3,Hibernating,233
275,339,2,5888,1,3,5,At Risk (high value),135
276,382,2,5955,1,3,5,At Risk (high value),135
277,7,27,987,5,5,3,Loyal,553
278,13,27,1434,5,5,4,Champions,554
279,391,2,5908,1,3,5,At Risk (high value),135
280,221,2,44,2,3,2,Hibernating,232
281,174,2,77,3,3,2,Potential Loyalists,332
282,383,2,5921,1,3,5,At Risk (high value),135
283,392,2,5999,1,3,5,At Risk (high value),135
284,154,2,44,3,3,2,Potential Loyalists,332
285,272,2,55,2,3,2,Hibernating,232
286,95,2,128,4,3,3,Potential Loyalists,433
287,374,2,5954,1,3,5,At Risk (high value),135
288,1,27,1165,5,5,4,Champions,554
289,161,2,77,3,3,2,Potential Loyalists,332
290,378,2,5905,1,3,5,At Risk (high value),135
291,367,2,5933,1,3,5,At Risk (high value),135
292,375,2,5873,1,3,5,At Risk (high value),135
293,394,2,5910,1,3,5,At Risk (high value),135
294,320,2,85,1,3,2,Hibernating,132
295,26,2,42,5,3,2,Potential Loyalists,532
296,385,2,6058,1,3,5,At Risk (high value),135
297,365,2,5897,1,3,5,At Risk (high value),135
298,343,2,5948,1,3,5,At Risk (high value),135
299,342,2,5922,1,3,5,At Risk (high value),135
300,339,2,6015,1,3,5,At Risk (high value),135
301,29,27,1499,5,5,4,Champions,554
302,110,2,131,4,3,3,Potential Loyalists,433
303,361,2,5938,1,3,5,At Risk (high value),135
304,340,2,5875,1,3,5,At Risk (high value),135
305,282,2,122,2,3,3,Hibernating,233
306,178,2,77,3,3,2,Potential Loyalists,332
307,144,2,42,3,3,2,Potential Loyalists,332
308,355,2,5964,1,3,5,At Risk (high value),135
309,14,2,94,5,3,3,Potential Loyalists,533
310,24,2,42,5,3,2,Potential Loyalists,532
311,36,2,77,5,3,2,Potential Loyalists,532
312,138,2,77,3,3,2,Potential Loyalists,332
313,241,2,42,2,3,2,Hibernating,232
314,64,2,44,5,3,2,Potential Loyalists,532
315,57,2,47,5,3,2,Potential Loyalists,532
316,43,2,42,5,3,2,Potential Loyalists,532
317,382,1,2350,1,1,4,At Risk (high value),114
318,345,2,5873,1,3,5,At Risk (high value),135
319,82,2,44,4,3,2,Potential Loyalists,432
320,339,2,5930,1,3,5,At Risk (high value),135
321,163,2,72,3,3,2,Potential Loyalists,332
322,246,2,37,2,3,1,Hibernating,231
323,253,2,44,2,3,2,Hibernating,232
324,364,2,6074,1,3,5,At Risk (high value),135
325,358,2,5945,1,3,5,At Risk (high value),135
326,363,2,6044,1,3,5,At Risk (high value),135
327,343,2,5948,1,3,5,At Risk (high value),135
328,362,2,5915,1,3,5,At Risk (high value),135
329,297,2,4718,1,3,5,At Risk (high value),135
330,353,2,5898,1,3,5,At Risk (high value),135
331,7,27,1134,5,5,3,Loyal,553
332,5,27,1327,5,5,4,Champions,554
333,388,2,5755,1,3,5,At Risk (high value),135
334,199,3,8163,3,4,5,Loyal,345
335,186,3,8154,3,4,5,Loyal,345
336,390,2,5744,1,3,5,At Risk (high value),135
337,389,2,4441,1,3,5,At Risk (high value),135
338,194,3,8162,3,4,5,Loyal,345
339,395,2,5745,1,3,5,At Risk (high value),135
340,369,2,4379,1,3,5,At Risk (high value),135
341,392,2,4413,1,3,5,At Risk (high value),135
342,194,3,8192,3,4,5,Loyal,345
343,201,1,49,3,1,2,Needs Attention,312
344,189,3,8222,3,4,5,Loyal,345
345,190,3,8119,3,4,5,Loyal,345
346,394,2,4404,1,3,5,At Risk (high value),135
347,352,2,4503,1,3,5,At Risk (high value),135
348,319,1,14,1,1,1,Hibernating,111
349,304,1,68,1,1,2,Hibernating,112
350,16,1,68,5,1,2,New Customers,512
351,358,1,38,1,1,1,Hibernating,111
352,154,3,8068,3,4,5,Loyal,345
353,273,1,14,2,1,1,Hibernating,211
354,174,3,8078,3,4,5,Loyal,345
355,57,1,23,5,1,1,New Customers,511
356,125,1,14,4,1,1,New Customers,411
357,90,3,5069,4,4,5,Champions,445
358,92,3,4943,4,4,5,Champions,445
359,76,3,5034,4,4,5,Champions,445
360,56,3,4959,5,4,5,Champions,545
361,38,3,5025,5,4,5,Champions,545
362,66,2,115,5,3,3,Potential Loyalists,533
363,127,2,77,4,3,2,Potential Loyalists,432
364,42,3,5035,5,4,5,Champions,545
365,34,3,4921,5,4,5,Champions,545
366,38,3,5024,5,4,5,Champions,545
367,167,2,77,3,3,2,Potential Loyalists,332
368,65,2,86,5,3,2,Potential Loyalists,532
369,59,3,5105,5,4,5,Champions,545
370,33,2,119,5,3,3,Potential Loyalists,533
371,120,2,80,4,3,2,Potential Loyalists,432
372,32,2,75,5,3,2,Potential Loyalists,532
373,46,3,4965,5,4,5,Champions,545
374,155,1,38,3,1,1,Needs Attention,311
375,289,1,69,1,1,2,Hibernating,112
376,104,1,14,4,1,1,New Customers,411
377,106,1,78,4,1,2,New Customers,412
378,335,1,84,1,1,2,Hibernating,112
379,349,2,4436,1,3,5,At Risk (high value),135
380,337,2,4426,1,3,5,At Risk (high value),135
381,360,2,5838,1,3,5,At Risk (high value),135
382,164,3,8161,3,4,5,Loyal,345
383,347,2,4344,1,3,5,At Risk (high value),135
384,28,1,49,5,1,2,New Customers,512
385,180,1,49,3,1,2,Needs Attention,312
386,207,1,14,2,1,1,Hibernating,211
387,88,1,69,4,1,2,New Customers,412
388,303,3,6959,1,4,5,Loyal,145
389,278,3,6987,2,4,5,Loyal,245
390,73,1,69,5,1,2,New Customers,512
391,83,1,49,4,1,2,New Customers,412
392,95,1,34,4,1,1,New Customers,411
393,306,1,29,1,1,1,Hibernating,111
394,197,1,14,3,1,1,Needs Attention,311
395,180,3,8162,3,4,5,Loyal,345
396,343,2,5730,1,3,5,At Risk (high value),135
397,95,1,29,4,1,1,New Customers,411
398,206,1,38,3,1,1,Needs Attention,311
399,180,3,8114,3,4,5,Loyal,345
400,291,1,14,1,1,1,Hibernating,111
401,194,3,6968,3,4,5,Loyal,345
402,327,3,5020,1,4,5,Loyal,145
403,302,3,5059,1,4,5,Loyal,145
404,246,3,5032,2,4,5,Loyal,245
405,353,1,34,1,1,1,Hibernating,111
406,304,1,54,1,1,2,Hibernating,112
407,354,2,4415,1,3,5,At Risk (high value),135
408,220,1,54,2,1,2,Hibernating,212
409,330,1,34,1,1,1,Hibernating,111
410,366,2,4444,1,3,5,At Risk (high value),135
411,359,2,4464,1,3,5,At Risk (high value),135
412,178,1,38,3,1,1,Needs Attention,311
413,110,4,9880,4,5,5,Champions,455
414,146,4,7190,3,5,5,Loyal,355
415,136,4,7191,3,5,5,Loyal,355
416,166,1,14,3,1,1,Needs Attention,311
417,269,3,4928,2,4,5,Loyal,245
418,45,7,11248,5,5,5,Champions,555
419,43,1,40,5,1,1,New Customers,511
420,216,2,231,2,3,3,Hibernating,233
421,61,7,11200,5,5,5,Champions,555
422,112,4,9780,4,5,5,Champions,455
423,87,4,7075,4,5,5,Champions,455
424,101,4,9905,4,5,5,Champions,455
425,283,1,44,2,1,2,Hibernating,212
426,39,6,10528,5,5,5,Champions,555
427,295,1,35,1,1,1,Hibernating,111
428,101,4,9918,4,5,5,Champions,455
429,99,4,9954,4,5,5,Champions,455
430,36,6,10468,5,5,5,Champions,555
431,316,1,85,1,1,2,Hibernating,112
432,121,4,9913,4,5,5,Champions,455
433,35,6,9330,5,5,5,Champions,555
434,137,6,12914,3,5,5,Loyal,355
435,198,2,70,3,3,2,Potential Loyalists,332
436,25,1,35,5,1,1,New Customers,511
437,224,2,81,2,3,2,Hibernating,232
438,41,1,54,5,1,2,New Customers,512
439,358,1,35,1,1,1,Hibernating,111
440,101,6,12488,4,5,5,Champions,455
441,308,1,78,1,1,2,Hibernating,112
442,21,1,44,5,1,2,New Customers,512
443,122,1,35,4,1,1,New Customers,411
444,120,3,8235,4,4,5,Champions,445
445,241,3,8136,2,4,5,Loyal,245
446,215,3,8098,2,4,5,Loyal,245
447,222,3,8237,2,4,5,Loyal,245
448,243,3,8078,2,4,5,Loyal,245
449,222,3,8132,2,4,5,Loyal,245
450,219,3,8130,2,4,5,Loyal,245
451,226,3,8173,2,4,5,Loyal,245
452,238,3,8250,2,4,5,Loyal,245
453,231,3,8183,2,4,5,Loyal,245
454,224,3,8177,2,4,5,Loyal,245
455,225,3,8089,2,4,5,Loyal,245
456,243,3,8142,2,4,5,Loyal,245
457,243,3,8224,2,4,5,Loyal,245
458,242,3,8211,2,4,5,Loyal,245
459,11,3,97,5,4,3,Loyal,543
460,225,3,8141,2,4,5,Loyal,245
461,233,3,8137,2,4,5,Loyal,245
462,192,3,8089,3,4,5,Loyal,345
463,188,3,8116,3,4,5,Loyal,345
464,47,3,48,5,4,2,Potential Loyalists,542
465,212,3,8128,2,4,5,Loyal,245
466,200,3,8158,3,4,5,Loyal,345
467,161,3,90,3,4,2,Potential Loyalists,342
468,27,3,56,5,4,2,Potential Loyalists,542
469,161,3,6960,3,4,5,Loyal,345
470,173,1,25,3,1,1,Needs Attention,311
471,342,2,4344,1,3,5,At Risk (high value),135
472,257,1,54,2,1,2,Hibernating,212
473,95,3,8165,4,4,5,Champions,445
474,241,1,63,2,1,2,Hibernating,212
475,125,1,49,4,1,2,New Customers,412
476,281,1,69,2,1,2,Hibernating,212
477,89,1,54,4,1,2,New Customers,412
478,126,1,35,4,1,1,New Customers,411
479,285,1,54,2,1,2,Hibernating,212
480,250,3,4970,2,4,5,Loyal,245
481,188,3,4935,3,4,5,Loyal,345
482,283,3,4978,2,4,5,Loyal,245
483,141,3,8143,3,4,5,Loyal,345
484,194,3,4966,3,4,5,Loyal,345
485,305,3,4985,1,4,5,Loyal,145
486,139,3,7049,3,4,5,Loyal,345
487,66,1,35,5,1,1,New Customers,511
488,45,1,54,5,1,2,New Customers,512
489,152,3,8090,3,4,5,Loyal,345
490,123,3,8127,4,4,5,Champions,445
491,300,1,54,1,1,2,Hibernating,112
492,144,3,8158,3,4,5,Loyal,345
493,344,2,4404,1,3,5,At Risk (high value),135
494,139,3,6959,3,4,5,Loyal,345
495,121,3,6974,4,4,5,Champions,445
496,95,1,14,4,1,1,New Customers,411
497,85,3,7014,4,4,5,Champions,445
498,86,1,35,4,1,1,New Customers,411
499,20,16,560,5,5,3,Loyal,553
500,214,2,192,2,3,3,Hibernating,233
501,19,16,653,5,5,3,Loyal,553
502,7,16,871,5,5,3,Loyal,553
503,2,16,1020,5,5,3,Loyal,553
504,52,2,61,5,3,2,Potential Loyalists,532
505,271,2,44,2,3,2,Hibernating,232
506,36,16,845,5,5,3,Loyal,553
507,7,16,748,5,5,3,Loyal,553
508,9,16,651,5,5,3,Loyal,553
509,260,2,77,2,3,2,Hibernating,232
510,184,1,196,3,1,3,Needs Attention,313
511,34,5,257,5,5,3,Loyal,553
512,322,1,35,1,1,1,Hibernating,111
513,32,1,2320,5,1,4,New Customers,514
514,235,1,863,2,1,3,Hibernating,213
515,219,1,40,2,1,1,Hibernating,211
516,284,2,5930,2,3,5,At Risk (high value),235
517,227,2,5915,2,3,5,At Risk (high value),235
518,159,2,101,3,3,3,Potential Loyalists,333
519,79,2,82,4,3,2,Potential Loyalists,432
520,18,16,756,5,5,3,Loyal,553
521,10,16,822,5,5,3,Loyal,553
522,83,2,44,4,3,2,Potential Loyalists,432
523,362,2,5888,1,3,5,At Risk (high value),135
524,348,1,2377,1,1,4,At Risk (high value),114
525,104,2,42,4,3,2,Potential Loyalists,432
526,341,2,5935,1,3,5,At Risk (high value),135
527,360,1,2377,1,1,4,At Risk (high value),114
528,89,2,39,4,3,1,Potential Loyalists,431
529,344,2,5959,1,3,5,At Risk (high value),135
530,359,2,5944,1,3,5,At Risk (high value),135
531,30,16,572,5,5,3,Loyal,553
532,355,2,5875,1,3,5,At Risk (high value),135
533,33,2,44,5,3,2,Potential Loyalists,532
534,19,2,37,5,3,1,Potential Loyalists,531
535,349,2,5919,1,3,5,At Risk (high value),135
536,320,2,5919,1,3,5,At Risk (high value),135
537,314,2,5915,1,3,5,At Risk (high value),135
538,311,2,5873,1,3,5,At Risk (high value),135
539,334,2,5895,1,3,5,At Risk (high value),135
540,310,2,5997,1,3,5,At Risk (high value),135
541,314,2,5958,1,3,5,At Risk (high value),135
542,291,2,5973,1,3,5,At Risk (high value),135
543,263,1,34,2,1,1,Hibernating,211
544,39,1,54,5,1,2,New Customers,512
545,154,1,89,3,1,2,Needs Attention,312
546,200,1,54,3,1,2,Needs Attention,312
547,323,2,4460,1,3,5,At Risk (high value),135
548,185,3,4976,3,4,5,Loyal,345
549,79,3,7068,4,4,5,Champions,445
550,48,3,7024,5,4,5,Champions,545
551,319,3,5241,1,4,5,Loyal,145
552,334,1,54,1,1,2,Hibernating,112
553,23,1,35,5,1,1,New Customers,511
554,160,1,21,3,1,1,Needs Attention,311
555,266,1,35,2,1,1,Hibernating,211
556,266,1,35,2,1,1,Hibernating,211
557,39,1,21,5,1,1,New Customers,511
558,174,1,21,3,1,1,Needs Attention,311
559,60,1,21,5,1,1,New Customers,511
560,61,1,35,5,1,1,New Customers,511
561,57,1,54,5,1,2,New Customers,512
562,324,2,4344,1,3,5,At Risk (high value),135
563,217,1,85,2,1,2,Hibernating,212
564,208,1,54,2,1,2,Hibernating,212
565,317,2,4369,1,3,5,At Risk (high value),135
566,143,1,35,3,1,1,Needs Attention,311
567,22,25,1002,5,5,3,Loyal,553
568,320,1,54,1,1,2,Hibernating,112
569,131,3,6789,4,4,5,Champions,445
570,70,1,35,5,1,1,New Customers,511
571,321,2,4391,1,3,5,At Risk (high value),135
572,315,2,4390,1,3,5,At Risk (high value),135
573,327,2,4450,1,3,5,At Risk (high value),135
574,186,1,35,3,1,1,Needs Attention,311
575,320,1,35,1,1,1,Hibernating,111
576,135,3,6806,3,4,5,Loyal,345
577,312,2,4486,1,3,5,At Risk (high value),135
578,323,2,4344,1,3,5,At Risk (high value),135
579,323,2,4406,1,3,5,At Risk (high value),135
580,182,1,44,3,1,2,Needs Attention,312
581,288,1,35,2,1,1,Hibernating,211
582,68,5,237,5,5,3,Loyal,553
583,312,2,4379,1,3,5,At Risk (high value),135
584,296,2,4381,1,3,5,At Risk (high value),135
585,135,1,9,3,1,1,Needs Attention,311
586,19,1,50,5,1,2,New Customers,512
587,93,1,9,4,1,1,New Customers,411
588,295,2,4540,1,3,5,At Risk (high value),135
589,262,2,4369,2,3,5,At Risk (high value),235
590,239,1,15,2,1,1,Hibernating,211
591,251,2,4384,2,3,5,At Risk (high value),235
592,251,2,5895,2,3,5,At Risk (high value),235
593,262,2,5875,2,3,5,At Risk (high value),235
594,224,2,5908,2,3,5,At Risk (high value),235
595,165,1,89,3,1,2,Needs Attention,312
596,30,1,35,5,1,1,New Customers,511
597,120,1,50,4,1,2,New Customers,412
598,24,1,35,5,1,1,New Customers,511
599,311,2,4548,1,3,5,At Risk (high value),135
600,231,2,5957,2,3,5,At Risk (high value),235
601,268,1,35,2,1,1,Hibernating,211
602,236,2,5932,2,3,5,At Risk (high value),235
603,203,1,35,3,1,1,Needs Attention,311
604,113,3,6767,4,4,5,Champions,445
605,105,3,6786,4,4,5,Champions,445
606,335,2,4344,1,3,5,At Risk (high value),135
607,215,2,5922,2,3,5,At Risk (high value),235
608,233,2,5913,2,3,5,At Risk (high value),235
609,47,1,35,5,1,1,New Customers,511
610,67,3,6872,5,4,5,Champions,545
611,89,3,6786,4,4,5,Champions,445
612,214,2,5873,2,3,5,At Risk (high value),235
613,72,3,6795,5,4,5,Champions,545
614,280,2,4381,2,3,5,At Risk (high value),235
615,299,2,4438,1,3,5,At Risk (high value),135
616,291,3,5205,1,4,5,Loyal,145
617,289,3,5253,1,4,5,Loyal,145
618,297,2,5935,1,3,5,At Risk (high value),135
619,354,1,2370,1,1,4,At Risk (high value),114
620,58,16,633,5,5,3,Loyal,553
621,186,2,44,3,3,2,Potential Loyalists,332
622,91,2,123,4,3,3,Potential Loyalists,433
623,228,2,133,2,3,3,Hibernating,233
624,278,2,5948,2,3,5,At Risk (high value),235
625,280,2,5898,2,3,5,At Risk (high value),235
626,281,2,5913,2,3,5,At Risk (high value),235
627,297,2,5959,1,3,5,At Risk (high value),135
628,81,2,50,4,3,2,Potential Loyalists,432
629,304,2,5875,1,3,5,At Risk (high value),135
630,286,2,5930,2,3,5,At Risk (high value),235
631,277,2,5933,2,3,5,At Risk (high value),235
632,35,16,706,5,5,3,Loyal,553
633,26,16,1001,5,5,3,Loyal,553
634,15,2,77,5,3,2,Potential Loyalists,532
635,278,2,39,2,3,1,Hibernating,231
636,130,2,42,4,3,2,Potential Loyalists,432
637,11,2,77,5,3,2,Potential Loyalists,532
638,348,2,39,1,3,1,Hibernating,131
639,102,2,77,4,3,2,Potential Loyalists,432
640,21,2,127,5,3,3,Potential Loyalists,533
641,31,5,408,5,5,3,Loyal,553
642,164,5,302,3,5,3,Loyal,353
643,5,5,481,5,5,3,Loyal,553
644,209,2,100,2,3,3,Hibernating,233
645,24,2,42,5,3,2,Potential Loyalists,532
646,26,2,153,5,3,3,Potential Loyalists,533
647,188,2,113,3,3,3,Potential Loyalists,333
648,348,1,2366,1,1,4,At Risk (high value),114
649,149,2,89,3,3,2,Potential Loyalists,332
650,281,2,91,2,3,2,Hibernating,232
651,43,2,129,5,3,3,Potential Loyalists,533
652,103,5,226,4,5,3,Loyal,453
653,42,5,310,5,5,3,Loyal,553
654,109,2,179,4,3,3,Potential Loyalists,433
655,280,2,5955,2,3,5,At Risk (high value),235
656,58,2,50,5,3,2,Potential Loyalists,532
657,17,2,77,5,3,2,Potential Loyalists,532
658,1,2,179,5,3,3,Potential Loyalists,533
659,189,2,112,3,3,3,Potential Loyalists,333
660,23,5,234,5,5,3,Loyal,553
661,166,5,323,3,5,3,Loyal,353
662,46,5,287,5,5,3,Loyal,553
663,207,2,100,2,3,3,Hibernating,233
664,348,2,5948,1,3,5,At Risk (high value),135
665,342,2,5948,1,3,5,At Risk (high value),135
666,349,2,5930,1,3,5,At Risk (high value),135
667,356,2,5948,1,3,5,At Risk (high value),135
668,41,2,91,5,3,2,Potential Loyalists,532
669,25,2,129,5,3,3,Potential Loyalists,533
670,163,2,113,3,3,3,Potential Loyalists,333
671,133,2,100,4,3,3,Potential Loyalists,433
672,296,2,5970,1,3,5,At Risk (high value),135
673,133,2,113,4,3,3,Potential Loyalists,433
674,332,2,192,1,3,3,Hibernating,133
675,164,2,96,3,3,3,Potential Loyalists,333
676,354,2,5898,1,3,5,At Risk (high value),135
677,51,2,91,5,3,2,Potential Loyalists,532
678,60,5,297,5,5,3,Loyal,553
679,358,2,5900,1,3,5,At Risk (high value),135
680,61,2,146,5,3,3,Potential Loyalists,533
681,10,2,94,5,3,3,Potential Loyalists,533
682,65,2,138,5,3,3,Potential Loyalists,533
683,51,2,253,5,3,3,Potential Loyalists,533
684,356,2,5897,1,3,5,At Risk (high value),135
685,48,2,94,5,3,3,Potential Loyalists,533
686,47,2,111,5,3,3,Potential Loyalists,533
687,280,2,129,2,3,3,Hibernating,233
688,222,2,98,2,3,3,Hibernating,233
689,349,2,5967,1,3,5,At Risk (high value),135
690,149,2,89,3,3,2,Potential Loyalists,332
691,278,2,5904,2,3,5,At Risk (high value),235
692,255,2,120,2,3,3,Hibernating,233
693,11,2,94,5,3,3,Potential Loyalists,533
694,366,1,2295,1,1,4,At Risk (high value),114
695,123,2,129,4,3,3,Potential Loyalists,433
696,163,2,129,3,3,3,Potential Loyalists,333
697,275,2,5873,2,3,5,At Risk (high value),235
698,117,2,153,4,3,3,Potential Loyalists,433
699,15,5,255,5,5,3,Loyal,553
700,173,2,122,3,3,3,Potential Loyalists,333
701,234,2,138,2,3,3,Hibernating,233
702,270,2,129,2,3,3,Hibernating,233
703,76,2,96,4,3,3,Potential Loyalists,433
704,74,2,100,4,3,3,Potential Loyalists,433
705,196,2,94,3,3,3,Potential Loyalists,333
706,247,2,5940,2,3,5,At Risk (high value),235
707,117,2,89,4,3,2,Potential Loyalists,432
708,250,2,6025,2,3,5,At Risk (high value),235
709,246,2,5908,2,3,5,At Risk (high value),235
710,107,5,325,4,5,3,Loyal,453
711,48,2,98,5,3,3,Potential Loyalists,533
712,3,27,1104,5,5,3,Loyal,553
713,92,5,128,4,5,3,Loyal,453
714,69,2,192,5,3,3,Potential Loyalists,533
715,260,2,94,2,3,3,Hibernating,233
716,30,2,144,5,3,3,Potential Loyalists,533
717,16,2,96,5,3,3,Potential Loyalists,533
718,32,2,193,5,3,3,Potential Loyalists,533
719,314,2,100,1,3,3,Hibernating,133
720,131,5,286,4,5,3,Loyal,453
721,189,2,118,3,3,3,Potential Loyalists,333
722,104,2,105,4,3,3,Potential Loyalists,433
723,81,2,153,4,3,3,Potential Loyalists,433
724,26,5,193,5,5,3,Loyal,553
725,46,5,210,5,5,3,Loyal,553
726,272,2,124,2,3,3,Hibernating,233
727,53,2,224,5,3,3,Potential Loyalists,533
728,270,2,5962,2,3,5,At Risk (high value),235
729,84,2,110,4,3,3,Potential Loyalists,433
730,18,2,160,5,3,3,Potential Loyalists,533
731,21,2,134,5,3,3,Potential Loyalists,533
732,178,2,121,3,3,3,Potential Loyalists,333
733,167,2,174,3,3,3,Potential Loyalists,333
734,22,2,195,5,3,3,Potential Loyalists,533
735,206,2,136,3,3,3,Potential Loyalists,333
736,38,2,110,5,3,3,Potential Loyalists,533
737,56,2,166,5,3,3,Potential Loyalists,533
738,196,2,77,3,3,2,Potential Loyalists,332
739,33,5,330,5,5,3,Loyal,553
740,288,2,4758,2,3,5,At Risk (high value),235
741,11,5,384,5,5,3,Loyal,553
742,343,2,6079,1,3,5,At Risk (high value),135
743,252,2,5915,2,3,5,At Risk (high value),235
744,258,2,5898,2,3,5,At Risk (high value),235
745,155,2,72,3,3,2,Potential Loyalists,332
746,270,2,5948,2,3,5,At Risk (high value),235
747,81,2,77,4,3,2,Potential Loyalists,432
748,108,2,116,4,3,3,Potential Loyalists,433
749,89,5,132,4,5,3,Loyal,453
750,29,3,48,5,4,2,Potential Loyalists,542
751,120,3,8148,4,4,5,Champions,445
752,196,3,8215,3,4,5,Loyal,345
753,54,3,138,5,4,3,Loyal,543
754,106,3,48,4,4,2,Potential Loyalists,442
755,183,3,8163,3,4,5,Loyal,345
756,165,3,46,3,4,2,Potential Loyalists,342
757,96,3,8078,4,4,5,Champions,445
758,63,3,57,5,4,2,Potential Loyalists,542
759,66,3,57,5,4,2,Potential Loyalists,542
760,204,3,8054,3,4,5,Loyal,345
761,71,3,275,5,4,3,Loyal,543
762,184,3,8149,3,4,5,Loyal,345
763,207,3,8228,2,4,5,Loyal,245
764,78,3,76,4,4,2,Potential Loyalists,442
765,206,3,8129,3,4,5,Loyal,345
766,187,3,8143,3,4,5,Loyal,345
767,203,3,8280,3,4,5,Loyal,345
768,201,3,8319,3,4,5,Loyal,345
769,199,3,8139,3,4,5,Loyal,345
770,133,5,478,4,5,3,Loyal,453
771,100,2,77,4,3,2,Potential Loyalists,432
772,189,2,94,3,3,3,Potential Loyalists,333
773,259,2,5913,2,3,5,At Risk (high value),235
774,274,2,5984,2,3,5,At Risk (high value),235
775,230,2,5900,2,3,5,At Risk (high value),235
776,240,2,5913,2,3,5,At Risk (high value),235
777,240,2,6079,2,3,5,At Risk (high value),235
778,221,2,5915,2,3,5,At Risk (high value),235
779,214,2,5873,2,3,5,At Risk (high value),235
780,220,2,5873,2,3,5,At Risk (high value),235
781,225,2,5973,2,3,5,At Risk (high value),235
782,51,2,134,5,3,3,Potential Loyalists,533
783,135,2,151,3,3,3,Potential Loyalists,333
784,263,2,110,2,3,3,Hibernating,233
785,43,5,272,5,5,3,Loyal,553
786,151,2,75,3,3,2,Potential Loyalists,332
787,6,2,127,5,3,3,Potential Loyalists,533
788,85,2,110,4,3,3,Potential Loyalists,433
789,162,2,255,3,3,3,Potential Loyalists,333
790,276,2,72,2,3,2,Hibernating,232
791,252,2,147,2,3,3,Hibernating,233
792,59,2,120,5,3,3,Potential Loyalists,533
793,213,2,120,2,3,3,Hibernating,233
794,353,2,102,1,3,3,Hibernating,133
795,1,2,77,5,3,2,Potential Loyalists,532
796,65,2,75,5,3,2,Potential Loyalists,532
797,244,2,5995,2,3,5,At Risk (high value),235
798,214,2,5972,2,3,5,At Risk (high value),235
799,232,2,5953,2,3,5,At Risk (high value),235
800,234,2,5921,2,3,5,At Risk (high value),235
801,169,2,77,3,3,2,Potential Loyalists,332
802,29,2,87,5,3,2,Potential Loyalists,532
803,59,5,214,5,5,3,Loyal,553
804,67,2,230,5,3,3,Potential Loyalists,533
805,170,2,134,3,3,3,Potential Loyalists,333
806,85,2,129,4,3,3,Potential Loyalists,433
807,118,2,96,4,3,3,Potential Loyalists,433
808,139,2,153,3,3,3,Potential Loyalists,333
809,96,5,609,4,5,3,Loyal,453
810,233,2,5929,2,3,5,At Risk (high value),235
811,219,2,5973,2,3,5,At Risk (high value),235
812,226,2,5898,2,3,5,At Risk (high value),235
813,225,2,5900,2,3,5,At Risk (high value),235
814,215,2,5953,2,3,5,At Risk (high value),235
815,143,2,101,3,3,3,Potential Loyalists,333
816,339,2,5948,1,3,5,At Risk (high value),135
817,343,2,5933,1,3,5,At Risk (high value),135
818,351,2,5898,1,3,5,At Risk (high value),135
819,364,2,5954,1,3,5,At Risk (high value),135
820,13,2,96,5,3,3,Potential Loyalists,533
821,54,5,232,5,5,3,Loyal,553
822,148,2,151,3,3,3,Potential Loyalists,333
823,156,2,87,3,3,2,Potential Loyalists,332
824,6,5,263,5,5,3,Loyal,553
825,20,5,240,5,5,3,Loyal,553
826,351,2,5900,1,3,5,At Risk (high value),135
827,348,2,5898,1,3,5,At Risk (high value),135
828,51,5,511,5,5,3,Loyal,553
829,285,2,94,2,3,3,Hibernating,233
830,222,2,131,2,3,3,Hibernating,233
831,364,2,5930,1,3,5,At Risk (high value),135
832,353,2,5933,1,3,5,At Risk (high value),135
833,142,2,125,3,3,3,Potential Loyalists,333
834,62,5,240,5,5,3,Loyal,553
835,350,2,5908,1,3,5,At Risk (high value),135
836,256,2,4772,2,3,5,At Risk (high value),235
837,282,2,70,2,3,2,Hibernating,232
838,343,2,5923,1,3,5,At Risk (high value),135
839,154,2,135,3,3,3,Potential Loyalists,333
840,231,2,5955,2,3,5,At Risk (high value),235
841,270,2,87,2,3,2,Hibernating,232
842,84,5,307,4,5,3,Loyal,453
843,56,2,99,5,3,3,Potential Loyalists,533
844,327,2,116,1,3,3,Hibernating,133
845,18,2,125,5,3,3,Potential Loyalists,533
846,51,4,197,5,5,3,Loyal,553
847,203,2,85,3,3,2,Potential Loyalists,332
848,75,2,125,4,3,3,Potential Loyalists,433
849,54,2,92,5,3,2,Potential Loyalists,532
850,18,2,258,5,3,3,Potential Loyalists,533
851,240,2,149,2,3,3,Hibernating,233
852,55,2,85,5,3,2,Potential Loyalists,532
853,149,2,125,3,3,3,Potential Loyalists,333
854,223,2,90,2,3,2,Hibernating,232
855,228,2,5985,2,3,5,At Risk (high value),235
856,140,2,90,3,3,2,Potential Loyalists,332
857,29,2,134,5,3,3,Potential Loyalists,533
858,55,2,125,5,3,3,Potential Loyalists,533
859,201,2,85,3,3,2,Potential Loyalists,332
860,59,2,72,5,3,2,Potential Loyalists,532
861,78,2,70,4,3,2,Potential Loyalists,432
862,38,5,287,5,5,3,Loyal,553
863,98,2,209,4,3,3,Potential Loyalists,433
864,147,2,48,3,3,2,Potential Loyalists,332
865,237,2,48,2,3,2,Hibernating,232
866,115,2,115,4,3,3,Potential Loyalists,433
867,277,2,43,2,3,2,Hibernating,232
868,98,2,83,4,3,2,Potential Loyalists,432
869,43,5,248,5,5,3,Loyal,553
870,13,5,268,5,5,3,Loyal,553
871,12,2,242,5,3,3,Potential Loyalists,533
872,245,2,70,2,3,2,Hibernating,232
873,218,2,5948,2,3,5,At Risk (high value),235
874,237,2,5923,2,3,5,At Risk (high value),235
875,11,2,72,5,3,2,Potential Loyalists,532
876,2,5,292,5,5,3,Loyal,553
877,127,2,83,4,3,2,Potential Loyalists,432
878,32,2,43,5,3,2,Potential Loyalists,532
879,48,2,83,5,3,2,Potential Loyalists,532
880,88,2,107,4,3,3,Potential Loyalists,433
881,87,2,50,4,3,2,Potential Loyalists,432
882,43,2,149,5,3,3,Potential Loyalists,533
883,201,2,48,3,3,2,Potential Loyalists,332
884,76,2,77,4,3,2,Potential Loyalists,432
885,31,2,110,5,3,3,Potential Loyalists,533
886,359,2,5900,1,3,5,At Risk (high value),135
887,226,2,5897,2,3,5,At Risk (high value),235
888,216,2,83,2,3,2,Hibernating,232
889,317,1,2377,1,1,4,At Risk (high value),114
890,331,2,50,1,3,2,Hibernating,132
891,208,2,130,2,3,3,Hibernating,233
892,213,2,110,2,3,3,Hibernating,233
893,191,3,8119,3,4,5,Loyal,345
894,190,3,8123,3,4,5,Loyal,345
895,207,3,8223,2,4,5,Loyal,245
896,188,3,8149,3,4,5,Loyal,345
897,202,3,8118,3,4,5,Loyal,345
898,107,3,8203,4,4,5,Champions,445
899,190,3,8179,3,4,5,Loyal,345
900,205,3,8189,3,4,5,Loyal,345
901,202,3,8257,3,4,5,Loyal,345
902,81,3,8248,4,4,5,Champions,445
903,31,3,62,5,4,2,Potential Loyalists,542
904,200,3,8108,3,4,5,Loyal,345
905,212,3,8214,2,4,5,Loyal,245
906,207,3,8156,2,4,5,Loyal,245
907,201,3,8151,3,4,5,Loyal,345
908,193,3,8135,3,4,5,Loyal,345
909,159,3,8079,3,4,5,Loyal,345
910,181,3,8105,3,4,5,Loyal,345
911,179,3,8113,3,4,5,Loyal,345
912,39,3,62,5,4,2,Potential Loyalists,542
913,68,3,8095,5,4,5,Champions,545
914,34,3,41,5,4,2,Potential Loyalists,542
915,159,3,8166,3,4,5,Loyal,345
916,158,3,8143,3,4,5,Loyal,345
917,161,3,8179,3,4,5,Loyal,345
918,163,3,8121,3,4,5,Loyal,345
919,65,3,8205,5,4,5,Champions,545
920,39,3,8172,5,4,5,Champions,545
921,49,3,8156,5,4,5,Champions,545
922,67,3,63,5,4,2,Potential Loyalists,542
923,98,5,276,4,5,3,Loyal,453
924,20,2,43,5,3,2,Potential Loyalists,532
925,224,2,5897,2,3,5,At Risk (high value),235
926,224,2,5968,2,3,5,At Risk (high value),235
927,225,2,48,2,3,2,Hibernating,232
928,1,2,52,5,3,2,Potential Loyalists,532
929,47,2,48,5,3,2,Potential Loyalists,532
930,43,3,4965,5,4,5,Champions,545
931,44,3,5035,5,4,5,Champions,545
932,87,2,234,4,3,3,Potential Loyalists,433
933,188,2,136,3,3,3,Potential Loyalists,333
934,216,2,5933,2,3,5,At Risk (high value),235
935,233,2,5994,2,3,5,At Risk (high value),235
936,237,1,35,2,1,1,Hibernating,211
937,299,1,42,1,1,2,Hibernating,112
938,211,2,5888,2,3,5,At Risk (high value),235
939,20,2,43,5,3,2,Potential Loyalists,532
940,224,2,5977,2,3,5,At Risk (high value),235
941,35,2,70,5,3,2,Potential Loyalists,532
942,88,2,109,4,3,3,Potential Loyalists,433
943,41,3,4827,5,4,5,Champions,545
944,47,3,4734,5,4,5,Champions,545
945,40,3,4776,5,4,5,Champions,545
946,123,2,5910,4,3,5,Potential Loyalists,435
947,38,3,4697,5,4,5,Champions,545
948,33,3,4747,5,4,5,Champions,545
949,115,2,82,4,3,2,Potential Loyalists,432
950,127,2,70,4,3,2,Potential Loyalists,432
951,83,2,110,4,3,3,Potential Loyalists,433
952,78,3,63,4,4,2,Potential Loyalists,442
953,175,3,8169,3,4,5,Loyal,345
954,135,2,65,3,3,2,Potential Loyalists,332
955,225,2,5910,2,3,5,At Risk (high value),235
956,215,2,5953,2,3,5,At Risk (high value),235
957,242,2,5873,2,3,5,At Risk (high value),235
958,21,2,91,5,3,2,Potential Loyalists,532
959,80,2,160,4,3,3,Potential Loyalists,433
960,80,2,139,4,3,3,Potential Loyalists,433
961,185,2,75,3,3,2,Potential Loyalists,332
962,113,2,72,4,3,2,Potential Loyalists,432
963,166,2,103,3,3,3,Potential Loyalists,333
964,159,3,8068,3,4,5,Loyal,345
965,173,3,8173,3,4,5,Loyal,345
966,59,3,118,5,4,3,Loyal,543
967,42,3,55,5,4,2,Potential Loyalists,542
968,175,3,8153,3,4,5,Loyal,345
969,165,3,8079,3,4,5,Loyal,345
970,166,3,8173,3,4,5,Loyal,345
971,130,2,110,4,3,3,Potential Loyalists,433
972,65,2,134,5,3,3,Potential Loyalists,533
973,38,2,65,5,3,2,Potential Loyalists,532
974,325,2,89,1,3,2,Hibernating,132
975,55,2,113,5,3,3,Potential Loyalists,533
976,107,2,209,4,3,3,Potential Loyalists,433
977,157,3,8087,3,4,5,Loyal,345
978,167,3,8213,3,4,5,Loyal,345
979,77,2,75,4,3,2,Potential Loyalists,432
980,266,2,4814,2,3,5,At Risk (high value),235
981,62,2,108,5,3,3,Potential Loyalists,533
982,1,2,120,5,3,3,Potential Loyalists,533
983,119,2,105,4,3,3,Potential Loyalists,433
984,342,2,5873,1,3,5,At Risk (high value),135
985,268,2,4730,2,3,5,At Risk (high value),235
986,24,2,90,5,3,2,Potential Loyalists,532
987,155,3,8245,3,4,5,Loyal,345
988,80,3,278,4,4,3,Loyal,443
989,176,3,8078,3,4,5,Loyal,345
990,176,3,8140,3,4,5,Loyal,345
991,160,3,8164,3,4,5,Loyal,345
992,41,3,8128,5,4,5,Champions,545
993,49,3,8123,5,4,5,Champions,545
994,37,3,8131,5,4,5,Champions,545
995,159,3,8169,3,4,5,Loyal,345
996,50,3,8249,5,4,5,Champions,545
997,180,3,7059,3,4,5,Loyal,345
998,168,3,7030,3,4,5,Loyal,345
999,154,3,6962,3,4,5,Loyal,345
1000,180,3,7043,3,4,5,Loyal,345
1001,167,3,8183,3,4,5,Loyal,345
1002,168,3,8113,3,4,5,Loyal,345
1003,179,3,8145,3,4,5,Loyal,345
1004,172,3,8256,3,4,5,Loyal,345
1005,174,3,8114,3,4,5,Loyal,345
1006,165,3,6985,3,4,5,Loyal,345
1007,184,3,144,3,4,3,Loyal,343
1008,130,3,7024,4,4,5,Champions,445
1009,9,3,79,5,4,2,Potential Loyalists,542
1010,169,3,8195,3,4,5,Loyal,345
1011,176,3,8203,3,4,5,Loyal,345
1012,45,3,4736,5,4,5,Champions,545
1013,170,3,74,3,4,2,Potential Loyalists,342
1014,326,2,3950,1,3,5,At Risk (high value),135
1015,245,2,3950,2,3,5,At Risk (high value),235
1016,282,1,62,2,1,2,Hibernating,212
1017,242,2,5913,2,3,5,At Risk (high value),235
1018,315,1,2340,1,1,4,At Risk (high value),114
1019,127,2,6012,4,3,5,Potential Loyalists,435
1020,126,1,75,4,1,2,New Customers,412
1021,109,1,804,4,1,3,New Customers,413
1022,261,2,4044,2,3,5,At Risk (high value),235
1023,149,2,136,3,3,3,Potential Loyalists,333
1024,118,2,5933,4,3,5,Potential Loyalists,435
1025,165,2,84,3,3,2,Potential Loyalists,332
1026,230,2,5910,2,3,5,At Risk (high value),235
1027,242,2,5977,2,3,5,At Risk (high value),235
1028,187,2,5913,3,3,5,Potential Loyalists,335
1029,125,1,40,4,1,1,New Customers,411
1030,180,1,55,3,1,2,Needs Attention,312
1031,187,2,5970,3,3,5,Potential Loyalists,335
1032,84,1,769,4,1,3,New Customers,413
1033,343,1,615,1,1,3,Hibernating,113
1034,200,2,5949,3,3,5,Potential Loyalists,335
1035,9,3,74,5,4,2,Potential Loyalists,542
1036,260,3,81,2,4,2,Hibernating,242
1037,113,3,69,4,4,2,Potential Loyalists,442
1038,142,3,7107,3,4,5,Loyal,345
1039,3,3,91,5,4,2,Potential Loyalists,542
1040,176,3,8212,3,4,5,Loyal,345
1041,23,2,51,5,3,2,Potential Loyalists,532
1042,212,2,5998,2,3,5,At Risk (high value),235
1043,201,2,5975,3,3,5,Potential Loyalists,335
1044,47,2,104,5,3,3,Potential Loyalists,533
1045,59,2,106,5,3,3,Potential Loyalists,533
1046,88,2,66,4,3,2,Potential Loyalists,432
1047,286,2,44,2,3,2,Hibernating,232
1048,104,2,44,4,3,2,Potential Loyalists,432
1049,64,2,134,5,3,3,Potential Loyalists,533
1050,81,2,171,4,3,3,Potential Loyalists,433
1051,357,2,6024,1,3,5,At Risk (high value),135
1052,243,2,90,2,3,2,Hibernating,232
1053,354,2,5935,1,3,5,At Risk (high value),135
1054,364,2,5973,1,3,5,At Risk (high value),135
1055,43,5,403,5,5,3,Loyal,553
1056,13,4,104,5,5,3,Loyal,553
1057,26,4,254,5,5,3,Loyal,553
1058,206,2,87,3,3,2,Potential Loyalists,332
1059,360,2,5936,1,3,5,At Risk (high value),135
1060,341,2,5930,1,3,5,At Risk (high value),135
1061,218,2,4812,2,3,5,At Risk (high value),235
1062,122,4,140,4,5,3,Loyal,453
1063,16,2,87,5,3,2,Potential Loyalists,532
1064,77,2,85,4,3,2,Potential Loyalists,432
1065,62,2,122,5,3,3,Potential Loyalists,533
1066,303,2,92,1,3,2,Hibernating,132
1067,133,2,85,4,3,2,Potential Loyalists,432
1068,187,2,134,3,3,3,Potential Loyalists,333
1069,64,2,94,5,3,3,Potential Loyalists,533
1070,336,2,5897,1,3,5,At Risk (high value),135
1071,34,2,85,5,3,2,Potential Loyalists,532
1072,346,2,5973,1,3,5,At Risk (high value),135
1073,323,2,5951,1,3,5,At Risk (high value),135
1074,279,2,134,2,3,3,Hibernating,233
1075,95,4,261,4,5,3,Loyal,453
1076,188,2,5933,3,3,5,Potential Loyalists,335
1077,320,2,5873,1,3,5,At Risk (high value),135
1078,11,4,174,5,5,3,Loyal,553
1079,209,2,5975,2,3,5,At Risk (high value),235
1080,211,2,6008,2,3,5,At Risk (high value),235
1081,304,1,2355,1,1,4,At Risk (high value),114
1082,266,1,2367,2,1,4,At Risk (high value),214
1083,310,2,5913,1,3,5,At Risk (high value),135
1084,333,2,5993,1,3,5,At Risk (high value),135
1085,194,2,5985,3,3,5,Potential Loyalists,335
1086,158,2,108,3,3,3,Potential Loyalists,333
1087,260,1,2295,2,1,4,At Risk (high value),214
1088,14,2,92,5,3,2,Potential Loyalists,532
1089,4,2,171,5,3,3,Potential Loyalists,533
1090,224,2,4710,2,3,5,At Risk (high value),235
1091,266,1,2351,2,1,4,At Risk (high value),214
1092,149,2,84,3,3,2,Potential Loyalists,332
1093,240,2,51,2,3,2,Hibernating,232
1094,7,2,46,5,3,2,Potential Loyalists,532
1095,188,2,5962,3,3,5,Potential Loyalists,335
1096,179,2,57,3,3,2,Potential Loyalists,332
1097,193,2,5900,3,3,5,Potential Loyalists,335
1098,10,4,238,5,5,3,Loyal,553
1099,49,2,84,5,3,2,Potential Loyalists,532
1100,85,2,44,4,3,2,Potential Loyalists,432
1101,134,2,130,3,3,3,Potential Loyalists,333
1102,237,2,92,2,3,2,Hibernating,232
1103,335,2,5903,1,3,5,At Risk (high value),135
1104,314,2,5997,1,3,5,At Risk (high value),135
1105,327,2,5908,1,3,5,At Risk (high value),135
1106,331,2,5993,1,3,5,At Risk (high value),135
1107,109,4,169,4,5,3,Loyal,453
1108,184,4,222,3,5,3,Loyal,353
1109,205,2,5946,3,3,5,Potential Loyalists,335
1110,200,2,5930,3,3,5,Potential Loyalists,335
1111,186,2,5888,3,3,5,Potential Loyalists,335
1112,128,2,195,4,3,3,Potential Loyalists,433
1113,317,2,5930,1,3,5,At Risk (high value),135
1114,242,2,4737,2,3,5,At Risk (high value),235
1115,215,2,4719,2,3,5,At Risk (high value),235
1116,222,2,90,2,3,2,Hibernating,232
1117,313,2,5933,1,3,5,At Risk (high value),135
1118,42,2,160,5,3,3,Potential Loyalists,533
1119,185,2,6004,3,3,5,Potential Loyalists,335
1120,85,2,162,4,3,3,Potential Loyalists,433
1121,184,2,5908,3,3,5,Potential Loyalists,335
1122,184,2,5946,3,3,5,Potential Loyalists,335
1123,232,2,4814,2,3,5,At Risk (high value),235
1124,70,4,5837,5,5,5,Champions,555
1125,114,5,13195,4,5,5,Champions,455
1126,73,4,8595,5,5,5,Champions,555
1127,167,2,81,3,3,2,Potential Loyalists,332
1128,80,1,35,4,1,1,New Customers,411
1129,56,4,8681,5,5,5,Champions,555
1130,35,4,8557,5,5,5,Champions,555
1131,76,4,7987,4,5,5,Champions,455
1132,111,5,13265,4,5,5,Champions,455
1133,104,5,13294,4,5,5,Champions,455
1134,59,4,5830,5,5,5,Champions,555
1135,112,2,97,4,3,3,Potential Loyalists,433
1136,212,2,85,2,3,2,Hibernating,232
1137,6,4,181,5,5,3,Loyal,553
1138,263,2,92,2,3,2,Hibernating,232
1139,151,2,120,3,3,3,Potential Loyalists,333
1140,40,2,103,5,3,3,Potential Loyalists,533
1141,92,4,118,4,5,3,Loyal,453
1142,325,2,5979,1,3,5,At Risk (high value),135
1143,333,2,5945,1,3,5,At Risk (high value),135
1144,316,2,5993,1,3,5,At Risk (high value),135
1145,85,2,50,4,3,2,Potential Loyalists,432
1146,29,2,133,5,3,3,Potential Loyalists,533
1147,82,2,227,4,3,3,Potential Loyalists,433
1148,77,4,271,4,5,3,Loyal,453
1149,30,2,83,5,3,2,Potential Loyalists,532
1150,21,2,83,5,3,2,Potential Loyalists,532
1151,147,2,43,3,3,2,Potential Loyalists,332
1152,329,2,5895,1,3,5,At Risk (high value),135
1153,328,2,5937,1,3,5,At Risk (high value),135
1154,331,2,5938,1,3,5,At Risk (high value),135
1155,190,2,4798,3,3,5,Potential Loyalists,335
1156,309,2,5930,1,3,5,At Risk (high value),135
1157,331,2,5920,1,3,5,At Risk (high value),135
1158,61,2,43,5,3,2,Potential Loyalists,532
1159,48,4,202,5,5,3,Loyal,553
1160,14,4,259,5,5,3,Loyal,553
1161,327,2,5945,1,3,5,At Risk (high value),135
1162,65,2,207,5,3,3,Potential Loyalists,533
1163,310,2,5913,1,3,5,At Risk (high value),135
1164,331,2,5944,1,3,5,At Risk (high value),135
1165,334,2,5908,1,3,5,At Risk (high value),135
1166,208,4,280,2,5,3,Loyal,253
1167,79,4,162,4,5,3,Loyal,453
1168,322,2,5975,1,3,5,At Risk (high value),135
1169,159,2,73,3,3,2,Potential Loyalists,332
1170,317,2,5948,1,3,5,At Risk (high value),135
1171,327,2,5908,1,3,5,At Risk (high value),135
1172,328,2,5984,1,3,5,At Risk (high value),135
1173,317,2,5930,1,3,5,At Risk (high value),135
1174,330,2,5929,1,3,5,At Risk (high value),135
1175,313,2,5873,1,3,5,At Risk (high value),135
1176,70,2,155,5,3,3,Potential Loyalists,533
1177,15,2,162,5,3,3,Potential Loyalists,533
1178,195,2,4811,3,3,5,Potential Loyalists,335
1179,333,2,5933,1,3,5,At Risk (high value),135
1180,205,2,5913,3,3,5,Potential Loyalists,335
1181,209,2,5930,2,3,5,At Risk (high value),235
1182,323,2,5959,1,3,5,At Risk (high value),135
1183,99,4,87,4,5,2,Potential Loyalists,452
1184,204,4,229,3,5,3,Loyal,353
1185,317,2,5875,1,3,5,At Risk (high value),135
1186,289,2,50,1,3,2,Hibernating,132
1187,327,2,5913,1,3,5,At Risk (high value),135
1188,324,2,5908,1,3,5,At Risk (high value),135
1189,325,2,5933,1,3,5,At Risk (high value),135
1190,318,2,5950,1,3,5,At Risk (high value),135
1191,331,2,5890,1,3,5,At Risk (high value),135
1192,123,2,246,4,3,3,Potential Loyalists,433
1193,38,2,160,5,3,3,Potential Loyalists,533
1194,206,2,4833,3,3,5,Potential Loyalists,335
1195,265,2,83,2,3,2,Hibernating,232
1196,186,2,124,3,3,3,Potential Loyalists,333
1197,16,4,160,5,5,3,Loyal,553
1198,267,2,48,2,3,2,Hibernating,232
1199,204,2,5969,3,3,5,Potential Loyalists,335
1200,77,2,195,4,3,3,Potential Loyalists,433
1201,326,2,5935,1,3,5,At Risk (high value),135
1202,173,2,58,3,3,2,Potential Loyalists,332
1203,117,4,171,4,5,3,Loyal,453
1204,24,4,200,5,5,3,Loyal,553
1205,221,2,120,2,3,3,Hibernating,233
1206,30,2,51,5,3,2,Potential Loyalists,532
1207,327,2,5908,1,3,5,At Risk (high value),135
1208,293,2,5875,1,3,5,At Risk (high value),135
1209,288,2,5954,2,3,5,At Risk (high value),235
1210,283,2,5908,2,3,5,At Risk (high value),235
1211,79,3,6825,4,4,5,Champions,445
1212,198,2,5908,3,3,5,Potential Loyalists,335
1213,206,2,5898,3,3,5,Potential Loyalists,335
1214,303,2,4419,1,3,5,At Risk (high value),135
1215,43,3,6803,5,4,5,Champions,545
1216,39,3,6890,5,4,5,Champions,545
1217,43,3,6955,5,4,5,Champions,545
1218,206,2,5873,3,3,5,Potential Loyalists,335
1219,279,2,4472,2,3,5,At Risk (high value),235
1220,186,2,5967,3,3,5,Potential Loyalists,335
1221,184,2,5950,3,3,5,Potential Loyalists,335
1222,193,2,5968,3,3,5,Potential Loyalists,335
1223,53,3,6909,5,4,5,Champions,545
1224,174,1,35,3,1,1,Needs Attention,311
1225,75,1,85,4,1,2,New Customers,412
1226,259,2,4381,2,3,5,At Risk (high value),235
1227,272,2,4368,2,3,5,At Risk (high value),235
1228,275,1,44,2,1,2,Hibernating,212
1229,253,2,4401,2,3,5,At Risk (high value),235
1230,251,2,4415,2,3,5,At Risk (high value),235
1231,229,2,4401,2,3,5,At Risk (high value),235
1232,221,2,4354,2,3,5,At Risk (high value),235
1233,233,2,4376,2,3,5,At Risk (high value),235
1234,12,1,35,5,1,1,New Customers,511
1235,278,1,35,2,1,1,Hibernating,211
1236,207,2,62,2,3,2,Hibernating,232
1237,200,1,35,3,1,1,Needs Attention,311
1238,241,2,4470,2,3,5,At Risk (high value),235
1239,204,1,35,3,1,1,Needs Attention,311
1240,43,3,6901,5,4,5,Champions,545
1241,240,2,3965,2,3,5,At Risk (high value),235
1242,223,2,3989,2,3,5,At Risk (high value),235
1243,232,2,3949,2,3,5,At Risk (high value),235
1244,224,2,3915,2,3,5,At Risk (high value),235
1245,257,2,115,2,3,3,Hibernating,233
1246,230,2,3967,2,3,5,At Risk (high value),235
1247,227,2,3947,2,3,5,At Risk (high value),235
1248,271,2,77,2,3,2,Hibernating,232
1249,203,2,3940,3,3,5,Potential Loyalists,335
1250,100,2,115,4,3,3,Potential Loyalists,433
1251,203,2,3965,3,3,5,Potential Loyalists,335
1252,194,2,3925,3,3,5,Potential Loyalists,335
1253,188,2,3939,3,3,5,Potential Loyalists,335
1254,197,2,4067,3,3,5,Potential Loyalists,335
1255,184,2,5968,3,3,5,Potential Loyalists,335
1256,193,2,5883,3,3,5,Potential Loyalists,335
1257,166,2,5953,3,3,5,Potential Loyalists,335
1258,55,1,50,5,1,2,New Customers,512
1259,120,1,50,4,1,2,New Customers,412
1260,224,2,86,2,3,2,Hibernating,232
1261,184,2,241,3,3,3,Potential Loyalists,333
1262,161,2,5973,3,3,5,Potential Loyalists,335
1263,304,2,119,1,3,3,Hibernating,133
1264,33,3,6829,5,4,5,Champions,545
1265,249,3,5663,2,4,5,Loyal,245
1266,176,2,5964,3,3,5,Potential Loyalists,335
1267,233,2,4401,2,3,5,At Risk (high value),235
1268,166,2,5873,3,3,5,Potential Loyalists,335
1269,288,1,50,2,1,2,Hibernating,212
1270,216,1,44,2,1,2,Hibernating,212
1271,203,2,4455,3,3,5,Potential Loyalists,335
1272,256,3,5683,2,4,5,Loyal,245
1273,296,3,5139,1,4,5,Loyal,145
1274,181,1,50,3,1,2,Needs Attention,312
1275,114,1,35,4,1,1,New Customers,411
1276,183,2,4435,3,3,5,Potential Loyalists,335
1277,197,2,4416,3,3,5,Potential Loyalists,335
1278,249,3,5666,2,4,5,Loyal,245
1279,221,1,50,2,1,2,Hibernating,212
1280,169,2,5974,3,3,5,Potential Loyalists,335
1281,169,2,5923,3,3,5,Potential Loyalists,335
1282,301,3,5169,1,4,5,Loyal,145
1283,297,3,5111,1,4,5,Loyal,145
1284,263,3,5583,2,4,5,Loyal,245
1285,253,3,5625,2,4,5,Loyal,245
1286,168,2,5968,3,3,5,Potential Loyalists,335
1287,286,3,5255,2,4,5,Loyal,245
1288,248,3,5720,2,4,5,Loyal,245
1289,20,2,148,5,3,3,Potential Loyalists,533
1290,252,3,5646,2,4,5,Loyal,245
1291,178,2,5873,3,3,5,Potential Loyalists,335
1292,70,4,8067,5,5,5,Champions,555
1293,83,3,5027,4,4,5,Champions,445
1294,110,2,86,4,3,2,Potential Loyalists,432
1295,166,2,75,3,3,2,Potential Loyalists,332
1296,125,4,174,4,5,3,Loyal,453
1297,96,5,13164,4,5,5,Champions,455
1298,81,4,8022,4,5,5,Champions,455
1299,49,4,8052,5,5,5,Champions,555
1300,81,3,4977,4,4,5,Champions,445
1301,104,5,13242,4,5,5,Champions,455
1302,70,5,13294,5,5,5,Champions,555
1303,34,4,8091,5,5,5,Champions,555
1304,119,2,84,4,3,2,Potential Loyalists,432
1305,32,2,123,5,3,3,Potential Loyalists,533
1306,92,3,4940,4,4,5,Champions,445
1307,235,2,75,2,3,2,Hibernating,232
1308,73,5,13172,5,5,5,Champions,555
1309,71,5,13268,5,5,5,Champions,555
1310,260,2,101,2,3,3,Hibernating,233
1311,99,2,104,4,3,3,Potential Loyalists,433
1312,39,2,116,5,3,3,Potential Loyalists,533
1313,93,1,35,4,1,1,New Customers,411
1314,14,1,44,5,1,2,New Customers,512
1315,32,4,7997,5,5,5,Champions,555
1316,321,3,6803,1,4,5,Loyal,145
1317,316,3,6799,1,4,5,Loyal,145
1318,311,3,6823,1,4,5,Loyal,145
1319,327,3,6808,1,4,5,Loyal,145
1320,57,2,79,5,3,2,Potential Loyalists,532
1321,95,2,78,4,3,2,Potential Loyalists,432
1322,69,5,13215,5,5,5,Champions,555
1323,38,1,50,5,1,2,New Customers,512
1324,259,4,10836,2,5,5,Loyal,255
1325,76,2,66,4,3,2,Potential Loyalists,432
1326,34,2,133,5,3,3,Potential Loyalists,533
1327,60,2,64,5,3,2,Potential Loyalists,532
1328,207,2,14,2,3,1,Hibernating,231
1329,314,3,6792,1,4,5,Loyal,145
1330,125,2,119,4,3,3,Potential Loyalists,433
1331,36,4,7932,5,5,5,Champions,555
1332,330,1,50,1,1,2,Hibernating,112
1333,219,4,10789,2,5,5,Loyal,255
1334,238,4,10829,2,5,5,Loyal,255
1335,11,2,94,5,3,3,Potential Loyalists,533
1336,313,3,6912,1,4,5,Loyal,145
1337,44,2,79,5,3,2,Potential Loyalists,532
1338,174,3,8137,3,4,5,Loyal,345
1339,165,3,8265,3,4,5,Loyal,345
1340,179,3,6865,3,4,5,Loyal,345
1341,128,3,6752,4,4,5,Champions,445
1342,142,3,6840,3,4,5,Loyal,345
1343,128,3,6838,4,4,5,Champions,445
1344,131,3,5568,4,4,5,Champions,445
1345,169,3,68,3,4,2,Potential Loyalists,342
1346,17,3,68,5,4,2,Potential Loyalists,542
1347,133,3,6864,4,4,5,Champions,445
1348,127,3,6839,4,4,5,Champions,445
1349,139,3,6906,3,4,5,Loyal,345
1350,150,3,6772,3,4,5,Loyal,345
1351,126,3,6791,4,4,5,Champions,445
1352,2,3,186,5,4,3,Loyal,543
1353,71,3,273,5,4,3,Loyal,543
1354,153,3,6765,3,4,5,Loyal,345
1355,149,3,6797,3,4,5,Loyal,345
1356,134,3,6818,3,4,5,Loyal,345
1357,132,3,6810,4,4,5,Champions,445
1358,18,3,117,5,4,3,Loyal,543
1359,147,3,6787,3,4,5,Loyal,345
1360,114,3,95,4,4,3,Loyal,443
1361,127,3,6750,4,4,5,Champions,445
1362,72,3,217,5,4,3,Loyal,543
1363,283,2,5904,2,3,5,At Risk (high value),235
1364,120,4,274,4,5,3,Loyal,453
1365,304,2,5898,1,3,5,At Risk (high value),135
1366,237,2,54,2,3,2,Hibernating,232
1367,63,2,89,5,3,2,Potential Loyalists,532
1368,80,2,160,4,3,3,Potential Loyalists,433
1369,63,1,35,5,1,1,New Customers,511
1370,46,3,94,5,4,3,Loyal,543
1371,241,3,61,2,4,2,Hibernating,242
1372,65,3,213,5,4,3,Loyal,543
1373,194,3,98,3,4,3,Loyal,343
1374,165,2,3593,3,3,5,Potential Loyalists,335
1375,356,1,35,1,1,1,Hibernating,111
1376,18,1,44,5,1,2,New Customers,512
1377,239,2,75,2,3,2,Hibernating,232
1378,219,1,50,2,1,2,Hibernating,212
1379,188,2,4366,3,3,5,Potential Loyalists,335
1380,283,1,50,2,1,2,Hibernating,212
1381,224,3,5570,2,4,5,Loyal,245
1382,286,3,5161,2,4,5,Loyal,245
1383,237,3,5606,2,4,5,Loyal,245
1384,174,2,5898,3,3,5,Potential Loyalists,335
1385,294,3,5056,1,4,5,Loyal,145
1386,301,3,5118,1,4,5,Loyal,145
1387,208,2,4497,2,3,5,At Risk (high value),235
1388,130,1,35,4,1,1,New Customers,411
1389,162,2,4379,3,3,5,Potential Loyalists,335
1390,77,1,50,4,1,2,New Customers,412
1391,248,3,4977,2,4,5,Loyal,245
1392,245,3,5121,2,4,5,Loyal,245
1393,320,2,75,1,3,2,Hibernating,132
1394,124,1,74,4,1,2,New Customers,412
1395,229,3,5636,2,4,5,Loyal,245
1396,127,2,5968,4,3,5,Potential Loyalists,435
1397,106,1,50,4,1,2,New Customers,412
1398,250,3,4968,2,4,5,Loyal,245
1399,134,3,6498,3,4,5,Loyal,345
1400,159,1,59,3,1,2,Needs Attention,312
1401,173,1,69,3,1,2,Needs Attention,312
1402,132,1,37,4,1,1,New Customers,411
1403,241,3,5218,2,4,5,Loyal,245
1404,70,1,67,5,1,2,New Customers,512
1405,240,3,5251,2,4,5,Loyal,245
1406,22,1,37,5,1,1,New Customers,511
1407,44,1,35,5,1,1,New Customers,511
1408,95,1,75,4,1,2,New Customers,412
1409,121,1,42,4,1,2,New Customers,412
1410,83,2,155,4,3,3,Potential Loyalists,433
1411,13,2,160,5,3,3,Potential Loyalists,533
1412,104,2,160,4,3,3,Potential Loyalists,433
1413,79,2,259,4,3,3,Potential Loyalists,433
1414,169,2,162,3,3,3,Potential Loyalists,333
1415,151,2,157,3,3,3,Potential Loyalists,333
1416,68,1,75,5,1,2,New Customers,512
1417,214,1,40,2,1,1,Hibernating,211
1418,24,1,59,5,1,2,New Customers,512
1419,84,2,5969,4,3,5,Potential Loyalists,435
1420,233,1,35,2,1,1,Hibernating,211
1421,320,1,42,1,1,2,Hibernating,112
1422,323,1,75,1,1,2,Hibernating,112
1423,108,1,35,4,1,1,New Customers,411
1424,72,2,5908,5,3,5,Potential Loyalists,535
1425,157,1,99,3,1,3,Needs Attention,313
1426,73,1,90,5,1,2,New Customers,512
1427,85,1,99,4,1,3,New Customers,413
1428,239,1,40,2,1,1,Hibernating,211
1429,95,1,75,4,1,2,New Customers,412
1430,330,1,35,1,1,1,Hibernating,111
1431,19,4,289,5,5,3,Loyal,553
1432,21,4,224,5,5,3,Loyal,553
1433,95,1,92,4,1,2,New Customers,412
1434,305,1,75,1,1,2,Hibernating,112
1435,70,1,75,5,1,2,New Customers,512
1436,184,2,5920,3,3,5,Potential Loyalists,335
1437,227,1,42,2,1,2,Hibernating,212
1438,195,2,5983,3,3,5,Potential Loyalists,335
1439,298,2,5898,1,3,5,At Risk (high value),135
1440,310,1,125,1,1,3,Hibernating,113
1441,207,2,5913,2,3,5,At Risk (high value),235
1442,191,2,5875,3,3,5,Potential Loyalists,335
1443,180,2,5900,3,3,5,Potential Loyalists,335
1444,11,1,30,5,1,1,New Customers,511
1445,4,4,293,5,5,3,Loyal,553
1446,174,1,22,3,1,1,Needs Attention,311
1447,157,2,5944,3,3,5,Potential Loyalists,335
1448,271,1,2332,2,1,4,At Risk (high value),214
1449,182,2,5915,3,3,5,Potential Loyalists,335
1450,233,1,2352,2,1,4,At Risk (high value),214
1451,164,2,5955,3,3,5,Potential Loyalists,335
1452,223,1,2368,2,1,4,At Risk (high value),214
1453,182,2,5935,3,3,5,Potential Loyalists,335
1454,254,1,22,2,1,1,Hibernating,211
1455,296,1,72,1,1,2,Hibernating,112
1456,73,1,22,5,1,1,New Customers,511
1457,13,1,22,5,1,1,New Customers,511
1458,300,1,24,1,1,1,Hibernating,111
1459,147,1,50,3,1,2,Needs Attention,312
1460,227,3,5618,2,4,5,Loyal,245
1461,224,3,5679,2,4,5,Loyal,245
1462,253,3,5030,2,4,5,Loyal,245
1463,265,3,5048,2,4,5,Loyal,245
1464,237,3,5201,2,4,5,Loyal,245
1465,138,2,5898,3,3,5,Potential Loyalists,335
1466,154,2,83,3,3,2,Potential Loyalists,332
1467,316,1,59,1,1,2,Hibernating,112
1468,283,1,59,2,1,2,Hibernating,212
1469,134,2,5875,3,3,5,Potential Loyalists,335
1470,132,1,50,4,1,2,New Customers,412
1471,67,1,50,5,1,2,New Customers,512
1472,319,1,84,1,1,2,Hibernating,112
1473,173,1,50,3,1,2,Needs Attention,312
1474,213,3,5665,2,4,5,Loyal,245
1475,141,2,5928,3,3,5,Potential Loyalists,335
1476,159,2,4438,3,3,5,Potential Loyalists,335
1477,97,2,73,4,3,2,Potential Loyalists,432
1478,51,1,50,5,1,2,New Customers,512
1479,30,1,9,5,1,1,New Customers,511
1480,163,2,4401,3,3,5,Potential Loyalists,335
1481,126,2,5908,4,3,5,Potential Loyalists,435
1482,327,1,9,1,1,1,Hibernating,111
1483,35,1,50,5,1,2,New Customers,512
1484,136,2,5898,3,3,5,Potential Loyalists,335
1485,161,2,4441,3,3,5,Potential Loyalists,335
1486,128,2,5923,4,3,5,Potential Loyalists,435
1487,207,3,5652,2,4,5,Loyal,245
1488,167,2,4401,3,3,5,Potential Loyalists,335
1489,131,1,9,4,1,1,New Customers,411
1490,20,4,158,5,5,3,Loyal,553
1491,148,3,168,3,4,3,Loyal,343
1492,180,1,87,3,1,2,Needs Attention,312
1493,177,3,5166,3,4,5,Loyal,345
1494,259,1,70,2,1,2,Hibernating,212
1495,99,2,5948,4,3,5,Potential Loyalists,435
1496,164,2,4416,3,3,5,Potential Loyalists,335
1497,162,1,205,3,1,3,Needs Attention,313
1498,212,1,42,2,1,2,Hibernating,212
1499,214,1,40,2,1,1,Hibernating,211
1500,155,2,4379,3,3,5,Potential Loyalists,335
1501,147,2,4475,3,3,5,Potential Loyalists,335
1502,142,2,4416,3,3,5,Potential Loyalists,335
1503,144,2,110,3,3,3,Potential Loyalists,333
1504,126,2,84,4,3,2,Potential Loyalists,432
1505,279,1,61,2,1,2,Hibernating,212
1506,334,1,37,1,1,1,Hibernating,111
1507,352,1,120,1,1,3,Hibernating,113
1508,293,1,9,1,1,1,Hibernating,111
1509,243,1,133,2,1,3,Hibernating,213
1510,150,3,83,3,4,2,Potential Loyalists,342
1511,131,3,6440,4,4,5,Champions,445
1512,215,1,9,2,1,1,Hibernating,211
1513,312,1,9,1,1,1,Hibernating,111
1514,110,2,241,4,3,3,Potential Loyalists,433
1515,349,1,9,1,1,1,Hibernating,111
1516,189,1,9,3,1,1,Needs Attention,311
1517,44,1,9,5,1,1,New Customers,511
1518,102,1,9,4,1,1,New Customers,411
1519,181,1,9,3,1,1,Needs Attention,311
1520,17,2,71,5,3,2,Potential Loyalists,532
1521,109,2,5919,4,3,5,Potential Loyalists,435
1522,127,2,4438,4,3,5,Potential Loyalists,435
1523,110,2,5888,4,3,5,Potential Loyalists,435
1524,96,2,5933,4,3,5,Potential Loyalists,435
1525,230,1,9,2,1,1,Hibernating,211
1526,249,1,120,2,1,3,Hibernating,213
1527,120,3,5229,4,4,5,Champions,445
1528,43,1,87,5,1,2,New Customers,512
1529,154,1,72,3,1,2,Needs Attention,312
1530,10,1,86,5,1,2,New Customers,512
1531,52,4,338,5,5,3,Loyal,553
1532,317,1,22,1,1,1,Hibernating,111
1533,36,4,235,5,5,3,Loyal,553
1534,291,2,272,1,3,3,Hibernating,133
1535,143,1,9,3,1,1,Needs Attention,311
1536,133,1,9,4,1,1,New Customers,411
1537,69,1,9,5,1,1,New Customers,511
1538,219,1,9,2,1,1,Hibernating,211
1539,247,1,9,2,1,1,Hibernating,211
1540,60,1,9,5,1,1,New Customers,511
1541,164,2,75,3,3,2,Potential Loyalists,332
1542,228,1,9,2,1,1,Hibernating,211
1543,18,1,9,5,1,1,New Customers,511
1544,270,1,9,2,1,1,Hibernating,211
1545,39,1,9,5,1,1,New Customers,511
1546,92,2,119,4,3,3,Potential Loyalists,433
1547,146,2,4416,3,3,5,Potential Loyalists,335
1548,120,2,5898,4,3,5,Potential Loyalists,435
1549,153,2,4368,3,3,5,Potential Loyalists,335
1550,100,2,5908,4,3,5,Potential Loyalists,435
1551,51,2,86,5,3,2,Potential Loyalists,532
1552,12,2,75,5,3,2,Potential Loyalists,532
1553,108,1,9,4,1,1,New Customers,411
1554,263,1,10,2,1,1,Hibernating,211
1555,103,2,88,4,3,2,Potential Loyalists,432
1556,148,1,69,3,1,2,Needs Attention,312
1557,63,1,9,5,1,1,New Customers,511
1558,267,1,50,2,1,2,Hibernating,212
1559,149,1,15,3,1,1,Needs Attention,311
1560,164,3,5634,3,4,5,Loyal,345
1561,165,3,5637,3,4,5,Loyal,345
1562,108,2,5888,4,3,5,Potential Loyalists,435
1563,321,1,59,1,1,2,Hibernating,112
1564,212,2,119,2,3,3,Hibernating,233
1565,74,2,110,4,3,3,Potential Loyalists,433
1566,116,1,93,4,1,3,New Customers,413
1567,126,2,148,4,3,3,Potential Loyalists,433
1568,116,2,43,4,3,2,Potential Loyalists,432
1569,318,2,67,1,3,2,Hibernating,132
1570,192,1,75,3,1,2,Needs Attention,312
1571,170,2,2654,3,3,4,Potential Loyalists,334
1572,178,2,2641,3,3,4,Potential Loyalists,334
1573,140,2,2611,3,3,4,Potential Loyalists,334
1574,151,2,2668,3,3,4,Potential Loyalists,334
1575,131,2,2626,4,3,4,Potential Loyalists,434
1576,124,2,2668,4,3,4,Potential Loyalists,434
1577,132,2,2653,4,3,4,Potential Loyalists,434
1578,131,2,2614,4,3,4,Potential Loyalists,434
1579,98,2,2668,4,3,4,Potential Loyalists,434
1580,110,2,2589,4,3,4,Potential Loyalists,434
1581,101,2,2589,4,3,4,Potential Loyalists,434
1582,104,2,2646,4,3,4,Potential Loyalists,434
1583,88,2,84,4,3,2,Potential Loyalists,432
1584,111,2,2646,4,3,4,Potential Loyalists,434
1585,74,2,2633,4,3,4,Potential Loyalists,434
1586,84,2,2629,4,3,4,Potential Loyalists,434
1587,67,2,2636,5,3,4,Potential Loyalists,534
1588,35,2,77,5,3,2,Potential Loyalists,532
1589,87,2,2639,4,3,4,Potential Loyalists,434
1590,82,2,2665,4,3,4,Potential Loyalists,434
1591,93,2,67,4,3,2,Potential Loyalists,432
1592,177,1,50,3,1,2,Needs Attention,312
1593,53,2,52,5,3,2,Potential Loyalists,532
1594,153,2,43,3,3,2,Potential Loyalists,332
1595,44,2,38,5,3,1,Potential Loyalists,531
1596,178,2,40,3,3,1,Potential Loyalists,331
1597,19,2,78,5,3,2,Potential Loyalists,532
1598,121,2,53,4,3,2,Potential Loyalists,432
1599,118,2,43,4,3,2,Potential Loyalists,432
1600,172,3,5649,3,4,5,Loyal,345
1601,143,1,50,3,1,2,Needs Attention,312
1602,15,2,65,5,3,2,Potential Loyalists,532
1603,34,2,45,5,3,2,Potential Loyalists,532
1604,127,2,117,4,3,3,Potential Loyalists,433
1605,244,1,24,2,1,1,Hibernating,211
1606,262,1,10,2,1,1,Hibernating,211
1607,4,3,333,5,4,3,Loyal,543
1608,140,3,6489,3,4,5,Loyal,345
1609,126,3,5690,4,4,5,Champions,445
1610,130,3,5637,4,4,5,Champions,445
1611,135,2,102,3,3,3,Potential Loyalists,333
1612,56,2,67,5,3,2,Potential Loyalists,532
1613,147,3,5658,3,4,5,Loyal,345
1614,113,2,5984,4,3,5,Potential Loyalists,435
1615,100,2,5918,4,3,5,Potential Loyalists,435
1616,101,3,5663,4,4,5,Champions,445
1617,254,1,15,2,1,1,Hibernating,211
1618,195,1,39,3,1,1,Needs Attention,311
1619,76,2,5923,4,3,5,Potential Loyalists,435
1620,113,3,5200,4,4,5,Champions,445
1621,125,3,6480,4,4,5,Champions,445
1622,129,3,6471,4,4,5,Champions,445
1623,89,3,5135,4,4,5,Champions,445
1624,116,3,5630,4,4,5,Champions,445
1625,125,2,4379,4,3,5,Potential Loyalists,435
1626,147,1,100,3,1,3,Needs Attention,313
1627,73,2,78,5,3,2,Potential Loyalists,532
1628,213,2,111,2,3,3,Hibernating,233
1629,206,1,15,3,1,1,Needs Attention,311
1630,74,1,54,4,1,2,New Customers,412
1631,278,3,6825,2,4,5,Loyal,245
1632,236,4,10799,2,5,5,Loyal,255
1633,227,4,10793,2,5,5,Loyal,255
1634,121,2,86,4,3,2,Potential Loyalists,432
1635,280,3,6787,2,4,5,Loyal,245
1636,313,1,50,1,1,2,Hibernating,112
1637,199,2,49,3,3,2,Potential Loyalists,332
1638,275,3,6845,2,4,5,Loyal,245
1639,88,2,38,4,3,1,Potential Loyalists,431
1640,345,1,50,1,1,2,Hibernating,112
1641,277,3,6752,2,4,5,Loyal,245
1642,58,1,9,5,1,1,New Customers,511
1643,259,1,9,2,1,1,Hibernating,211
1644,3,2,103,5,3,3,Potential Loyalists,533
1645,284,3,6838,2,4,5,Loyal,245
1646,290,3,6847,1,4,5,Loyal,145
1647,29,2,14,5,3,1,Potential Loyalists,531
1648,284,3,6886,2,4,5,Loyal,245
1649,273,3,6817,2,4,5,Loyal,245
1650,122,1,9,4,1,1,New Customers,411
1651,218,4,10813,2,5,5,Loyal,255
1652,116,1,9,4,1,1,New Customers,411
1653,67,2,183,5,3,3,Potential Loyalists,533
1654,246,3,6859,2,4,5,Loyal,245
1655,217,2,45,2,3,2,Hibernating,232
1656,226,4,10899,2,5,5,Loyal,255
1657,257,1,9,2,1,1,Hibernating,211
1658,37,4,7384,5,5,5,Champions,555
1659,261,3,6863,2,4,5,Loyal,245
1660,288,1,74,2,1,2,Hibernating,212
1661,60,1,45,5,1,2,New Customers,512
1662,304,1,50,1,1,2,Hibernating,112
1663,48,1,15,5,1,1,New Customers,511
1664,73,1,69,5,1,2,New Customers,512
1665,112,2,78,4,3,2,Potential Loyalists,432
1666,124,3,74,4,4,2,Potential Loyalists,442
1667,31,3,34,5,4,1,Potential Loyalists,541
1668,135,3,6813,3,4,5,Loyal,345
1669,132,3,6839,4,4,5,Champions,445
1670,132,3,6791,4,4,5,Champions,445
1671,139,3,6785,3,4,5,Loyal,345
1672,153,3,6802,3,4,5,Loyal,345
1673,226,3,382,2,4,3,Loyal,243
1674,146,3,6768,3,4,5,Loyal,345
1675,147,3,6829,3,4,5,Loyal,345
1676,137,3,6812,3,4,5,Loyal,345
1677,145,3,6859,3,4,5,Loyal,345
1678,130,3,6785,4,4,5,Champions,445
1679,247,3,341,2,4,3,Loyal,243
1680,62,3,188,5,4,3,Loyal,543
1681,134,3,6880,3,4,5,Loyal,345
1682,133,3,6784,4,4,5,Champions,445
1683,65,3,228,5,4,3,Loyal,543
1684,130,3,6801,4,4,5,Champions,445
1685,102,3,6893,4,4,5,Champions,445
1686,112,3,6904,4,4,5,Champions,445
1687,120,3,6864,4,4,5,Champions,445
1688,102,3,6805,4,4,5,Champions,445
1689,119,3,6867,4,4,5,Champions,445
1690,122,3,6846,4,4,5,Champions,445
1691,8,3,197,5,4,3,Loyal,543
1692,47,3,247,5,4,3,Loyal,543
1693,26,3,315,5,4,3,Loyal,543
1694,98,3,6820,4,4,5,Champions,445
1695,112,3,6785,4,4,5,Champions,445
1696,109,3,193,4,4,3,Loyal,443
1697,13,3,232,5,4,3,Loyal,543
1698,75,3,296,4,4,3,Loyal,443
1699,122,3,6786,4,4,5,Champions,445
1700,101,3,6798,4,4,5,Champions,445
1701,97,3,6860,4,4,5,Champions,445
1702,121,3,6868,4,4,5,Champions,445
1703,114,3,6911,4,4,5,Champions,445
1704,118,3,6891,4,4,5,Champions,445
1705,108,3,217,4,4,3,Loyal,443
1706,103,3,6854,4,4,5,Champions,445
1707,103,3,6851,4,4,5,Champions,445
1708,291,2,5948,1,3,5,At Risk (high value),135
1709,92,2,84,4,3,2,Potential Loyalists,432
1710,280,2,5933,2,3,5,At Risk (high value),235
1711,187,2,4774,3,3,5,Potential Loyalists,335
1712,86,2,5963,4,3,5,Potential Loyalists,435
1713,126,2,4441,4,3,5,Potential Loyalists,435
1714,96,2,4441,4,3,5,Potential Loyalists,435
1715,194,1,50,3,1,2,Needs Attention,312
1716,179,3,74,3,4,2,Potential Loyalists,342
1717,351,1,79,1,1,2,Hibernating,112
1718,84,2,5883,4,3,5,Potential Loyalists,435
1719,78,1,104,4,1,3,New Customers,413
1720,203,1,15,3,1,1,Needs Attention,311
1721,231,1,50,2,1,2,Hibernating,212
1722,270,1,15,2,1,1,Hibernating,211
1723,298,1,39,1,1,1,Hibernating,111
1724,336,1,69,1,1,2,Hibernating,112
1725,362,1,15,1,1,1,Hibernating,111
1726,164,1,127,3,1,3,Needs Attention,313
1727,179,1,99,3,1,3,Needs Attention,313
1728,218,1,15,2,1,1,Hibernating,211
1729,297,1,60,1,1,2,Hibernating,112
1730,176,2,45,3,3,2,Potential Loyalists,332
1731,38,2,65,5,3,2,Potential Loyalists,532
1732,135,1,60,3,1,2,Needs Attention,312
1733,160,1,15,3,1,1,Needs Attention,311
1734,145,2,43,3,3,2,Potential Loyalists,332
1735,129,1,50,4,1,2,New Customers,412
1736,116,2,4404,4,3,5,Potential Loyalists,435
1737,115,2,4460,4,3,5,Potential Loyalists,435
1738,297,1,45,1,1,2,Hibernating,112
1739,266,3,4956,2,4,5,Loyal,245
1740,215,1,35,2,1,1,Hibernating,211
1741,29,2,114,5,3,3,Potential Loyalists,533
1742,294,1,40,1,1,1,Hibernating,111
1743,236,3,5148,2,4,5,Loyal,245
1744,104,1,70,4,1,2,New Customers,412
1745,153,1,72,3,1,2,Needs Attention,312
1746,36,3,5199,5,4,5,Champions,545
1747,91,2,105,4,3,3,Potential Loyalists,433
1748,111,2,4384,4,3,5,Potential Loyalists,435
1749,183,1,50,3,1,2,Needs Attention,312
1750,87,2,5915,4,3,5,Potential Loyalists,435
1751,93,3,6492,4,4,5,Champions,445
1752,51,1,84,5,1,2,New Customers,512
1753,134,3,156,3,4,3,Loyal,343
1754,225,2,171,2,3,3,Hibernating,233
1755,118,3,6503,4,4,5,Champions,445
1756,179,2,5999,3,3,5,Potential Loyalists,335
1757,177,2,5908,3,3,5,Potential Loyalists,335
1758,301,1,107,1,1,3,Hibernating,113
1759,248,1,75,2,1,2,Hibernating,212
1760,217,1,22,2,1,1,Hibernating,211
1761,233,4,273,2,5,3,Loyal,253
1762,173,2,5929,3,3,5,Potential Loyalists,335
1763,33,2,5933,5,3,5,Potential Loyalists,535
1764,240,1,590,2,1,3,Hibernating,213
1765,300,2,4347,1,3,5,At Risk (high value),135
1766,317,1,1751,1,1,4,At Risk (high value),114
1767,238,2,4417,2,3,5,At Risk (high value),235
1768,159,1,35,3,1,1,Needs Attention,311
1769,195,2,4426,3,3,5,Potential Loyalists,335
1770,173,2,5948,3,3,5,Potential Loyalists,335
1771,165,2,5943,3,3,5,Potential Loyalists,335
1772,175,2,5908,3,3,5,Potential Loyalists,335
1773,162,2,5913,3,3,5,Potential Loyalists,335
1774,173,2,5908,3,3,5,Potential Loyalists,335
1775,156,2,5943,3,3,5,Potential Loyalists,335
1776,235,1,22,2,1,1,Hibernating,211
1777,8,2,86,5,3,2,Potential Loyalists,532
1778,177,2,5900,3,3,5,Potential Loyalists,335
1779,40,1,46,5,1,2,New Customers,512
1780,160,2,5980,3,3,5,Potential Loyalists,335
1781,134,2,5940,3,3,5,Potential Loyalists,335
1782,225,1,2330,2,1,4,At Risk (high value),214
1783,211,1,2401,2,1,4,At Risk (high value),214
1784,184,1,2421,3,1,4,Needs Attention,314
1785,145,2,5985,3,3,5,Potential Loyalists,335
1786,185,1,2295,3,1,4,Needs Attention,314
1787,79,1,22,4,1,1,New Customers,411
1788,126,2,53,4,3,2,Potential Loyalists,432
1789,208,1,57,2,1,2,Hibernating,212
1790,124,2,5980,4,3,5,Potential Loyalists,435
1791,47,1,24,5,1,1,New Customers,511
1792,341,1,30,1,1,1,Hibernating,111
1793,23,1,77,5,1,2,New Customers,512
1794,344,1,121,1,1,3,Hibernating,113
1795,156,1,22,3,1,1,Needs Attention,311
1796,27,4,228,5,5,3,Loyal,553
1797,300,1,72,1,1,2,Hibernating,112
1798,220,1,57,2,1,2,Hibernating,212
1799,327,1,15,1,1,1,Hibernating,111
1800,221,1,40,2,1,1,Hibernating,211
1801,162,1,40,3,1,1,Needs Attention,311
1802,5,1,29,5,1,1,New Customers,511
1803,17,1,40,5,1,1,New Customers,511
1804,14,2,144,5,3,3,Potential Loyalists,533
1805,67,2,5948,5,3,5,Potential Loyalists,535
1806,115,3,6522,4,4,5,Champions,445
1807,233,3,4956,2,4,5,Loyal,245
1808,201,3,5024,3,4,5,Loyal,345
1809,33,3,5111,5,4,5,Champions,545
1810,267,1,40,2,1,1,Hibernating,211
1811,59,1,7,5,1,1,New Customers,511
1812,96,1,5,4,1,1,New Customers,411
1813,258,1,50,2,1,2,Hibernating,212
1814,67,2,4367,5,3,5,Potential Loyalists,535
1815,276,1,29,2,1,1,Hibernating,211
1816,95,1,7,4,1,1,New Customers,411
1817,76,2,4494,4,3,5,Potential Loyalists,435
1818,82,2,5922,4,3,5,Potential Loyalists,435
1819,63,1,72,5,1,2,New Customers,512
1820,92,2,5948,4,3,5,Potential Loyalists,435
1821,92,2,5908,4,3,5,Potential Loyalists,435
1822,48,2,125,5,3,3,Potential Loyalists,533
1823,64,1,76,5,1,2,New Customers,512
1824,36,1,39,5,1,1,New Customers,511
1825,50,1,45,5,1,2,New Customers,512
1826,69,2,4419,5,3,5,Potential Loyalists,535
1827,74,2,4428,4,3,5,Potential Loyalists,435
1828,78,2,4461,4,3,5,Potential Loyalists,435
1829,317,1,55,1,1,2,Hibernating,112
1830,64,2,4406,5,3,5,Potential Loyalists,535
1831,33,2,5915,5,3,5,Potential Loyalists,535
1832,75,1,40,4,1,1,New Customers,411
1833,312,1,40,1,1,1,Hibernating,111
1834,88,2,4359,4,3,5,Potential Loyalists,435
1835,58,2,5898,5,3,5,Potential Loyalists,535
1836,241,1,40,2,1,1,Hibernating,211
1837,64,2,68,5,3,2,Potential Loyalists,532
1838,353,1,5,1,1,1,Hibernating,111
1839,305,1,37,1,1,1,Hibernating,111
1840,234,2,4392,2,3,5,At Risk (high value),235
1841,337,1,40,1,1,1,Hibernating,111
1842,42,2,5933,5,3,5,Potential Loyalists,535
1843,126,1,33,4,1,1,New Customers,411
1844,56,2,6018,5,3,5,Potential Loyalists,535
1845,310,1,57,1,1,2,Hibernating,112
1846,252,1,76,2,1,2,Hibernating,212
1847,72,2,4460,5,3,5,Potential Loyalists,535
1848,217,1,25,2,1,1,Hibernating,211
1849,245,1,74,2,1,2,Hibernating,212
1850,38,2,5888,5,3,5,Potential Loyalists,535
1851,92,2,4406,4,3,5,Potential Loyalists,435
1852,64,1,72,5,1,2,New Customers,512
1853,86,2,4411,4,3,5,Potential Loyalists,435
1854,216,2,4354,2,3,5,At Risk (high value),235
1855,238,2,4367,2,3,5,At Risk (high value),235
1856,232,2,4414,2,3,5,At Risk (high value),235
1857,230,2,4460,2,3,5,At Risk (high value),235
1858,214,2,4384,2,3,5,At Risk (high value),235
1859,71,2,4393,5,3,5,Potential Loyalists,535
1860,105,3,5666,4,4,5,Champions,445
1861,188,2,4464,3,3,5,Potential Loyalists,335
1862,206,2,4394,3,3,5,Potential Loyalists,335
1863,115,1,118,4,1,3,New Customers,413
1864,61,2,4478,5,3,5,Potential Loyalists,535
1865,46,2,86,5,3,2,Potential Loyalists,532
1866,275,2,114,2,3,3,Hibernating,233
1867,46,2,5883,5,3,5,Potential Loyalists,535
1868,41,2,4366,5,3,5,Potential Loyalists,535
1869,316,1,33,1,1,1,Hibernating,111
1870,350,1,33,1,1,1,Hibernating,111
1871,47,1,49,5,1,2,New Customers,512
1872,8,2,49,5,3,2,Potential Loyalists,532
1873,62,1,49,5,1,2,New Customers,512
1874,104,3,5676,4,4,5,Champions,445
1875,116,3,5638,4,4,5,Champions,445
1876,48,1,81,5,1,2,New Customers,512
1877,17,1,37,5,1,1,New Customers,511
1878,230,1,30,2,1,1,Hibernating,211
1879,340,1,46,1,1,2,Hibernating,112
1880,38,1,37,5,1,1,New Customers,511
1881,103,4,200,4,5,3,Loyal,453
1882,143,2,5908,3,3,5,Potential Loyalists,335
1883,140,2,5930,3,3,5,Potential Loyalists,335
1884,128,2,5875,4,3,5,Potential Loyalists,435
1885,135,2,5900,3,3,5,Potential Loyalists,335
1886,126,2,5948,4,3,5,Potential Loyalists,435
1887,135,2,5965,3,3,5,Potential Loyalists,335
1888,101,1,22,4,1,1,New Customers,411
1889,108,1,96,4,1,3,New Customers,413
1890,120,1,22,4,1,1,New Customers,411
1891,24,1,72,5,1,2,New Customers,512
1892,43,1,22,5,1,1,New Customers,511
1893,61,4,419,5,5,3,Loyal,553
1894,46,2,49,5,3,2,Potential Loyalists,532
1895,125,2,49,4,3,2,Potential Loyalists,432
1896,58,4,336,5,5,3,Loyal,553
1897,305,1,45,1,1,2,Hibernating,112
1898,146,1,107,3,1,3,Needs Attention,313
1899,141,2,5959,3,3,5,Potential Loyalists,335
1900,43,1,96,5,1,3,New Customers,513
1901,71,1,22,5,1,1,New Customers,511
1902,151,2,5917,3,3,5,Potential Loyalists,335
1903,190,1,2330,3,1,4,Needs Attention,314
1904,205,1,2332,3,1,4,Needs Attention,314
1905,150,2,5915,3,3,5,Potential Loyalists,335
1906,168,1,72,3,1,2,Needs Attention,312
1907,347,1,22,1,1,1,Hibernating,111
1908,316,1,142,1,1,3,Hibernating,113
1909,329,1,86,1,1,2,Hibernating,112
1910,103,1,72,4,1,2,New Customers,412
1911,115,1,57,4,1,2,New Customers,412
1912,23,1,31,5,1,1,New Customers,511
1913,97,2,5898,4,3,5,Potential Loyalists,435
1914,97,2,5922,4,3,5,Potential Loyalists,435
1915,207,1,2330,2,1,4,At Risk (high value),214
1916,111,2,5896,4,3,5,Potential Loyalists,435
1917,53,4,261,5,5,3,Loyal,553
1918,285,2,5898,2,3,5,At Risk (high value),235
1919,292,2,4763,1,3,5,At Risk (high value),135
1920,83,4,257,4,5,3,Loyal,453
1921,141,2,106,3,3,3,Potential Loyalists,333
1922,101,2,4803,4,3,5,Potential Loyalists,435
1923,94,2,4514,4,3,5,Potential Loyalists,435
1924,119,2,4487,4,3,5,Potential Loyalists,435
1925,89,1,91,4,1,2,New Customers,412
1926,320,1,22,1,1,1,Hibernating,111
1927,300,2,4795,1,3,5,At Risk (high value),135
1928,190,2,108,3,3,3,Potential Loyalists,333
1929,87,4,247,4,5,3,Loyal,453
1930,277,2,4820,2,3,5,At Risk (high value),235
1931,282,2,4514,2,3,5,At Risk (high value),235
1932,194,2,156,3,3,3,Potential Loyalists,333
1933,94,2,49,4,3,2,Potential Loyalists,432
1934,214,2,143,2,3,3,Hibernating,233
1935,294,2,4552,1,3,5,At Risk (high value),135
1936,283,2,4794,2,3,5,At Risk (high value),235
1937,101,4,265,4,5,3,Loyal,453
1938,178,1,76,3,1,2,Needs Attention,312
1939,344,1,81,1,1,2,Hibernating,112
1940,2,4,238,5,5,3,Loyal,553
1941,98,2,108,4,3,3,Potential Loyalists,433
1942,301,2,4818,1,3,5,At Risk (high value),135
1943,291,2,4502,1,3,5,At Risk (high value),135
1944,13,2,106,5,3,3,Potential Loyalists,533
1945,147,4,164,3,5,3,Loyal,353
1946,4,4,322,5,5,3,Loyal,553
1947,134,1,81,3,1,2,Needs Attention,312
1948,95,2,4508,4,3,5,Potential Loyalists,435
1949,349,1,77,1,1,2,Hibernating,112
1950,117,2,4559,4,3,5,Potential Loyalists,435
1951,99,2,4760,4,3,5,Potential Loyalists,435
1952,306,1,31,1,1,1,Hibernating,111
1953,169,1,37,3,1,1,Needs Attention,311
1954,286,1,81,2,1,2,Hibernating,212
1955,228,2,51,2,3,2,Hibernating,232
1956,16,2,84,5,3,2,Potential Loyalists,532
1957,95,2,108,4,3,3,Potential Loyalists,433
1958,33,2,44,5,3,2,Potential Loyalists,532
1959,83,2,208,4,3,3,Potential Loyalists,433
1960,31,4,204,5,5,3,Loyal,553
1961,247,2,51,2,3,2,Hibernating,232
1962,12,2,84,5,3,2,Potential Loyalists,532
1963,76,2,84,4,3,2,Potential Loyalists,432
1964,33,2,108,5,3,3,Potential Loyalists,533
1965,74,4,120,4,5,3,Loyal,453
1966,359,1,57,1,1,2,Hibernating,112
1967,208,1,107,2,1,3,Hibernating,213
1968,234,1,22,2,1,1,Hibernating,211
1969,67,1,22,5,1,1,New Customers,511
1970,109,4,180,4,5,3,Loyal,453
1971,99,4,471,4,5,3,Loyal,453
1972,202,1,22,3,1,1,Needs Attention,311
1973,85,4,175,4,5,3,Loyal,453
1974,36,2,84,5,3,2,Potential Loyalists,532
1975,14,1,57,5,1,2,New Customers,512
1976,109,2,4619,4,3,5,Potential Loyalists,435
1977,149,1,22,3,1,1,Needs Attention,311
1978,329,1,72,1,1,2,Hibernating,112
1979,208,1,50,2,1,2,Hibernating,212
1980,343,1,181,1,1,3,Hibernating,113
1981,300,2,4553,1,3,5,At Risk (high value),135
1982,279,2,4809,2,3,5,At Risk (high value),235
1983,118,2,58,4,3,2,Potential Loyalists,432
1984,332,1,101,1,1,3,Hibernating,113
1985,92,4,200,4,5,3,Loyal,453
1986,190,2,44,3,3,2,Potential Loyalists,332
1987,211,2,4823,2,3,5,At Risk (high value),235
1988,107,3,6759,4,4,5,Champions,445
1989,100,3,6915,4,4,5,Champions,445
1990,115,3,6817,4,4,5,Champions,445
1991,120,3,6829,4,4,5,Champions,445
1992,134,3,5642,3,4,5,Loyal,345
1993,174,3,158,3,4,3,Loyal,343
1994,246,3,96,2,4,3,Loyal,243
1995,113,3,6855,4,4,5,Champions,445
1996,95,3,6850,4,4,5,Champions,445
1997,119,3,6808,4,4,5,Champions,445
1998,82,3,118,4,4,3,Loyal,443
1999,146,3,5695,3,4,5,Loyal,345
2000,102,3,6840,4,4,5,Champions,445
2001,98,3,6799,4,4,5,Champions,445
2002,112,3,6799,4,4,5,Champions,445
2003,70,3,295,5,4,3,Loyal,543
2004,199,3,230,3,4,3,Loyal,343
2005,145,3,190,3,4,3,Loyal,343
2006,6,3,387,5,4,3,Loyal,543
2007,122,3,6762,4,4,5,Champions,445
2008,101,3,5671,4,4,5,Champions,445
2009,43,3,100,5,4,3,Loyal,543
2010,39,3,168,5,4,3,Loyal,543
2011,109,3,5716,4,4,5,Champions,445
2012,116,3,6819,4,4,5,Champions,445
2013,103,3,7017,4,4,5,Champions,445
2014,87,3,256,4,4,3,Loyal,443
2015,19,2,195,5,3,3,Potential Loyalists,533
2016,266,2,155,2,3,3,Hibernating,233
2017,280,2,4813,2,3,5,At Risk (high value),235
2018,163,1,42,3,1,2,Needs Attention,312
2019,76,2,2642,4,3,4,Potential Loyalists,434
2020,104,2,4835,4,3,5,Potential Loyalists,435
2021,44,2,2589,5,3,4,Potential Loyalists,534
2022,54,2,2668,5,3,4,Potential Loyalists,534
2023,51,2,2644,5,3,4,Potential Loyalists,534
2024,30,2,89,5,3,2,Potential Loyalists,532
2025,59,2,2665,5,3,4,Potential Loyalists,534
2026,35,2,2690,5,3,4,Potential Loyalists,534
2027,54,2,156,5,3,3,Potential Loyalists,533
2028,171,1,2319,3,1,4,Needs Attention,314
2029,38,1,49,5,1,2,New Customers,512
2030,200,2,2961,3,3,4,Potential Loyalists,334
2031,142,1,77,3,1,2,Needs Attention,312
2032,310,1,22,1,1,1,Hibernating,111
2033,299,2,4740,1,3,5,At Risk (high value),135
2034,12,1,46,5,1,2,New Customers,512
2035,142,2,94,3,3,3,Potential Loyalists,333
2036,59,2,2638,5,3,4,Potential Loyalists,534
2037,56,2,2677,5,3,4,Potential Loyalists,534
2038,80,2,60,4,3,2,Potential Loyalists,432
2039,103,3,5581,4,4,5,Champions,445
2040,138,2,3282,3,3,5,Potential Loyalists,335
2041,12,2,95,5,3,3,Potential Loyalists,533
2042,224,2,154,2,3,3,Hibernating,233
2043,99,2,84,4,3,2,Potential Loyalists,432
2044,130,2,176,4,3,3,Potential Loyalists,433
2045,76,2,60,4,3,2,Potential Loyalists,432
2046,196,2,62,3,3,2,Potential Loyalists,332
2047,211,2,65,2,3,2,Hibernating,232
2048,132,3,242,4,4,3,Loyal,443
2049,84,3,190,4,4,3,Loyal,443
2050,86,3,5647,4,4,5,Champions,445
2051,84,3,5651,4,4,5,Champions,445
2052,96,3,6831,4,4,5,Champions,445
2053,269,1,31,2,1,1,Hibernating,211
2054,328,1,77,1,1,2,Hibernating,112
2055,48,1,76,5,1,2,New Customers,512
2056,145,2,3084,3,3,4,Potential Loyalists,334
2057,110,2,3291,4,3,5,Potential Loyalists,435
2058,85,2,3341,4,3,5,Potential Loyalists,435
2059,374,2,3032,1,3,4,At Risk (high value),134
2060,395,2,3089,1,3,4,At Risk (high value),134
2061,355,2,2808,1,3,4,At Risk (high value),134
2062,145,1,46,3,1,2,Needs Attention,312
2063,100,2,4501,4,3,5,Potential Loyalists,435
2064,94,2,4773,4,3,5,Potential Loyalists,435
2065,121,2,4580,4,3,5,Potential Loyalists,435
2066,236,1,1701,2,1,4,At Risk (high value),214
2067,317,2,3033,1,3,4,At Risk (high value),134
2068,275,2,3059,2,3,4,At Risk (high value),234
2069,298,2,2816,1,3,4,At Risk (high value),134
2070,298,2,2732,1,3,4,At Risk (high value),134
2071,317,1,57,1,1,2,Hibernating,112
2072,29,4,144,5,5,3,Loyal,553
2073,22,2,155,5,3,3,Potential Loyalists,533
2074,84,1,22,4,1,1,New Customers,411
2075,272,1,57,2,1,2,Hibernating,212
2076,103,3,6843,4,4,5,Champions,445
2077,105,3,6862,4,4,5,Champions,445
2078,80,3,6766,4,4,5,Champions,445
2079,76,3,6850,4,4,5,Champions,445
2080,89,3,6752,4,4,5,Champions,445
2081,88,3,6844,4,4,5,Champions,445
2082,73,3,6772,5,4,5,Champions,545
2083,79,3,6906,4,4,5,Champions,445
2084,280,2,4533,2,3,5,At Risk (high value),235
2085,234,1,1799,2,1,4,At Risk (high value),214
2086,234,2,3089,2,3,4,At Risk (high value),234
2087,122,2,4805,4,3,5,Potential Loyalists,435
2088,99,2,4803,4,3,5,Potential Loyalists,435
2089,117,2,4760,4,3,5,Potential Loyalists,435
2090,78,3,6800,4,4,5,Champions,445
2091,72,3,6812,5,4,5,Champions,545
2092,89,3,6864,4,4,5,Champions,445
2093,66,2,232,5,3,3,Potential Loyalists,533
2094,281,2,4778,2,3,5,At Risk (high value),235
2095,20,1,57,5,1,2,New Customers,512
2096,38,4,329,5,5,3,Loyal,553
2097,21,4,231,5,5,3,Loyal,553
2098,296,1,22,1,1,1,Hibernating,111
2099,266,1,72,2,1,2,Hibernating,212
2100,107,2,217,4,3,3,Potential Loyalists,433
2101,287,1,2377,2,1,4,At Risk (high value),214
2102,195,2,4736,3,3,5,Potential Loyalists,335
2103,296,1,2387,1,1,4,At Risk (high value),114
2104,67,3,6842,5,4,5,Champions,545
2105,65,3,6894,5,4,5,Champions,545
2106,89,3,5585,4,4,5,Champions,445
2107,77,3,5697,4,4,5,Champions,445
2108,69,3,5651,5,4,5,Champions,545
2109,46,3,5718,5,4,5,Champions,545
2110,51,3,5683,5,4,5,Champions,545
2111,55,3,5584,5,4,5,Champions,545
2112,54,3,5707,5,4,5,Champions,545
2113,48,3,5717,5,4,5,Champions,545
2114,86,3,6832,4,4,5,Champions,445
2115,67,3,6807,5,4,5,Champions,545
2116,86,3,6779,4,4,5,Champions,445
2117,71,3,230,5,4,3,Loyal,543
2118,81,3,6831,4,4,5,Champions,445
2119,37,3,5670,5,4,5,Champions,545
2120,66,3,6829,5,4,5,Champions,545
2121,34,3,205,5,4,3,Loyal,543
2122,145,3,121,3,4,3,Loyal,343
2123,63,3,6871,5,4,5,Champions,545
2124,92,3,6765,4,4,5,Champions,445
2125,27,3,92,5,4,2,Potential Loyalists,542
2126,40,3,138,5,4,3,Loyal,543
2127,67,3,6815,5,4,5,Champions,545
2128,120,3,86,4,4,2,Potential Loyalists,442
2129,91,3,6817,4,4,5,Champions,445
2130,71,3,6823,5,4,5,Champions,545
2131,71,3,6797,5,4,5,Champions,545
2132,67,3,6737,5,4,5,Champions,545
2133,81,3,6881,4,4,5,Champions,445
2134,92,3,6813,4,4,5,Champions,445
2135,52,3,5649,5,4,5,Champions,545
2136,73,3,6773,5,4,5,Champions,545
2137,113,2,62,4,3,2,Potential Loyalists,432
2138,224,3,178,2,4,3,Loyal,243
2139,184,3,84,3,4,2,Potential Loyalists,342
2140,69,3,6854,5,4,5,Champions,545
2141,9,3,325,5,4,3,Loyal,543
2142,65,3,240,5,4,3,Loyal,543
2143,99,2,4798,4,3,5,Potential Loyalists,435
2144,180,1,2405,3,1,4,Needs Attention,314
2145,145,4,281,3,5,3,Loyal,353
2146,86,1,2337,4,1,4,New Customers,414
2147,256,1,31,2,1,1,Hibernating,211
2148,237,1,75,2,1,2,Hibernating,212
2149,317,1,1137,1,1,3,Hibernating,113
2150,62,2,65,5,3,2,Potential Loyalists,532
2151,177,2,89,3,3,2,Potential Loyalists,332
2152,56,1,92,5,1,2,New Customers,512
2153,81,2,4583,4,3,5,Potential Loyalists,435
2154,351,1,107,1,1,3,Hibernating,113
2155,85,1,2310,4,1,4,New Customers,414
2156,34,3,227,5,4,3,Loyal,543
2157,33,2,2663,5,3,4,Potential Loyalists,534
2158,23,2,60,5,3,2,Potential Loyalists,532
2159,100,3,222,4,4,3,Loyal,443
2160,45,3,208,5,4,3,Loyal,543
2161,70,3,6839,5,4,5,Champions,545
2162,70,2,4524,5,3,5,Potential Loyalists,535
2163,197,1,86,3,1,2,Needs Attention,312
2164,244,1,31,2,1,1,Hibernating,211
2165,213,1,101,2,1,3,Hibernating,213
2166,80,2,4502,4,3,5,Potential Loyalists,435
2167,313,1,72,1,1,2,Hibernating,112
2168,84,1,42,4,1,2,New Customers,412
2169,125,1,75,4,1,2,New Customers,412
2170,106,2,192,4,3,3,Potential Loyalists,433
2171,280,2,231,2,3,3,Hibernating,233
2172,237,2,192,2,3,3,Hibernating,233
2173,21,2,144,5,3,3,Potential Loyalists,533
2174,285,2,4598,2,3,5,At Risk (high value),235
2175,295,2,4559,1,3,5,At Risk (high value),135
2176,2,4,287,5,5,3,Loyal,553
2177,283,2,4753,2,3,5,At Risk (high value),235
2178,283,2,4499,2,3,5,At Risk (high value),235
2179,288,2,4499,2,3,5,At Risk (high value),235
2180,47,4,190,5,5,3,Loyal,553
2181,156,2,201,3,3,3,Potential Loyalists,333
2182,88,2,186,4,3,3,Potential Loyalists,433
2183,54,2,166,5,3,3,Potential Loyalists,533
2184,307,2,196,1,3,3,Hibernating,133
2185,57,2,221,5,3,3,Potential Loyalists,533
2186,192,4,150,3,5,3,Loyal,353
2187,265,1,22,2,1,1,Hibernating,211
2188,274,1,30,2,1,1,Hibernating,211
2189,109,1,57,4,1,2,New Customers,412
2190,290,2,4765,1,3,5,At Risk (high value),135
2191,275,2,4502,2,3,5,At Risk (high value),235
2192,152,1,46,3,1,2,Needs Attention,312
2193,81,1,57,4,1,2,New Customers,412
2194,207,1,72,2,1,2,Hibernating,212
2195,132,1,57,4,1,2,New Customers,412
2196,295,1,72,1,1,2,Hibernating,112
2197,113,1,57,4,1,2,New Customers,412
2198,80,3,105,4,4,3,Loyal,443
2199,123,3,115,4,4,3,Loyal,443
2200,114,3,105,4,4,3,Loyal,443
2201,80,1,24,4,1,1,New Customers,411
2202,54,3,73,5,4,2,Potential Loyalists,542
2203,299,2,4559,1,3,5,At Risk (high value),135
2204,298,2,4492,1,3,5,At Risk (high value),135
2205,86,1,142,4,1,3,New Customers,413
2206,283,2,4803,2,3,5,At Risk (high value),235
2207,149,3,163,3,4,3,Loyal,343
2208,115,1,86,4,1,2,New Customers,412
2209,293,2,4813,1,3,5,At Risk (high value),135
2210,151,1,2320,3,1,4,Needs Attention,314
2211,80,2,4502,4,3,5,Potential Loyalists,435
2212,10,1,31,5,1,1,New Customers,511
2213,82,2,4565,4,3,5,Potential Loyalists,435
2214,327,1,22,1,1,1,Hibernating,111
2215,82,2,4502,4,3,5,Potential Loyalists,435
2216,170,1,72,3,1,2,Needs Attention,312
2217,266,1,96,2,1,3,Hibernating,213
2218,134,1,2352,3,1,4,Needs Attention,314
2219,88,1,86,4,1,2,New Customers,412
2220,116,1,22,4,1,1,New Customers,411
2221,303,2,4683,1,3,5,At Risk (high value),135
2222,280,2,4795,2,3,5,At Risk (high value),235
2223,84,3,150,4,4,3,Loyal,443
2224,96,1,57,4,1,2,New Customers,412
2225,251,2,4536,2,3,5,At Risk (high value),235
2226,62,2,4504,5,3,5,Potential Loyalists,535
2227,65,2,4565,5,3,5,Potential Loyalists,535
2228,290,1,72,1,1,2,Hibernating,112
2229,187,1,57,3,1,2,Needs Attention,312
2230,210,1,22,2,1,1,Hibernating,211
2231,265,2,4905,2,3,5,At Risk (high value),235
2232,134,4,248,3,5,3,Loyal,353
2233,144,1,22,3,1,1,Needs Attention,311
2234,87,2,4588,4,3,5,Potential Loyalists,435
2235,363,1,37,1,1,1,Hibernating,111
2236,345,1,57,1,1,2,Hibernating,112
2237,101,1,22,4,1,1,New Customers,411
2238,273,2,4517,2,3,5,At Risk (high value),235
2239,246,2,4512,2,3,5,At Risk (high value),235
2240,39,4,185,5,5,3,Loyal,553
2241,151,1,22,3,1,1,Needs Attention,311
2242,147,1,2326,3,1,4,Needs Attention,314
2243,112,1,57,4,1,2,New Customers,412
2244,247,2,4512,2,3,5,At Risk (high value),235
2245,111,1,81,4,1,2,New Customers,412
2246,206,1,46,3,1,2,Needs Attention,312
2247,68,2,4813,5,3,5,Potential Loyalists,535
2248,73,2,4549,5,3,5,Potential Loyalists,535
2249,84,2,4492,4,3,5,Potential Loyalists,435
2250,192,2,4795,3,3,5,Potential Loyalists,335
2251,268,2,4502,2,3,5,At Risk (high value),235
2252,267,3,6844,2,4,5,Loyal,245
2253,256,3,6820,2,4,5,Loyal,245
2254,247,3,6774,2,4,5,Loyal,245
2255,258,3,6801,2,4,5,Loyal,245
2256,58,4,7393,5,5,5,Champions,555
2257,35,4,7494,5,5,5,Champions,555
2258,54,4,8941,5,5,5,Champions,555
2259,46,4,8886,5,5,5,Champions,555
2260,72,4,7853,5,5,5,Champions,555
2261,169,4,7239,3,5,5,Loyal,355
2262,121,4,7200,4,5,5,Champions,455
2263,126,2,87,4,3,2,Potential Loyalists,432
2264,207,4,10871,2,5,5,Loyal,255
2265,114,4,7265,4,5,5,Champions,455
2266,85,4,7259,4,5,5,Champions,455
2267,315,1,30,1,1,1,Hibernating,111
2268,23,4,125,5,5,3,Loyal,553
2269,148,4,290,3,5,3,Loyal,353
2270,65,2,4508,5,3,5,Potential Loyalists,535
2271,124,1,2395,4,1,4,New Customers,414
2272,136,1,2320,3,1,4,Needs Attention,314
2273,92,1,81,4,1,2,New Customers,412
2274,260,2,4658,2,3,5,At Risk (high value),235
2275,265,2,4837,2,3,5,At Risk (high value),235
2276,353,1,22,1,1,1,Hibernating,111
2277,56,1,22,5,1,1,New Customers,511
2278,273,2,4499,2,3,5,At Risk (high value),235
2279,269,2,4579,2,3,5,At Risk (high value),235
2280,251,2,4534,2,3,5,At Risk (high value),235
2281,271,2,4559,2,3,5,At Risk (high value),235
2282,19,1,22,5,1,1,New Customers,511
2283,63,1,57,5,1,2,New Customers,512
2284,258,2,4499,2,3,5,At Risk (high value),235
2285,211,2,4767,2,3,5,At Risk (high value),235
2286,95,3,214,4,4,3,Loyal,443
2287,248,2,4517,2,3,5,At Risk (high value),235
2288,257,2,4763,2,3,5,At Risk (high value),235
2289,253,2,4574,2,3,5,At Risk (high value),235
2290,14,3,66,5,4,2,Potential Loyalists,542
2291,74,3,112,4,4,3,Loyal,443
2292,249,1,81,2,1,2,Hibernating,212
2293,248,2,4479,2,3,5,At Risk (high value),235
2294,193,1,22,3,1,1,Needs Attention,311
2295,115,1,87,4,1,2,New Customers,412
2296,6,1,72,5,1,2,New Customers,512
2297,308,1,22,1,1,1,Hibernating,111
2298,187,1,22,3,1,1,Needs Attention,311
2299,256,2,4512,2,3,5,At Risk (high value),235
2300,272,2,4835,2,3,5,At Risk (high value),235
2301,152,1,46,3,1,2,Needs Attention,312
2302,136,1,67,3,1,2,Needs Attention,312
2303,334,1,57,1,1,2,Hibernating,112
2304,145,3,66,3,4,2,Potential Loyalists,342
2305,251,2,4613,2,3,5,At Risk (high value),235
2306,270,1,72,2,1,2,Hibernating,212
2307,44,1,72,5,1,2,New Customers,512
2308,239,1,81,2,1,2,Hibernating,212
2309,277,1,30,2,1,1,Hibernating,211
2310,285,1,22,2,1,1,Hibernating,211
2311,322,1,30,1,1,1,Hibernating,111
2312,35,1,30,5,1,1,New Customers,511
2313,191,1,81,3,1,2,Needs Attention,312
2314,322,1,77,1,1,2,Hibernating,112
2315,257,2,4854,2,3,5,At Risk (high value),235
2316,270,2,4542,2,3,5,At Risk (high value),235
2317,263,2,4577,2,3,5,At Risk (high value),235
2318,67,1,57,5,1,2,New Customers,512
2319,118,4,214,4,5,3,Loyal,453
2320,253,2,4648,2,3,5,At Risk (high value),235
2321,337,1,22,1,1,1,Hibernating,111
2322,30,1,72,5,1,2,New Customers,512
2323,265,1,86,2,1,2,Hibernating,212
2324,47,1,142,5,1,3,New Customers,513
2325,265,2,4527,2,3,5,At Risk (high value),235
2326,247,2,4559,2,3,5,At Risk (high value),235
2327,254,2,4547,2,3,5,At Risk (high value),235
2328,193,1,31,3,1,1,Needs Attention,311
2329,206,2,4708,3,3,5,Potential Loyalists,335
2330,251,2,4807,2,3,5,At Risk (high value),235
2331,141,3,95,3,4,3,Loyal,343
2332,201,1,66,3,1,2,Needs Attention,312
2333,104,1,57,4,1,2,New Customers,412
2334,127,1,22,4,1,1,New Customers,411
2335,182,1,72,3,1,2,Needs Attention,312
2336,60,1,72,5,1,2,New Customers,512
2337,296,1,107,1,1,3,Hibernating,113
2338,237,1,181,2,1,3,Hibernating,213
2339,3,1,122,5,1,3,New Customers,513
2340,354,1,31,1,1,1,Hibernating,111
2341,254,2,4547,2,3,5,At Risk (high value),235
2342,348,1,142,1,1,3,Hibernating,113
2343,83,1,32,4,1,1,New Customers,411
2344,189,2,4720,3,3,5,Potential Loyalists,335
2345,272,1,81,2,1,2,Hibernating,212
2346,204,2,4759,3,3,5,Potential Loyalists,335
2347,272,2,4499,2,3,5,At Risk (high value),235
2348,238,1,72,2,1,2,Hibernating,212
2349,251,2,4616,2,3,5,At Risk (high value),235
2350,350,1,22,1,1,1,Hibernating,111
2351,1,3,133,5,4,3,Loyal,543
2352,266,2,4477,2,3,5,At Risk (high value),235
2353,222,1,57,2,1,2,Hibernating,212
2354,90,2,4548,4,3,5,Potential Loyalists,435
2355,265,2,4499,2,3,5,At Risk (high value),235
2356,246,2,4559,2,3,5,At Risk (high value),235
2357,105,1,31,4,1,1,New Customers,411
2358,67,2,4544,5,3,5,Potential Loyalists,535
2359,131,1,2387,4,1,4,New Customers,414
2360,83,2,4638,4,3,5,Potential Loyalists,435
2361,359,1,57,1,1,2,Hibernating,112
2362,82,2,4765,4,3,5,Potential Loyalists,435
2363,67,2,4477,5,3,5,Potential Loyalists,535
2364,335,1,72,1,1,2,Hibernating,112
2365,259,1,57,2,1,2,Hibernating,212
2366,140,1,24,3,1,1,Needs Attention,311
2367,210,2,4749,2,3,5,At Risk (high value),235
2368,271,2,4517,2,3,5,At Risk (high value),235
2369,95,1,72,4,1,2,New Customers,412
2370,247,2,4778,2,3,5,At Risk (high value),235
2371,72,1,2330,5,1,4,New Customers,514
2372,176,1,72,3,1,2,Needs Attention,312
2373,359,1,77,1,1,2,Hibernating,112
2374,304,1,72,1,1,2,Hibernating,112
2375,108,1,57,4,1,2,New Customers,412
2376,57,1,72,5,1,2,New Customers,512
2377,125,1,31,4,1,1,New Customers,411
2378,273,1,2320,2,1,4,At Risk (high value),214
2379,272,2,4523,2,3,5,At Risk (high value),235
2380,196,1,24,3,1,1,Needs Attention,311
2381,72,2,4820,5,3,5,Potential Loyalists,535
2382,189,1,72,3,1,2,Needs Attention,312
2383,251,2,4526,2,3,5,At Risk (high value),235
2384,87,2,4512,4,3,5,Potential Loyalists,435
2385,70,2,4574,5,3,5,Potential Loyalists,535
2386,77,2,4549,4,3,5,Potential Loyalists,435
2387,119,1,85,4,1,2,New Customers,412
2388,88,1,2337,4,1,4,New Customers,414
2389,330,1,107,1,1,3,Hibernating,113
2390,60,1,116,5,1,3,New Customers,513
2391,30,1,100,5,1,3,New Customers,513
2392,119,1,2406,4,1,4,New Customers,414
2393,81,1,57,4,1,2,New Customers,412
2394,264,1,2352,2,1,4,At Risk (high value),214
2395,262,1,2319,2,1,4,At Risk (high value),214
2396,195,1,22,3,1,1,Needs Attention,311
2397,245,1,2362,2,1,4,At Risk (high value),214
2398,78,1,2397,4,1,4,New Customers,414
2399,69,1,2322,5,1,4,New Customers,514
2400,82,1,2295,4,1,4,New Customers,414
2401,83,2,4569,4,3,5,Potential Loyalists,435
2402,69,2,4798,5,3,5,Potential Loyalists,535
2403,92,2,4793,4,3,5,Potential Loyalists,435
2404,260,2,4579,2,3,5,At Risk (high value),235
2405,247,3,6812,2,4,5,Loyal,245
2406,189,4,10778,3,5,5,Loyal,355
2407,73,4,7300,5,5,5,Champions,555
2408,249,3,6904,2,4,5,Loyal,245
2409,247,3,6792,2,4,5,Loyal,245
2410,99,1,109,4,1,3,New Customers,413
2411,236,1,15,2,1,1,Hibernating,211
2412,244,3,6819,2,4,5,Loyal,245
2413,40,2,45,5,3,2,Potential Loyalists,532
2414,90,1,57,4,1,2,New Customers,412
2415,268,1,2320,2,1,4,At Risk (high value),214
2416,248,1,2326,2,1,4,At Risk (high value),214
2417,325,1,107,1,1,3,Hibernating,113
2418,272,1,2370,2,1,4,At Risk (high value),214
2419,168,2,4768,3,3,5,Potential Loyalists,335
2420,270,2,4477,2,3,5,At Risk (high value),235
2421,270,2,4798,2,3,5,At Risk (high value),235
2422,277,1,24,2,1,1,Hibernating,211
2423,258,1,81,2,1,2,Hibernating,212
2424,2,3,173,5,4,3,Loyal,543
2425,250,2,4807,2,3,5,At Risk (high value),235
2426,249,2,4810,2,3,5,At Risk (high value),235
2427,265,2,4499,2,3,5,At Risk (high value),235
2428,253,1,2295,2,1,4,At Risk (high value),214
2429,263,1,2317,2,1,4,At Risk (high value),214
2430,232,2,4588,2,3,5,At Risk (high value),235
2431,313,1,31,1,1,1,Hibernating,111
2432,230,2,4593,2,3,5,At Risk (high value),235
2433,308,1,57,1,1,2,Hibernating,112
2434,233,2,4534,2,3,5,At Risk (high value),235
2435,108,1,2355,4,1,4,New Customers,414
2436,227,2,4838,2,3,5,At Risk (high value),235
2437,239,2,4499,2,3,5,At Risk (high value),235
2438,333,1,81,1,1,2,Hibernating,112
2439,232,2,4502,2,3,5,At Risk (high value),235
2440,256,1,57,2,1,2,Hibernating,212
2441,176,2,4819,3,3,5,Potential Loyalists,335
2442,61,1,46,5,1,2,New Customers,512
2443,223,2,4501,2,3,5,At Risk (high value),235
2444,231,2,4537,2,3,5,At Risk (high value),235
2445,200,1,57,3,1,2,Needs Attention,312
2446,76,1,76,4,1,2,New Customers,412
2447,224,2,4537,2,3,5,At Risk (high value),235
2448,226,2,4534,2,3,5,At Risk (high value),235
2449,242,1,22,2,1,1,Hibernating,211
2450,230,2,4527,2,3,5,At Risk (high value),235
2451,236,2,4773,2,3,5,At Risk (high value),235
2452,103,1,22,4,1,1,New Customers,411
2453,243,2,4800,2,3,5,At Risk (high value),235
2454,226,2,4577,2,3,5,At Risk (high value),235
2455,229,1,2344,2,1,4,At Risk (high value),214
2456,233,1,2350,2,1,4,At Risk (high value),214
2457,244,2,4583,2,3,5,At Risk (high value),235
2458,177,1,57,3,1,2,Needs Attention,312
2459,356,1,45,1,1,2,Hibernating,112
2460,79,1,57,4,1,2,New Customers,412
2461,177,2,4693,3,3,5,Potential Loyalists,335
2462,228,2,4477,2,3,5,At Risk (high value),235
2463,55,2,4558,5,3,5,Potential Loyalists,535
2464,77,1,107,4,1,3,New Customers,413
2465,227,2,4502,2,3,5,At Risk (high value),235
2466,69,1,76,5,1,2,New Customers,512
2467,44,3,133,5,4,3,Loyal,543
2468,264,1,22,2,1,1,Hibernating,211
2469,224,2,4627,2,3,5,At Risk (high value),235
2470,13,1,72,5,1,2,New Customers,512
2471,40,1,57,5,1,2,New Customers,512
2472,254,1,31,2,1,1,Hibernating,211
2473,219,1,2519,2,1,4,At Risk (high value),214
2474,234,1,2319,2,1,4,At Risk (high value),214
2475,100,4,340,4,5,3,Loyal,453
2476,50,1,57,5,1,2,New Customers,512
2477,226,1,76,2,1,2,Hibernating,212
2478,216,2,4512,2,3,5,At Risk (high value),235
2479,239,2,4898,2,3,5,At Risk (high value),235
2480,159,1,76,3,1,2,Needs Attention,312
2481,254,1,81,2,1,2,Hibernating,212
2482,19,1,31,5,1,1,New Customers,511
2483,53,2,4501,5,3,5,Potential Loyalists,535
2484,192,1,57,3,1,2,Needs Attention,312
2485,240,2,4813,2,3,5,At Risk (high value),235
2486,348,1,37,1,1,1,Hibernating,111
2487,149,3,226,3,4,3,Loyal,343
2488,224,2,4534,2,3,5,At Risk (high value),235
2489,231,1,142,2,1,3,Hibernating,213
2490,219,2,4740,2,3,5,At Risk (high value),235
2491,324,1,57,1,1,2,Hibernating,112
2492,16,3,176,5,4,3,Loyal,543
2493,217,2,4501,2,3,5,At Risk (high value),235
2494,280,2,49,2,3,2,Hibernating,232
2495,256,1,40,2,1,1,Hibernating,211
2496,286,2,58,2,3,2,Hibernating,232
2497,287,1,37,2,1,1,Hibernating,211
2498,339,1,40,1,1,1,Hibernating,111
2499,163,1,101,3,1,3,Needs Attention,313
2500,350,1,134,1,1,3,Hibernating,113
2501,70,1,40,5,1,1,New Customers,511
2502,257,1,40,2,1,1,Hibernating,211
2503,164,1,55,3,1,2,Needs Attention,312
2504,252,2,101,2,3,3,Hibernating,233
2505,42,2,5923,5,3,5,Potential Loyalists,535
2506,184,2,128,3,3,3,Potential Loyalists,333
2507,118,1,124,4,1,3,New Customers,413
2508,279,2,44,2,3,2,Hibernating,232
2509,359,1,129,1,1,3,Hibernating,113
2510,236,2,49,2,3,2,Hibernating,232
2511,361,1,94,1,1,3,Hibernating,113
2512,44,2,6012,5,3,5,Potential Loyalists,535
2513,176,1,70,3,1,2,Needs Attention,312
2514,56,2,5918,5,3,5,Potential Loyalists,535
2515,57,2,5973,5,3,5,Potential Loyalists,535
2516,33,2,5948,5,3,5,Potential Loyalists,535
2517,166,2,44,3,3,2,Potential Loyalists,332
2518,88,3,5666,4,4,5,Champions,445
2519,47,2,2638,5,3,4,Potential Loyalists,534
2520,395,2,4492,1,3,5,At Risk (high value),135
2521,337,2,4551,1,3,5,At Risk (high value),135
2522,360,2,4514,1,3,5,At Risk (high value),135
2523,218,2,60,2,3,2,Hibernating,232
2524,217,2,67,2,3,2,Hibernating,232
2525,288,2,4528,2,3,5,At Risk (high value),235
2526,254,2,4606,2,3,5,At Risk (high value),235
2527,225,2,4549,2,3,5,At Risk (high value),235
2528,199,2,4529,3,3,5,Potential Loyalists,335
2529,163,2,4530,3,3,5,Potential Loyalists,335
2530,171,2,4615,3,3,5,Potential Loyalists,335
2531,137,1,186,3,1,3,Needs Attention,313
2532,146,1,70,3,1,2,Needs Attention,312
2533,126,1,7,4,1,1,New Customers,411
2534,52,2,138,5,3,3,Potential Loyalists,533
2535,58,2,86,5,3,2,Potential Loyalists,532
2536,102,2,59,4,3,2,Potential Loyalists,432
2537,39,2,5973,5,3,5,Potential Loyalists,535
2538,38,2,5910,5,3,5,Potential Loyalists,535
2539,56,2,5908,5,3,5,Potential Loyalists,535
2540,92,2,79,4,3,2,Potential Loyalists,432
2541,186,3,6528,3,4,5,Loyal,345
2542,213,3,6536,2,4,5,Loyal,245
2543,57,2,5943,5,3,5,Potential Loyalists,535
2544,36,2,5923,5,3,5,Potential Loyalists,535
2545,73,2,108,5,3,3,Potential Loyalists,533
2546,48,2,5908,5,3,5,Potential Loyalists,535
2547,48,2,5918,5,3,5,Potential Loyalists,535
2548,120,2,84,4,3,2,Potential Loyalists,432
2549,33,2,5908,5,3,5,Potential Loyalists,535
2550,273,1,94,2,1,3,Hibernating,213
2551,314,1,70,1,1,2,Hibernating,112
2552,90,3,5623,4,4,5,Champions,445
2553,44,2,5922,5,3,5,Potential Loyalists,535
2554,72,3,5603,5,4,5,Champions,545
2555,88,3,5641,4,4,5,Champions,445
2556,119,3,6483,4,4,5,Champions,445
2557,72,3,6497,5,4,5,Champions,545
2558,187,2,4443,3,3,5,Potential Loyalists,335
2559,77,3,6500,4,4,5,Champions,445
2560,211,3,6508,2,4,5,Loyal,245
2561,158,3,6453,3,4,5,Loyal,345
2562,209,2,4393,2,3,5,At Risk (high value),235
2563,208,2,4369,2,3,5,At Risk (high value),235
2564,174,2,5948,3,3,5,Potential Loyalists,335
2565,56,2,5932,5,3,5,Potential Loyalists,535
2566,39,2,4775,5,3,5,Potential Loyalists,535
2567,220,1,14,2,1,1,Hibernating,211
2568,38,2,5935,5,3,5,Potential Loyalists,535
2569,345,1,120,1,1,3,Hibernating,113
2570,243,1,49,2,1,2,Hibernating,212
2571,32,2,5948,5,3,5,Potential Loyalists,535
2572,366,1,144,1,1,3,Hibernating,113
2573,51,2,5945,5,3,5,Potential Loyalists,535
2574,261,1,120,2,1,3,Hibernating,213
2575,364,1,40,1,1,1,Hibernating,111
2576,179,4,9458,3,5,5,Loyal,355
2577,222,3,8330,2,4,5,Loyal,245
2578,166,4,9451,3,5,5,Loyal,355
2579,14,1,45,5,1,2,New Customers,512
2580,72,4,7294,5,5,5,Champions,555
2581,33,4,7285,5,5,5,Champions,555
2582,234,3,8375,2,4,5,Loyal,245
2583,154,2,78,3,3,2,Potential Loyalists,332
2584,237,3,8375,2,4,5,Loyal,245
2585,187,3,8361,3,4,5,Loyal,345
2586,194,3,8368,3,4,5,Loyal,345
2587,42,2,98,5,3,3,Potential Loyalists,533
2588,93,1,79,4,1,2,New Customers,412
2589,74,1,15,4,1,1,New Customers,411
2590,162,1,79,3,1,2,Needs Attention,312
2591,191,3,8306,3,4,5,Loyal,345
2592,203,3,8355,3,4,5,Loyal,345
2593,171,4,9695,3,5,5,Loyal,355
2594,45,1,50,5,1,2,New Customers,512
2595,185,1,45,3,1,2,Needs Attention,312
2596,167,4,9391,3,5,5,Loyal,355
2597,353,1,10,1,1,1,Hibernating,111
2598,163,1,59,3,1,2,Needs Attention,312
2599,114,1,50,4,1,2,New Customers,412
2600,121,2,51,4,3,2,Potential Loyalists,432
2601,210,3,8460,2,4,5,Loyal,245
2602,26,1,45,5,1,2,New Customers,512
2603,213,3,8376,2,4,5,Loyal,245
2604,233,2,134,2,3,3,Hibernating,233
2605,10,2,178,5,3,3,Potential Loyalists,533
2606,181,4,9614,3,5,5,Loyal,355
2607,33,4,7195,5,5,5,Champions,555
2608,51,3,6464,5,4,5,Champions,545
2609,109,1,72,4,1,2,New Customers,412
2610,73,2,99,5,3,3,Potential Loyalists,533
2611,314,1,45,1,1,2,Hibernating,112
2612,24,1,39,5,1,1,New Customers,511
2613,34,2,84,5,3,2,Potential Loyalists,532
2614,211,3,105,2,4,3,Loyal,243
2615,105,3,114,4,4,3,Loyal,443
2616,98,3,147,4,4,3,Loyal,443
2617,83,3,6872,4,4,5,Champions,445
2618,9,3,142,5,4,3,Loyal,543
2619,62,3,6763,5,4,5,Champions,545
2620,68,3,6808,5,4,5,Champions,545
2621,77,3,6848,4,4,5,Champions,445
2622,142,3,167,3,4,3,Loyal,343
2623,89,3,6841,4,4,5,Champions,445
2624,42,3,99,5,4,3,Loyal,543
2625,21,3,119,5,4,3,Loyal,543
2626,92,3,6962,4,4,5,Champions,445
2627,77,3,6909,4,4,5,Champions,445
2628,70,3,214,5,4,3,Loyal,543
2629,125,3,191,4,4,3,Loyal,443
2630,71,3,6889,5,4,5,Champions,545
2631,58,3,6824,5,4,5,Champions,545
2632,39,3,6817,5,4,5,Champions,545
2633,43,3,6838,5,4,5,Champions,545
2634,49,3,6803,5,4,5,Champions,545
2635,36,3,235,5,4,3,Loyal,543
2636,34,3,215,5,4,3,Loyal,543
2637,61,3,6831,5,4,5,Champions,545
2638,38,3,6777,5,4,5,Champions,545
2639,52,3,6832,5,4,5,Champions,545
2640,222,3,189,2,4,3,Loyal,243
2641,84,2,71,4,3,2,Potential Loyalists,432
2642,236,2,144,2,3,3,Hibernating,233
2643,259,2,80,2,3,2,Hibernating,232
2644,58,3,6799,5,4,5,Champions,545
2645,37,3,6864,5,4,5,Champions,545
2646,44,3,6817,5,4,5,Champions,545
2647,55,3,6843,5,4,5,Champions,545
2648,39,3,6793,5,4,5,Champions,545
2649,38,3,6765,5,4,5,Champions,545
2650,45,3,6812,5,4,5,Champions,545
2651,32,3,6768,5,4,5,Champions,545
2652,40,3,6812,5,4,5,Champions,545
2653,266,1,31,2,1,1,Hibernating,211
2654,238,2,4547,2,3,5,At Risk (high value),235
2655,205,1,57,3,1,2,Needs Attention,312
2656,84,1,22,4,1,1,New Customers,411
2657,199,1,57,3,1,2,Needs Attention,312
2658,237,2,4819,2,3,5,At Risk (high value),235
2659,220,2,4787,2,3,5,At Risk (high value),235
2660,238,1,66,2,1,2,Hibernating,212
2661,168,2,4750,3,3,5,Potential Loyalists,335
2662,176,2,5913,3,3,5,Potential Loyalists,335
2663,377,2,3021,1,3,4,At Risk (high value),134
2664,361,1,15,1,1,1,Hibernating,111
2665,95,2,210,4,3,3,Potential Loyalists,433
2666,15,2,84,5,3,2,Potential Loyalists,532
2667,55,2,5900,5,3,5,Potential Loyalists,535
2668,347,2,3001,1,3,4,At Risk (high value),134
2669,53,3,114,5,4,3,Loyal,543
2670,11,3,129,5,4,3,Loyal,543
2671,58,3,178,5,4,3,Loyal,543
2672,1,1,135,5,1,3,New Customers,513
2673,216,1,120,2,1,3,Hibernating,213
2674,73,1,94,5,1,3,New Customers,513
2675,269,1,148,2,1,3,Hibernating,213
2676,82,2,215,4,3,3,Potential Loyalists,433
2677,162,2,69,3,3,2,Potential Loyalists,332
2678,25,1,40,5,1,1,New Customers,511
2679,160,2,5933,3,3,5,Potential Loyalists,335
2680,181,2,5933,3,3,5,Potential Loyalists,335
2681,176,2,5948,3,3,5,Potential Loyalists,335
2682,120,1,75,4,1,2,New Customers,412
2683,230,1,15,2,1,1,Hibernating,211
2684,108,1,90,4,1,2,New Customers,412
2685,61,1,40,5,1,1,New Customers,511
2686,157,3,6509,3,4,5,Loyal,345
2687,145,3,6493,3,4,5,Loyal,345
2688,154,2,5873,3,3,5,Potential Loyalists,335
2689,214,1,27,2,1,1,Hibernating,211
2690,158,2,5898,3,3,5,Potential Loyalists,335
2691,84,3,7162,4,4,5,Champions,445
2692,154,2,5977,3,3,5,Potential Loyalists,335
2693,98,1,25,4,1,1,New Customers,411
2694,55,3,7171,5,4,5,Champions,545
2695,121,2,106,4,3,3,Potential Loyalists,433
2696,225,1,35,2,1,1,Hibernating,211
2697,342,1,49,1,1,2,Hibernating,112
2698,151,3,6485,3,4,5,Loyal,345
2699,343,1,32,1,1,1,Hibernating,111
2700,106,1,76,4,1,2,New Customers,412
2701,34,2,4526,5,3,5,Potential Loyalists,535
2702,11,4,170,5,5,3,Loyal,553
2703,56,2,4479,5,3,5,Potential Loyalists,535
2704,268,1,75,2,1,2,Hibernating,212
2705,236,2,2737,2,3,4,At Risk (high value),234
2706,159,2,3018,3,3,4,Potential Loyalists,334
2707,62,1,2337,5,1,4,New Customers,514
2708,6,4,190,5,5,3,Loyal,553
2709,19,4,161,5,5,3,Loyal,553
2710,79,1,2332,4,1,4,New Customers,414
2711,91,1,2341,4,1,4,New Customers,414
2712,74,1,2381,4,1,4,New Customers,414
2713,43,2,4504,5,3,5,Potential Loyalists,535
2714,40,2,4828,5,3,5,Potential Loyalists,535
2715,173,2,3033,3,3,4,Potential Loyalists,334
2716,137,2,2779,3,3,4,Potential Loyalists,334
2717,133,2,3078,4,3,4,Potential Loyalists,434
2718,257,1,75,2,1,2,Hibernating,212
2719,128,2,3062,4,3,4,Potential Loyalists,434
2720,248,1,1129,2,1,3,Hibernating,213
2721,138,1,1155,3,1,3,Needs Attention,313
2722,121,2,2787,4,3,4,Potential Loyalists,434
2723,104,2,3102,4,3,4,Potential Loyalists,434
2724,89,1,75,4,1,2,New Customers,412
2725,52,2,4477,5,3,5,Potential Loyalists,535
2726,40,2,4533,5,3,5,Potential Loyalists,535
2727,47,2,4501,5,3,5,Potential Loyalists,535
2728,50,1,81,5,1,2,New Customers,512
2729,34,2,4879,5,3,5,Potential Loyalists,535
2730,60,2,4884,5,3,5,Potential Loyalists,535
2731,45,2,4571,5,3,5,Potential Loyalists,535
2732,6,1,22,5,1,1,New Customers,511
2733,157,3,109,3,4,3,Loyal,343
2734,55,2,4554,5,3,5,Potential Loyalists,535
2735,56,2,4523,5,3,5,Potential Loyalists,535
2736,32,2,4517,5,3,5,Potential Loyalists,535
2737,41,2,4479,5,3,5,Potential Loyalists,535
2738,212,1,39,2,1,1,Hibernating,211
2739,13,1,22,5,1,1,New Customers,511
2740,158,1,72,3,1,2,Needs Attention,312
2741,153,1,57,3,1,2,Needs Attention,312
2742,386,2,2951,1,3,4,At Risk (high value),134
2743,368,2,2988,1,3,4,At Risk (high value),134
2744,83,1,2350,4,1,4,New Customers,414
2745,371,2,2959,1,3,4,At Risk (high value),134
2746,385,2,3282,1,3,5,At Risk (high value),135
2747,371,2,3249,1,3,4,At Risk (high value),134
2748,374,2,3045,1,3,4,At Risk (high value),134
2749,284,1,72,2,1,2,Hibernating,212
2750,219,1,22,2,1,1,Hibernating,211
2751,235,1,72,2,1,2,Hibernating,212
2752,33,3,225,5,4,3,Loyal,543
2753,168,1,24,3,1,1,Needs Attention,311
2754,1,1,85,5,1,2,New Customers,512
2755,42,1,57,5,1,2,New Customers,512
2756,57,1,46,5,1,2,New Customers,512
2757,221,4,298,2,5,3,Loyal,253
2758,176,1,87,3,1,2,Needs Attention,312
2759,43,4,284,5,5,3,Loyal,553
2760,301,1,101,1,1,3,Hibernating,113
2761,26,4,198,5,5,3,Loyal,553
2762,219,1,46,2,1,2,Hibernating,212
2763,24,4,230,5,5,3,Loyal,553
2764,141,1,31,3,1,1,Needs Attention,311
2765,318,1,75,1,1,2,Hibernating,112
2766,32,3,7152,5,4,5,Champions,545
2767,334,2,3001,1,3,4,At Risk (high value),134
2768,47,2,5910,5,3,5,Potential Loyalists,535
2769,81,3,5064,4,4,5,Champions,445
2770,68,3,5086,5,4,5,Champions,545
2771,117,3,6428,4,4,5,Champions,445
2772,106,3,6535,4,4,5,Champions,445
2773,131,2,5928,4,3,5,Potential Loyalists,435
2774,203,1,42,3,1,2,Needs Attention,312
2775,389,2,4392,1,3,5,At Risk (high value),135
2776,41,1,69,5,1,2,New Customers,512
2777,319,2,71,1,3,2,Hibernating,132
2778,33,3,7147,5,4,5,Champions,545
2779,369,2,4397,1,3,5,At Risk (high value),135
2780,286,2,3063,2,3,4,At Risk (high value),234
2781,66,1,59,5,1,2,New Customers,512
2782,225,2,110,2,3,3,Hibernating,233
2783,106,3,6512,4,4,5,Champions,445
2784,143,2,5955,3,3,5,Potential Loyalists,335
2785,37,3,7138,5,4,5,Champions,545
2786,226,2,122,2,3,3,Hibernating,233
2787,178,1,5,3,1,1,Needs Attention,311
2788,258,1,60,2,1,2,Hibernating,212
2789,103,2,201,4,3,3,Potential Loyalists,433
2790,387,2,4397,1,3,5,At Risk (high value),135
2791,360,2,4397,1,3,5,At Risk (high value),135
2792,141,2,108,3,3,3,Potential Loyalists,333
2793,38,3,7216,5,4,5,Champions,545
2794,302,2,3021,1,3,4,At Risk (high value),134
2795,48,3,7212,5,4,5,Champions,545
2796,332,2,4357,1,3,5,At Risk (high value),135
2797,89,1,40,4,1,1,New Customers,411
2798,30,1,7,5,1,1,New Customers,511
2799,24,2,137,5,3,3,Potential Loyalists,533
2800,297,2,3010,1,3,4,At Risk (high value),134
2801,259,2,3262,2,3,4,At Risk (high value),234
2802,253,2,3262,2,3,4,At Risk (high value),234
2803,341,1,79,1,1,2,Hibernating,112
2804,170,1,186,3,1,3,Needs Attention,313
2805,29,1,27,5,1,1,New Customers,511
2806,245,1,29,2,1,1,Hibernating,211
2807,246,2,3075,2,3,4,At Risk (high value),234
2808,302,2,4506,1,3,5,At Risk (high value),135
2809,251,2,4406,2,3,5,At Risk (high value),235
2810,286,1,114,2,1,3,Hibernating,213
2811,41,1,53,5,1,2,New Customers,512
2812,215,2,3001,2,3,4,At Risk (high value),234
2813,241,2,3262,2,3,4,At Risk (high value),234
2814,332,1,75,1,1,2,Hibernating,112
2815,291,2,230,1,3,3,Hibernating,133
2816,123,2,115,4,3,3,Potential Loyalists,433
2817,152,2,261,3,3,3,Potential Loyalists,333
2818,230,1,35,2,1,1,Hibernating,211
2819,363,1,40,1,1,1,Hibernating,111
2820,221,1,35,2,1,1,Hibernating,211
2821,127,2,5908,4,3,5,Potential Loyalists,435
2822,141,2,5940,3,3,5,Potential Loyalists,335
2823,104,3,6523,4,4,5,Champions,445
2824,76,3,5393,4,4,5,Champions,445
2825,101,1,5,4,1,1,New Customers,411
2826,157,1,37,3,1,1,Needs Attention,311
2827,84,1,49,4,1,2,New Customers,412
2828,196,1,29,3,1,1,Needs Attention,311
2829,90,1,166,4,1,3,New Customers,413
2830,269,2,4379,2,3,5,At Risk (high value),235
2831,20,2,285,5,3,3,Potential Loyalists,533
2832,329,1,35,1,1,1,Hibernating,111
2833,315,1,24,1,1,1,Hibernating,111
2834,72,1,107,5,1,3,New Customers,513
2835,81,1,22,4,1,1,New Customers,411
2836,154,1,37,3,1,1,Needs Attention,311
2837,219,2,4379,2,3,5,At Risk (high value),235
2838,78,1,90,4,1,2,New Customers,412
2839,36,2,141,5,3,3,Potential Loyalists,533
2840,224,2,3242,2,3,4,At Risk (high value),234
2841,185,2,3010,3,3,4,Potential Loyalists,334
2842,104,3,6624,4,4,5,Champions,445
2843,222,2,4404,2,3,5,At Risk (high value),235
2844,324,1,31,1,1,1,Hibernating,111
2845,241,2,4355,2,3,5,At Risk (high value),235
2846,127,2,5917,4,3,5,Potential Loyalists,435
2847,135,2,5933,3,3,5,Potential Loyalists,335
2848,149,2,5888,3,3,5,Potential Loyalists,335
2849,354,1,61,1,1,2,Hibernating,112
2850,384,2,3085,1,3,4,At Risk (high value),134
2851,240,1,57,2,1,2,Hibernating,212
2852,79,1,2332,4,1,4,New Customers,414
2853,62,1,2295,5,1,4,New Customers,514
2854,47,1,2330,5,1,4,New Customers,514
2855,354,2,3247,1,3,4,At Risk (high value),134
2856,337,2,3095,1,3,4,At Risk (high value),134
2857,347,2,2982,1,3,4,At Risk (high value),134
2858,50,1,46,5,1,2,New Customers,512
2859,172,1,72,3,1,2,Needs Attention,312
2860,36,1,22,5,1,1,New Customers,511
2861,10,4,123,5,5,3,Loyal,553
2862,183,1,22,3,1,1,Needs Attention,311
2863,346,2,2986,1,3,4,At Risk (high value),134
2864,143,1,72,3,1,2,Needs Attention,312
2865,207,1,22,2,1,1,Hibernating,211
2866,235,2,4534,2,3,5,At Risk (high value),235
2867,236,2,4640,2,3,5,At Risk (high value),235
2868,242,1,57,2,1,2,Hibernating,212
2869,311,1,31,1,1,1,Hibernating,111
2870,88,1,22,4,1,1,New Customers,411
2871,343,2,3282,1,3,5,At Risk (high value),135
2872,340,2,3060,1,3,4,At Risk (high value),134
2873,362,1,181,1,1,3,Hibernating,113
2874,230,2,4765,2,3,5,At Risk (high value),235
2875,189,1,77,3,1,2,Needs Attention,312
2876,5,1,24,5,1,1,New Customers,511
2877,202,1,22,3,1,1,Needs Attention,311
2878,336,2,3030,1,3,4,At Risk (high value),134
2879,45,1,2367,5,1,4,New Customers,514
2880,143,1,22,3,1,1,Needs Attention,311
2881,206,1,72,3,1,2,Needs Attention,312
2882,155,1,72,3,1,2,Needs Attention,312
2883,358,2,3282,1,3,5,At Risk (high value),135
2884,364,2,3021,1,3,4,At Risk (high value),134
2885,352,2,3043,1,3,4,At Risk (high value),134
2886,241,2,4844,2,3,5,At Risk (high value),235
2887,223,2,4537,2,3,5,At Risk (high value),235
2888,232,2,4763,2,3,5,At Risk (high value),235
2889,92,1,22,4,1,1,New Customers,411
2890,338,2,3084,1,3,4,At Risk (high value),134
2891,317,2,2982,1,3,4,At Risk (high value),134
2892,267,1,86,2,1,2,Hibernating,212
2893,332,2,3021,1,3,4,At Risk (high value),134
2894,224,1,22,2,1,1,Hibernating,211
2895,227,2,4810,2,3,5,At Risk (high value),235
2896,242,2,4559,2,3,5,At Risk (high value),235
2897,237,2,4775,2,3,5,At Risk (high value),235
2898,234,2,4499,2,3,5,At Risk (high value),235
2899,233,2,4835,2,3,5,At Risk (high value),235
2900,291,1,22,1,1,1,Hibernating,111
2901,285,1,22,2,1,1,Hibernating,211
2902,232,1,67,2,1,2,Hibernating,212
2903,201,1,22,3,1,1,Needs Attention,311
2904,242,2,4512,2,3,5,At Risk (high value),235
2905,218,2,4502,2,3,5,At Risk (high value),235
2906,214,2,4549,2,3,5,At Risk (high value),235
2907,312,2,3021,1,3,4,At Risk (high value),134
2908,240,2,4597,2,3,5,At Risk (high value),235
2909,165,2,4715,3,3,5,Potential Loyalists,335
2910,148,2,4764,3,3,5,Potential Loyalists,335
2911,230,2,4527,2,3,5,At Risk (high value),235
2912,217,2,4549,2,3,5,At Risk (high value),235
2913,244,2,4548,2,3,5,At Risk (high value),235
2914,205,1,107,3,1,3,Needs Attention,313
2915,278,1,72,2,1,2,Hibernating,212
2916,333,2,3045,1,3,4,At Risk (high value),134
2917,46,1,2355,5,1,4,New Customers,514
2918,334,2,3282,1,3,5,At Risk (high value),135
2919,44,1,2398,5,1,4,New Customers,514
2920,25,1,86,5,1,2,New Customers,512
2921,92,4,268,4,5,3,Loyal,453
2922,117,1,57,4,1,2,New Customers,412
2923,76,1,57,4,1,2,New Customers,412
2924,294,1,57,1,1,2,Hibernating,112
2925,215,1,30,2,1,1,Hibernating,211
2926,327,2,3220,1,3,4,At Risk (high value),134
2927,269,1,57,2,1,2,Hibernating,212
2928,315,2,3021,1,3,4,At Risk (high value),134
2929,49,1,86,5,1,2,New Customers,512
2930,2,1,77,5,1,2,New Customers,512
2931,93,1,141,4,1,3,New Customers,413
2932,184,1,22,3,1,1,Needs Attention,311
2933,84,1,22,4,1,1,New Customers,411
2934,337,1,57,1,1,2,Hibernating,112
2935,54,1,31,5,1,1,New Customers,511
2936,333,1,57,1,1,2,Hibernating,112
2937,82,3,219,4,4,3,Loyal,443
2938,177,1,86,3,1,2,Needs Attention,312
2939,318,2,3071,1,3,4,At Risk (high value),134
2940,326,2,3084,1,3,4,At Risk (high value),134
2941,174,1,86,3,1,2,Needs Attention,312
2942,41,4,287,5,5,3,Loyal,553
2943,328,1,57,1,1,2,Hibernating,112
2944,147,1,37,3,1,1,Needs Attention,311
2945,23,4,160,5,5,3,Loyal,553
2946,320,1,57,1,1,2,Hibernating,112
2947,15,1,22,5,1,1,New Customers,511
2948,217,2,4606,2,3,5,At Risk (high value),235
2949,225,2,4563,2,3,5,At Risk (high value),235
2950,214,2,4549,2,3,5,At Risk (high value),235
2951,124,1,24,4,1,1,New Customers,411
2952,125,1,57,4,1,2,New Customers,412
2953,120,2,82,4,3,2,Potential Loyalists,432
2954,41,3,6840,5,4,5,Champions,545
2955,117,3,128,4,4,3,Loyal,443
2956,45,3,6888,5,4,5,Champions,545
2957,100,2,82,4,3,2,Potential Loyalists,432
2958,39,3,5645,5,4,5,Champions,545
2959,57,3,6839,5,4,5,Champions,545
2960,50,3,6858,5,4,5,Champions,545
2961,37,3,6871,5,4,5,Champions,545
2962,13,2,137,5,3,3,Potential Loyalists,533
2963,9,2,90,5,3,2,Potential Loyalists,532
2964,16,2,139,5,3,3,Potential Loyalists,533
2965,43,3,6806,5,4,5,Champions,545
2966,40,3,6872,5,4,5,Champions,545
2967,34,3,6842,5,4,5,Champions,545
2968,32,3,5722,5,4,5,Champions,545
2969,38,3,5181,5,4,5,Champions,545
2970,49,2,77,5,3,2,Potential Loyalists,532
2971,50,3,6843,5,4,5,Champions,545
2972,36,3,6772,5,4,5,Champions,545
2973,35,2,77,5,3,2,Potential Loyalists,532
2974,51,3,5185,5,4,5,Champions,545
2975,59,3,5237,5,4,5,Champions,545
2976,42,3,5138,5,4,5,Champions,545
2977,228,2,4512,2,3,5,At Risk (high value),235
2978,220,2,4788,2,3,5,At Risk (high value),235
2979,221,2,4775,2,3,5,At Risk (high value),235
2980,307,2,3282,1,3,5,At Risk (high value),135
2981,283,1,57,2,1,2,Hibernating,212
2982,193,2,124,3,3,3,Potential Loyalists,333
2983,85,2,60,4,3,2,Potential Loyalists,432
2984,187,2,180,3,3,3,Potential Loyalists,333
2985,326,2,3282,1,3,5,At Risk (high value),135
2986,282,1,31,2,1,1,Hibernating,211
2987,312,2,1893,1,3,4,At Risk (high value),134
2988,36,1,2330,5,1,4,New Customers,514
2989,119,4,196,4,5,3,Loyal,453
2990,316,1,46,1,1,2,Hibernating,112
2991,309,2,1893,1,3,4,At Risk (high value),134
2992,88,1,86,4,1,2,New Customers,412
2993,292,2,1801,1,3,4,At Risk (high value),134
2994,298,2,1804,1,3,4,At Risk (high value),134
2995,141,2,4528,3,3,5,Potential Loyalists,335
2996,73,2,65,5,3,2,Potential Loyalists,532
2997,213,2,66,2,3,2,Hibernating,232
2998,35,2,4586,5,3,5,Potential Loyalists,535
2999,99,2,245,4,3,3,Potential Loyalists,433
3000,221,2,3295,2,3,5,At Risk (high value),235
3001,186,1,85,3,1,2,Needs Attention,312
3002,174,1,107,3,1,3,Needs Attention,313
3003,320,1,86,1,1,2,Hibernating,112
3004,121,2,1579,4,3,4,Potential Loyalists,434
3005,156,1,57,3,1,2,Needs Attention,312
3006,242,2,3319,2,3,5,At Risk (high value),235
3007,241,2,3295,2,3,5,At Risk (high value),235
3008,386,2,3772,1,3,5,At Risk (high value),135
3009,188,2,64,3,3,2,Potential Loyalists,332
3010,86,2,64,4,3,2,Potential Loyalists,432
3011,336,2,3861,1,3,5,At Risk (high value),135
3012,350,2,3831,1,3,5,At Risk (high value),135
3013,54,3,5250,5,4,5,Champions,545
3014,48,2,138,5,3,3,Potential Loyalists,533
3015,88,2,62,4,3,2,Potential Loyalists,432
3016,98,2,60,4,3,2,Potential Loyalists,432
3017,146,2,121,3,3,3,Potential Loyalists,333
3018,304,2,1848,1,3,4,At Risk (high value),134
3019,96,2,64,4,3,2,Potential Loyalists,432
3020,25,2,62,5,3,2,Potential Loyalists,532
3021,50,3,6831,5,4,5,Champions,545
3022,264,1,22,2,1,1,Hibernating,211
3023,85,2,1669,4,3,4,Potential Loyalists,434
3024,40,2,1575,5,3,4,Potential Loyalists,534
3025,299,2,1902,1,3,4,At Risk (high value),134
3026,55,2,1586,5,3,4,Potential Loyalists,534
3027,51,2,1589,5,3,4,Potential Loyalists,534
3028,175,1,22,3,1,1,Needs Attention,311
3029,194,1,92,3,1,2,Needs Attention,312
3030,1,1,57,5,1,2,New Customers,512
3031,50,3,6905,5,4,5,Champions,545
3032,50,3,6964,5,4,5,Champions,545
3033,42,3,6859,5,4,5,Champions,545
3034,45,3,6809,5,4,5,Champions,545
3035,51,2,104,5,3,3,Potential Loyalists,533
3036,186,1,66,3,1,2,Needs Attention,312
3037,302,2,1839,1,3,4,At Risk (high value),134
3038,281,2,1898,2,3,4,At Risk (high value),234
3039,43,3,6819,5,4,5,Champions,545
3040,55,3,6808,5,4,5,Champions,545
3041,231,1,32,2,1,1,Hibernating,211
3042,145,2,4765,3,3,5,Potential Loyalists,335
3043,48,1,22,5,1,1,New Customers,511
3044,330,1,57,1,1,2,Hibernating,112
3045,239,2,3357,2,3,5,At Risk (high value),235
3046,35,3,6804,5,4,5,Champions,545
3047,166,3,5645,3,4,5,Loyal,345
3048,169,3,5643,3,4,5,Loyal,345
3049,52,3,5123,5,4,5,Champions,545
3050,40,3,5290,5,4,5,Champions,545
3051,178,3,5650,3,4,5,Loyal,345
3052,170,3,5607,3,4,5,Loyal,345
3053,238,2,86,2,3,2,Hibernating,232
3054,355,2,86,1,3,2,Hibernating,132
3055,5,3,280,5,4,3,Loyal,543
3056,32,3,5177,5,4,5,Champions,545
3057,11,3,128,5,4,3,Loyal,543
3058,9,2,115,5,3,3,Potential Loyalists,533
3059,179,3,5652,3,4,5,Loyal,345
3060,209,2,106,2,3,3,Hibernating,233
3061,97,2,99,4,3,3,Potential Loyalists,433
3062,305,2,82,1,3,2,Hibernating,132
3063,166,3,5648,3,4,5,Loyal,345
3064,180,3,5676,3,4,5,Loyal,345
3065,163,3,5694,3,4,5,Loyal,345
3066,172,3,5608,3,4,5,Loyal,345
3067,173,3,3611,3,4,5,Loyal,345
3068,166,2,115,3,3,3,Potential Loyalists,333
3069,163,2,77,3,3,2,Potential Loyalists,332
3070,36,2,174,5,3,3,Potential Loyalists,533
3071,170,3,5619,3,4,5,Loyal,345
3072,182,3,5618,3,4,5,Loyal,345
3073,164,2,75,3,3,2,Potential Loyalists,332
3074,100,2,157,4,3,3,Potential Loyalists,433
3075,247,2,60,2,3,2,Hibernating,232
3076,281,1,57,2,1,2,Hibernating,212
3077,271,1,72,2,1,2,Hibernating,212
3078,102,4,180,4,5,3,Loyal,453
3079,376,1,839,1,1,3,Hibernating,113
3080,3,4,224,5,5,3,Loyal,553
3081,298,2,1848,1,3,4,At Risk (high value),134
3082,345,2,3451,1,3,5,At Risk (high value),135
3083,46,1,22,5,1,1,New Customers,511
3084,319,2,2751,1,3,4,At Risk (high value),134
3085,155,4,138,3,5,3,Loyal,353
3086,280,1,37,2,1,1,Hibernating,211
3087,9,2,70,5,3,2,Potential Loyalists,532
3088,205,3,342,3,4,3,Loyal,343
3089,252,2,2755,2,3,4,At Risk (high value),234
3090,287,2,1893,2,3,4,At Risk (high value),234
3091,274,1,86,2,1,2,Hibernating,212
3092,177,5,251,3,5,3,Loyal,353
3093,143,1,57,3,1,2,Needs Attention,312
3094,159,1,31,3,1,1,Needs Attention,311
3095,278,1,22,2,1,1,Hibernating,211
3096,293,2,1801,1,3,4,At Risk (high value),134
3097,9,5,233,5,5,3,Loyal,553
3098,188,1,57,3,1,2,Needs Attention,312
3099,292,2,1845,1,3,4,At Risk (high value),134
3100,137,3,200,3,4,3,Loyal,343
3101,54,3,226,5,4,3,Loyal,543
3102,169,3,3679,3,4,5,Loyal,345
3103,181,3,3666,3,4,5,Loyal,345
3104,143,3,3611,3,4,5,Loyal,345
3105,303,2,1889,1,3,4,At Risk (high value),134
3106,293,2,1784,1,3,4,At Risk (high value),134
3107,276,2,1839,2,3,4,At Risk (high value),234
3108,316,1,819,1,1,3,Hibernating,113
3109,296,1,839,1,1,3,Hibernating,113
3110,167,2,2701,3,3,4,Potential Loyalists,334
3111,281,1,819,2,1,3,Hibernating,213
3112,182,1,77,3,1,2,Needs Attention,312
3113,240,2,3361,2,3,5,At Risk (high value),235
3114,267,1,22,2,1,1,Hibernating,211
3115,1,1,86,5,1,2,New Customers,512
3116,234,2,3297,2,3,5,At Risk (high value),235
3117,222,2,3317,2,3,5,At Risk (high value),235
3118,230,2,3352,2,3,5,At Risk (high value),235
3119,133,2,4741,4,3,5,Potential Loyalists,435
3120,93,3,149,4,4,3,Loyal,443
3121,216,2,3376,2,3,5,At Risk (high value),235
3122,235,2,3319,2,3,5,At Risk (high value),235
3123,288,1,31,2,1,1,Hibernating,211
3124,198,2,62,3,3,2,Potential Loyalists,332
3125,76,2,58,4,3,2,Potential Loyalists,432
3126,350,2,3772,1,3,5,At Risk (high value),135
3127,62,2,136,5,3,3,Potential Loyalists,533
3128,324,2,3809,1,3,5,At Risk (high value),135
3129,330,2,3836,1,3,5,At Risk (high value),135
3130,289,2,3750,1,3,5,At Risk (high value),135
3131,276,2,3814,2,3,5,At Risk (high value),235
3132,305,2,3807,1,3,5,At Risk (high value),135
3133,265,2,3804,2,3,5,At Risk (high value),235
3134,269,2,3764,2,3,5,At Risk (high value),235
3135,271,2,3835,2,3,5,At Risk (high value),235
3136,286,1,87,2,1,2,Hibernating,212
3137,251,1,72,2,1,2,Hibernating,212
3138,214,2,4397,2,3,5,At Risk (high value),235
3139,240,2,4443,2,3,5,At Risk (high value),235
3140,217,2,4397,2,3,5,At Risk (high value),235
3141,210,2,4397,2,3,5,At Risk (high value),235
3142,188,2,3282,3,3,5,Potential Loyalists,335
3143,92,1,29,4,1,1,New Customers,411
3144,12,2,134,5,3,3,Potential Loyalists,533
3145,96,1,57,4,1,2,New Customers,412
3146,357,1,24,1,1,1,Hibernating,111
3147,105,3,6750,4,4,5,Champions,445
3148,175,2,4397,3,3,5,Potential Loyalists,335
3149,174,2,4406,3,3,5,Potential Loyalists,335
3150,159,2,4417,3,3,5,Potential Loyalists,335
3151,119,3,6705,4,4,5,Champions,445
3152,135,1,86,3,1,2,Needs Attention,312
3153,188,1,72,3,1,2,Needs Attention,312
3154,263,1,49,2,1,2,Hibernating,212
3155,158,2,3018,3,3,4,Potential Loyalists,334
3156,116,2,5993,4,3,5,Potential Loyalists,435
3157,76,2,230,4,3,3,Potential Loyalists,433
3158,93,3,6650,4,4,5,Champions,445
3159,101,2,5977,4,3,5,Potential Loyalists,435
3160,108,2,5930,4,3,5,Potential Loyalists,435
3161,112,3,6679,4,4,5,Champions,445
3162,87,3,6497,4,4,5,Champions,445
3163,41,3,6473,5,4,5,Champions,545
3164,56,3,6566,5,4,5,Champions,545
3165,55,3,6484,5,4,5,Champions,545
3166,113,2,5910,4,3,5,Potential Loyalists,435
3167,349,1,72,1,1,2,Hibernating,112
3168,175,2,4406,3,3,5,Potential Loyalists,335
3169,4,1,72,5,1,2,New Customers,512
3170,164,2,3262,3,3,4,Potential Loyalists,334
3171,181,2,3291,3,3,5,Potential Loyalists,335
3172,48,3,6616,5,4,5,Champions,545
3173,133,2,75,4,3,2,Potential Loyalists,432
3174,249,1,39,2,1,1,Hibernating,211
3175,341,1,39,1,1,1,Hibernating,111
3176,16,2,145,5,3,3,Potential Loyalists,533
3177,233,1,122,2,1,3,Hibernating,213
3178,52,1,47,5,1,2,New Customers,512
3179,66,1,87,5,1,2,New Customers,512
3180,15,1,72,5,1,2,New Customers,512
3181,265,1,33,2,1,1,Hibernating,211
3182,215,3,8326,2,4,5,Loyal,245
3183,149,1,33,3,1,1,Needs Attention,311
3184,186,3,8321,3,4,5,Loyal,345
3185,184,2,105,3,3,3,Potential Loyalists,333
3186,182,4,9524,3,5,5,Loyal,355
3187,170,4,9796,3,5,5,Loyal,355
3188,53,1,37,5,1,1,New Customers,511
3189,193,1,33,3,1,1,Needs Attention,311
3190,233,3,8317,2,4,5,Loyal,245
3191,197,1,37,3,1,1,Needs Attention,311
3192,198,3,8301,3,4,5,Loyal,345
3193,179,4,9452,3,5,5,Loyal,355
3194,251,1,37,2,1,1,Hibernating,211
3195,124,2,169,4,3,3,Potential Loyalists,433
3196,178,3,8316,3,4,5,Loyal,345
3197,21,2,138,5,3,3,Potential Loyalists,533
3198,113,1,107,4,1,3,New Customers,413
3199,236,3,8308,2,4,5,Loyal,245
3200,158,2,119,3,3,3,Potential Loyalists,333
3201,123,4,9422,4,5,5,Champions,455
3202,76,1,33,4,1,1,New Customers,411
3203,276,1,33,2,1,1,Hibernating,211
3204,151,3,7082,3,4,5,Loyal,345
3205,366,1,72,1,1,2,Hibernating,112
3206,316,1,33,1,1,1,Hibernating,111
3207,20,1,157,5,1,3,New Customers,513
3208,226,3,8361,2,4,5,Loyal,245
3209,195,2,117,3,3,3,Potential Loyalists,333
3210,80,3,194,4,4,3,Loyal,443
3211,154,3,5621,3,4,5,Loyal,345
3212,177,3,5663,3,4,5,Loyal,345
3213,235,2,82,2,3,2,Hibernating,232
3214,79,2,86,4,3,2,Potential Loyalists,432
3215,178,3,5760,3,4,5,Loyal,345
3216,182,3,5666,3,4,5,Loyal,345
3217,179,3,5654,3,4,5,Loyal,345
3218,209,2,139,2,3,3,Hibernating,233
3219,164,3,5652,3,4,5,Loyal,345
3220,155,3,5744,3,4,5,Loyal,345
3221,162,3,5696,3,4,5,Loyal,345
3222,154,2,82,3,3,2,Potential Loyalists,332
3223,46,2,82,5,3,2,Potential Loyalists,532
3224,226,2,156,2,3,3,Hibernating,233
3225,180,3,5621,3,4,5,Loyal,345
3226,156,3,5604,3,4,5,Loyal,345
3227,145,3,5656,3,4,5,Loyal,345
3228,48,2,115,5,3,3,Potential Loyalists,533
3229,21,2,75,5,3,2,Potential Loyalists,532
3230,84,2,75,4,3,2,Potential Loyalists,432
3231,125,3,5662,4,4,5,Champions,445
3232,188,2,84,3,3,2,Potential Loyalists,332
3233,262,2,77,2,3,2,Hibernating,232
3234,187,2,79,3,3,2,Potential Loyalists,332
3235,129,3,5687,4,4,5,Champions,445
3236,107,3,5682,4,4,5,Champions,445
3237,95,3,5710,4,4,5,Champions,445
3238,171,2,90,3,3,2,Potential Loyalists,332
3239,101,3,5643,4,4,5,Champions,445
3240,241,2,3295,2,3,5,At Risk (high value),235
3241,216,2,3391,2,3,5,At Risk (high value),235
3242,182,1,85,3,1,2,Needs Attention,312
3243,240,2,3351,2,3,5,At Risk (high value),235
3244,298,1,72,1,1,2,Hibernating,112
3245,40,3,155,5,4,3,Loyal,543
3246,364,1,57,1,1,2,Hibernating,112
3247,333,1,72,1,1,2,Hibernating,112
3248,19,1,81,5,1,2,New Customers,512
3249,127,1,57,4,1,2,New Customers,412
3250,244,1,96,2,1,3,Hibernating,213
3251,152,1,31,3,1,1,Needs Attention,311
3252,84,1,72,4,1,2,New Customers,412
3253,40,1,96,5,1,3,New Customers,513
3254,232,2,3394,2,3,5,At Risk (high value),235
3255,211,1,81,2,1,2,Hibernating,212
3256,232,2,3379,2,3,5,At Risk (high value),235
3257,233,2,3342,2,3,5,At Risk (high value),235
3258,163,1,86,3,1,2,Needs Attention,312
3259,5,1,81,5,1,2,New Customers,512
3260,137,3,3630,3,4,5,Loyal,345
3261,150,3,3715,3,4,5,Loyal,345
3262,74,3,5654,4,4,5,Champions,445
3263,53,3,5652,5,4,5,Champions,545
3264,49,3,5648,5,4,5,Champions,545
3265,148,3,5217,3,4,5,Loyal,345
3266,24,5,215,5,5,3,Loyal,553
3267,336,1,57,1,1,2,Hibernating,112
3268,109,2,2786,4,3,4,Potential Loyalists,434
3269,94,2,2736,4,3,4,Potential Loyalists,434
3270,128,1,86,4,1,2,New Customers,412
3271,263,2,1793,2,3,4,At Risk (high value),234
3272,327,1,22,1,1,1,Hibernating,111
3273,110,2,2765,4,3,4,Potential Loyalists,434
3274,145,1,72,3,1,2,Needs Attention,312
3275,31,3,122,5,4,3,Loyal,543
3276,125,3,5158,4,4,5,Champions,445
3277,153,3,5258,3,4,5,Loyal,345
3278,145,3,5196,3,4,5,Loyal,345
3279,158,2,178,3,3,3,Potential Loyalists,333
3280,127,3,5137,4,4,5,Champions,445
3281,284,1,57,2,1,2,Hibernating,212
3282,137,2,4746,3,3,5,Potential Loyalists,335
3283,20,5,195,5,5,3,Loyal,553
3284,251,2,1799,2,3,4,At Risk (high value),234
3285,254,2,1769,2,3,4,At Risk (high value),234
3286,267,2,1804,2,3,4,At Risk (high value),234
3287,148,3,5234,3,4,5,Loyal,345
3288,153,3,5141,3,4,5,Loyal,345
3289,226,2,3351,2,3,5,At Risk (high value),235
3290,231,2,3376,2,3,5,At Risk (high value),235
3291,220,2,3377,2,3,5,At Risk (high value),235
3292,166,3,259,3,4,3,Loyal,343
3293,217,2,3319,2,3,5,At Risk (high value),235
3294,164,1,46,3,1,2,Needs Attention,312
3295,279,1,81,2,1,2,Hibernating,212
3296,246,1,57,2,1,2,Hibernating,212
3297,246,1,46,2,1,2,Hibernating,212
3298,215,2,3335,2,3,5,At Risk (high value),235
3299,222,2,3365,2,3,5,At Risk (high value),235
3300,146,3,5108,3,4,5,Loyal,345
3301,123,3,5322,4,4,5,Champions,445
3302,130,3,5142,4,4,5,Champions,445
3303,141,3,5140,3,4,5,Loyal,345
3304,131,3,3636,4,4,5,Champions,445
3305,100,3,3595,4,4,5,Champions,445
3306,116,3,3651,4,4,5,Champions,445
3307,120,3,3652,4,4,5,Champions,445
3308,198,3,196,3,4,3,Loyal,343
3309,145,3,5140,3,4,5,Loyal,345
3310,86,2,99,4,3,3,Potential Loyalists,433
3311,136,3,5200,3,4,5,Loyal,345
3312,171,2,138,3,3,3,Potential Loyalists,333
3313,178,3,191,3,4,3,Loyal,343
3314,69,3,223,5,4,3,Loyal,543
3315,173,2,123,3,3,3,Potential Loyalists,333
3316,116,2,109,4,3,3,Potential Loyalists,433
3317,96,3,3796,4,4,5,Champions,445
3318,82,2,81,4,3,2,Potential Loyalists,432
3319,157,2,138,3,3,3,Potential Loyalists,333
3320,55,2,138,5,3,3,Potential Loyalists,533
3321,133,2,262,4,3,3,Potential Loyalists,433
3322,4,2,77,5,3,2,Potential Loyalists,532
3323,142,3,5111,3,4,5,Loyal,345
3324,127,3,5221,4,4,5,Champions,445
3325,135,3,5121,3,4,5,Loyal,345
3326,103,3,5152,4,4,5,Champions,445
3327,108,3,5207,4,4,5,Champions,445
3328,72,1,32,5,1,1,New Customers,511
3329,118,5,308,4,5,3,Loyal,453
3330,366,1,92,1,1,2,Hibernating,112
3331,260,1,806,2,1,3,Hibernating,213
3332,128,1,57,4,1,2,New Customers,412
3333,152,4,102,3,5,3,Loyal,353
3334,63,1,81,5,1,2,New Customers,512
3335,262,2,1848,2,3,4,At Risk (high value),234
3336,245,2,1804,2,3,4,At Risk (high value),234
3337,260,2,1893,2,3,4,At Risk (high value),234
3338,261,2,1814,2,3,4,At Risk (high value),234
3339,257,1,828,2,1,3,Hibernating,213
3340,351,1,72,1,1,2,Hibernating,112
3341,24,1,22,5,1,1,New Customers,511
3342,7,4,244,5,5,3,Loyal,553
3343,254,2,1804,2,3,4,At Risk (high value),234
3344,273,2,1839,2,3,4,At Risk (high value),234
3345,38,2,127,5,3,3,Potential Loyalists,533
3346,43,3,3639,5,4,5,Champions,545
3347,59,3,3582,5,4,5,Champions,545
3348,197,2,2899,3,3,4,Potential Loyalists,334
3349,190,2,2988,3,3,4,Potential Loyalists,334
3350,140,1,57,3,1,2,Needs Attention,312
3351,133,1,72,4,1,2,New Customers,412
3352,315,1,57,1,1,2,Hibernating,112
3353,203,1,86,3,1,2,Needs Attention,312
3354,299,3,129,1,4,3,Loyal,143
3355,91,2,2755,4,3,4,Potential Loyalists,434
3356,260,2,1804,2,3,4,At Risk (high value),234
3357,237,2,3352,2,3,5,At Risk (high value),235
3358,232,2,3337,2,3,5,At Risk (high value),235
3359,184,1,46,3,1,2,Needs Attention,312
3360,76,3,256,4,4,3,Loyal,443
3361,97,1,86,4,1,2,New Customers,412
3362,23,1,107,5,1,3,New Customers,513
3363,261,2,1845,2,3,4,At Risk (high value),234
3364,73,3,193,5,4,3,Loyal,543
3365,228,2,1893,2,3,4,At Risk (high value),234
3366,216,2,1804,2,3,4,At Risk (high value),234
3367,216,2,1897,2,3,4,At Risk (high value),234
3368,234,2,1839,2,3,4,At Risk (high value),234
3369,15,1,86,5,1,2,New Customers,512
3370,207,1,46,2,1,2,Hibernating,212
3371,188,3,123,3,4,3,Loyal,343
3372,25,3,120,5,4,3,Loyal,543
3373,232,1,24,2,1,1,Hibernating,211
3374,222,1,76,2,1,2,Hibernating,212
3375,243,2,3362,2,3,5,At Risk (high value),235
3376,211,1,40,2,1,1,Hibernating,211
3377,183,1,72,3,1,2,Needs Attention,312
3378,237,2,3320,2,3,5,At Risk (high value),235
3379,242,2,1808,2,3,4,At Risk (high value),234
3380,243,2,1854,2,3,4,At Risk (high value),234
3381,218,2,3330,2,3,5,At Risk (high value),235
3382,226,2,3330,2,3,5,At Risk (high value),235
3383,231,2,3374,2,3,5,At Risk (high value),235
3384,171,1,57,3,1,2,Needs Attention,312
3385,115,1,94,4,1,3,New Customers,413
3386,222,2,1777,2,3,4,At Risk (high value),234
3387,220,2,1917,2,3,4,At Risk (high value),234
3388,272,1,898,2,1,3,Hibernating,213
3389,246,1,81,2,1,2,Hibernating,212
3390,91,1,7,4,1,1,New Customers,411
3391,87,1,40,4,1,1,New Customers,411
3392,127,1,22,4,1,1,New Customers,411
3393,184,2,3295,3,3,5,Potential Loyalists,335
3394,122,1,32,4,1,1,New Customers,411
3395,191,2,3344,3,3,5,Potential Loyalists,335
3396,104,1,96,4,1,3,New Customers,413
3397,196,1,77,3,1,2,Needs Attention,312
3398,4,1,40,5,1,1,New Customers,511
3399,216,2,1804,2,3,4,At Risk (high value),234
3400,292,1,5,1,1,1,Hibernating,111
3401,199,2,3357,3,3,5,Potential Loyalists,335
3402,252,1,15,2,1,1,Hibernating,211
3403,29,1,40,5,1,1,New Customers,511
3404,47,1,7,5,1,1,New Customers,511
3405,341,1,5,1,1,1,Hibernating,111
3406,130,1,64,4,1,2,New Customers,412
3407,235,2,1850,2,3,4,At Risk (high value),234
3408,26,1,64,5,1,2,New Customers,512
3409,54,1,66,5,1,2,New Customers,512
3410,212,1,86,2,1,2,Hibernating,212
3411,64,1,57,5,1,2,New Customers,512
3412,185,2,3360,3,3,5,Potential Loyalists,335
3413,207,2,3320,2,3,5,At Risk (high value),235
3414,240,2,1889,2,3,4,At Risk (high value),234
3415,214,2,1793,2,3,4,At Risk (high value),234
3416,216,2,1769,2,3,4,At Risk (high value),234
3417,254,1,769,2,1,3,Hibernating,213
3418,227,2,1848,2,3,4,At Risk (high value),234
3419,238,2,1928,2,3,4,At Risk (high value),234
3420,197,2,3371,3,3,5,Potential Loyalists,335
3421,212,2,3320,2,3,5,At Risk (high value),235
3422,190,2,3369,3,3,5,Potential Loyalists,335
3423,298,1,39,1,1,1,Hibernating,111
3424,259,2,142,2,3,3,Hibernating,233
3425,126,3,6999,4,4,5,Champions,445
3426,232,3,8332,2,4,5,Loyal,245
3427,227,3,8319,2,4,5,Loyal,245
3428,155,3,8451,3,4,5,Loyal,345
3429,200,3,8321,3,4,5,Loyal,345
3430,166,3,8394,3,4,5,Loyal,345
3431,119,1,31,4,1,1,New Customers,411
3432,15,1,22,5,1,1,New Customers,511
3433,139,1,22,3,1,1,Needs Attention,311
3434,206,2,3342,3,3,5,Potential Loyalists,335
3435,208,2,3396,2,3,5,At Risk (high value),235
3436,170,1,81,3,1,2,Needs Attention,312
3437,126,2,4776,4,3,5,Potential Loyalists,435
3438,42,1,22,5,1,1,New Customers,511
3439,187,2,3352,3,3,5,Potential Loyalists,335
3440,194,2,3312,3,3,5,Potential Loyalists,335
3441,194,2,3367,3,3,5,Potential Loyalists,335
3442,281,1,142,2,1,3,Hibernating,213
3443,196,2,3370,3,3,5,Potential Loyalists,335
3444,314,1,22,1,1,1,Hibernating,111
3445,219,1,31,2,1,1,Hibernating,211
3446,298,1,101,1,1,3,Hibernating,113
3447,68,3,146,5,4,3,Loyal,543
3448,203,2,3385,3,3,5,Potential Loyalists,335
3449,190,2,3370,3,3,5,Potential Loyalists,335
3450,211,2,3355,2,3,5,At Risk (high value),235
3451,251,1,181,2,1,3,Hibernating,213
3452,202,2,3362,3,3,5,Potential Loyalists,335
3453,205,2,3377,3,3,5,Potential Loyalists,335
3454,189,2,3401,3,3,5,Potential Loyalists,335
3455,302,1,32,1,1,1,Hibernating,111
3456,77,3,269,4,4,3,Loyal,443
3457,212,2,3406,2,3,5,At Risk (high value),235
3458,187,2,3359,3,3,5,Potential Loyalists,335
3459,137,3,134,3,4,3,Loyal,343
3460,137,2,4775,3,3,5,Potential Loyalists,335
3461,56,1,96,5,1,3,New Customers,513
3462,200,2,3310,3,3,5,Potential Loyalists,335
3463,134,1,22,3,1,1,Needs Attention,311
3464,327,1,68,1,1,2,Hibernating,112
3465,210,2,3357,2,3,5,At Risk (high value),235
3466,355,1,7,1,1,1,Hibernating,111
3467,108,1,91,4,1,2,New Customers,412
3468,264,1,40,2,1,1,Hibernating,211
3469,352,1,7,1,1,1,Hibernating,111
3470,304,1,64,1,1,2,Hibernating,112
3471,203,2,3382,3,3,5,Potential Loyalists,335
3472,202,2,3355,3,3,5,Potential Loyalists,335
3473,186,2,3503,3,3,5,Potential Loyalists,335
3474,189,2,3414,3,3,5,Potential Loyalists,335
3475,1,1,7,5,1,1,New Customers,511
3476,287,1,7,2,1,1,Hibernating,211
3477,156,1,7,3,1,1,Needs Attention,311
3478,186,2,3342,3,3,5,Potential Loyalists,335
3479,147,2,4795,3,3,5,Potential Loyalists,335
3480,48,1,82,5,1,2,New Customers,512
3481,89,3,195,4,4,3,Loyal,443
3482,185,2,3360,3,3,5,Potential Loyalists,335
3483,24,1,90,5,1,2,New Customers,512
3484,258,1,40,2,1,1,Hibernating,211
3485,211,2,3345,2,3,5,At Risk (high value),235
3486,201,2,3312,3,3,5,Potential Loyalists,335
3487,213,2,3310,2,3,5,At Risk (high value),235
3488,234,1,40,2,1,1,Hibernating,211
3489,112,1,68,4,1,2,New Customers,412
3490,94,1,40,4,1,1,New Customers,411
3491,56,1,40,5,1,1,New Customers,511
3492,248,1,127,2,1,3,Hibernating,213
3493,284,1,7,2,1,1,Hibernating,211
3494,55,1,55,5,1,2,New Customers,512
3495,234,2,1769,2,3,4,At Risk (high value),234
3496,220,2,1839,2,3,4,At Risk (high value),234
3497,239,1,804,2,1,3,Hibernating,213
3498,242,1,804,2,1,3,Hibernating,213
3499,204,2,3394,3,3,5,Potential Loyalists,335
3500,91,1,15,4,1,1,New Customers,411
3501,14,1,64,5,1,2,New Customers,512
3502,200,2,2994,3,3,4,Potential Loyalists,334
3503,122,3,122,4,4,3,Loyal,443
3504,256,1,40,2,1,1,Hibernating,211
3505,7,3,162,5,4,3,Loyal,543
3506,349,1,62,1,1,2,Hibernating,112
3507,77,1,40,4,1,1,New Customers,411
3508,351,1,40,1,1,1,Hibernating,111
3509,246,1,55,2,1,2,Hibernating,212
3510,122,1,164,4,1,3,New Customers,413
3511,190,2,3036,3,3,4,Potential Loyalists,334
3512,299,1,90,1,1,2,Hibernating,112
3513,357,1,40,1,1,1,Hibernating,111
3514,101,1,5,4,1,1,New Customers,411
3515,3,1,142,5,1,3,New Customers,513
3516,106,1,57,4,1,2,New Customers,412
3517,200,2,79,3,3,2,Potential Loyalists,332
3518,101,2,83,4,3,2,Potential Loyalists,432
3519,181,2,127,3,3,3,Potential Loyalists,333
3520,322,1,81,1,1,2,Hibernating,112
3521,236,2,1503,2,3,4,At Risk (high value),234
3522,77,2,118,4,3,3,Potential Loyalists,433
3523,127,2,127,4,3,3,Potential Loyalists,433
3524,240,2,3807,2,3,5,At Risk (high value),235
3525,177,2,3001,3,3,4,Potential Loyalists,334
3526,95,3,6665,4,4,5,Champions,445
3527,228,1,29,2,1,1,Hibernating,211
3528,80,1,5,4,1,1,New Customers,411
3529,186,1,5,3,1,1,Needs Attention,311
3530,38,2,254,5,3,3,Potential Loyalists,533
3531,76,2,73,4,3,2,Potential Loyalists,432
3532,307,2,191,1,3,3,Hibernating,133
3533,320,1,22,1,1,1,Hibernating,111
3534,30,2,161,5,3,3,Potential Loyalists,533
3535,86,1,37,4,1,1,New Customers,411
3536,318,2,123,1,3,3,Hibernating,133
3537,210,1,69,2,1,2,Hibernating,212
3538,206,1,42,3,1,2,Needs Attention,312
3539,136,2,3017,3,3,4,Potential Loyalists,334
3540,123,2,3271,4,3,4,Potential Loyalists,434
3541,148,2,156,3,3,3,Potential Loyalists,333
3542,132,2,4397,4,3,5,Potential Loyalists,435
3543,116,2,115,4,3,3,Potential Loyalists,433
3544,208,1,42,2,1,2,Hibernating,212
3545,263,1,40,2,1,1,Hibernating,211
3546,15,2,113,5,3,3,Potential Loyalists,533
3547,28,2,153,5,3,3,Potential Loyalists,533
3548,37,2,193,5,3,3,Potential Loyalists,533
3549,89,1,125,4,1,3,New Customers,413
3550,166,1,75,3,1,2,Needs Attention,312
3551,144,1,49,3,1,2,Needs Attention,312
3552,40,1,112,5,1,3,New Customers,513
3553,69,2,104,5,3,3,Potential Loyalists,533
3554,278,2,148,2,3,3,Hibernating,233
3555,173,2,178,3,3,3,Potential Loyalists,333
3556,103,2,3021,4,3,4,Potential Loyalists,434
3557,125,1,20,4,1,1,New Customers,411
3558,6,2,118,5,3,3,Potential Loyalists,533
3559,232,2,1527,2,3,4,At Risk (high value),234
3560,240,2,1547,2,3,4,At Risk (high value),234
3561,242,2,1538,2,3,4,At Risk (high value),234
3562,79,3,159,4,4,3,Loyal,443
3563,255,1,7,2,1,1,Hibernating,211
3564,189,1,40,3,1,1,Needs Attention,311
3565,41,1,125,5,1,3,New Customers,513
3566,220,2,1503,2,3,4,At Risk (high value),234
3567,122,3,402,4,4,3,Loyal,443
3568,54,3,161,5,4,3,Loyal,543
3569,297,1,55,1,1,2,Hibernating,112
3570,99,1,7,4,1,1,New Customers,411
3571,269,1,40,2,1,1,Hibernating,211
3572,161,1,90,3,1,2,Needs Attention,312
3573,191,2,3016,3,3,4,Potential Loyalists,334
3574,125,1,40,4,1,1,New Customers,411
3575,64,3,177,5,4,3,Loyal,543
3576,6,1,186,5,1,3,New Customers,513
3577,202,2,1476,3,3,4,Potential Loyalists,334
3578,204,2,1505,3,3,4,Potential Loyalists,334
3579,215,1,848,2,1,3,Hibernating,213
3580,332,1,125,1,1,3,Hibernating,113
3581,212,2,1468,2,3,4,At Risk (high value),234
3582,212,2,1562,2,3,4,At Risk (high value),234
3583,66,3,112,5,4,3,Loyal,543
3584,26,1,5,5,1,1,New Customers,511
3585,195,2,3040,3,3,4,Potential Loyalists,334
3586,190,2,3016,3,3,4,Potential Loyalists,334
3587,40,3,234,5,4,3,Loyal,543
3588,247,1,7,2,1,1,Hibernating,211
3589,131,1,40,4,1,1,New Customers,411
3590,198,2,1468,3,3,4,Potential Loyalists,334
3591,199,2,1597,3,3,4,Potential Loyalists,334
3592,204,2,1500,3,3,4,Potential Loyalists,334
3593,241,1,5,2,1,1,Hibernating,211
3594,226,1,7,2,1,1,Hibernating,211
3595,276,1,164,2,1,3,Hibernating,213
3596,91,1,40,4,1,1,New Customers,411
3597,191,2,3056,3,3,4,Potential Loyalists,334
3598,100,2,4803,4,3,5,Potential Loyalists,435
3599,108,2,4839,4,3,5,Potential Loyalists,435
3600,205,2,3054,3,3,4,Potential Loyalists,334
3601,141,1,40,3,1,1,Needs Attention,311
3602,202,2,3076,3,3,4,Potential Loyalists,334
3603,207,2,3150,2,3,4,At Risk (high value),234
3604,185,2,3034,3,3,4,Potential Loyalists,334
3605,269,3,138,2,4,3,Loyal,243
3606,111,2,4750,4,3,5,Potential Loyalists,435
3607,105,2,4716,4,3,5,Potential Loyalists,435
3608,80,1,5,4,1,1,New Customers,411
3609,283,1,40,2,1,1,Hibernating,211
3610,224,1,5,2,1,1,Hibernating,211
3611,187,2,1468,3,3,4,Potential Loyalists,334
3612,108,3,305,4,4,3,Loyal,443
3613,56,1,40,5,1,1,New Customers,511
3614,206,2,1601,3,3,4,Potential Loyalists,334
3615,195,2,1645,3,3,4,Potential Loyalists,334
3616,91,1,29,4,1,1,New Customers,411
3617,206,2,1538,3,3,4,Potential Loyalists,334
3618,200,2,1538,3,3,4,Potential Loyalists,334
3619,121,1,40,4,1,1,New Customers,411
3620,99,1,40,4,1,2,New Customers,412
3621,181,1,5,3,1,1,Needs Attention,311
3622,40,1,104,5,1,3,New Customers,513
3623,261,1,29,2,1,1,Hibernating,211
3624,329,1,64,1,1,2,Hibernating,112
3625,93,1,40,4,1,2,New Customers,412
3626,92,1,7,4,1,1,New Customers,411
3627,37,3,197,5,4,3,Loyal,543
3628,214,1,7,2,1,1,Hibernating,211
3629,112,1,5,4,1,1,New Customers,411
3630,328,1,5,1,1,1,Hibernating,111
3631,88,1,5,4,1,1,New Customers,411
3632,197,1,848,3,1,3,Needs Attention,313
3633,22,3,157,5,4,3,Loyal,543
3634,90,3,243,4,4,3,Loyal,443
3635,187,2,1538,3,3,4,Potential Loyalists,334
3636,174,1,37,3,1,1,Needs Attention,311
3637,203,2,1538,3,3,4,Potential Loyalists,334
3638,127,1,40,4,1,2,New Customers,412
3639,42,1,27,5,1,1,New Customers,511
3640,198,2,1547,3,3,4,Potential Loyalists,334
3641,186,1,812,3,1,3,Needs Attention,313
3642,105,3,120,4,4,3,Loyal,443
3643,248,1,7,2,1,1,Hibernating,211
3644,162,2,1612,3,3,4,Potential Loyalists,334
3645,353,1,7,1,1,1,Hibernating,111
3646,165,2,1538,3,3,4,Potential Loyalists,334
3647,180,2,1538,3,3,4,Potential Loyalists,334
3648,159,2,1588,3,3,4,Potential Loyalists,334
3649,211,2,3024,2,3,4,At Risk (high value),234
3650,180,2,1601,3,3,4,Potential Loyalists,334
3651,162,2,1538,3,3,4,Potential Loyalists,334
3652,168,2,1588,3,3,4,Potential Loyalists,334
3653,155,2,1527,3,3,4,Potential Loyalists,334
3654,177,2,1547,3,3,4,Potential Loyalists,334
3655,303,1,7,1,1,1,Hibernating,111
3656,264,3,175,2,4,3,Loyal,243
3657,200,2,3084,3,3,4,Potential Loyalists,334
3658,205,2,3076,3,3,4,Potential Loyalists,334
3659,85,3,93,4,4,3,Loyal,443
3660,247,1,40,2,1,2,Hibernating,212
3661,172,2,1588,3,3,4,Potential Loyalists,334
3662,178,3,195,3,4,3,Loyal,343
3663,171,2,1602,3,3,4,Potential Loyalists,334
3664,74,1,105,4,1,3,New Customers,413
3665,194,2,3100,3,3,4,Potential Loyalists,334
3666,200,2,81,3,3,2,Potential Loyalists,332
3667,111,3,5199,4,4,5,Champions,445
3668,102,3,5295,4,4,5,Champions,445
3669,95,3,5216,4,4,5,Champions,445
3670,60,2,90,5,3,2,Potential Loyalists,532
3671,209,2,2919,2,3,4,At Risk (high value),234
3672,172,2,2933,3,3,4,Potential Loyalists,334
3673,75,3,5237,4,4,5,Champions,445
3674,62,3,5117,5,4,5,Champions,545
3675,73,2,143,5,3,3,Potential Loyalists,533
3676,24,2,238,5,3,3,Potential Loyalists,533
3677,77,3,5188,4,4,5,Champions,445
3678,34,2,81,5,3,2,Potential Loyalists,532
3679,18,2,168,5,3,3,Potential Loyalists,533
3680,14,2,88,5,3,2,Potential Loyalists,532
3681,1,2,164,5,3,3,Potential Loyalists,533
3682,85,3,5178,4,4,5,Champions,445
3683,54,2,138,5,3,3,Potential Loyalists,533
3684,124,3,99,4,4,3,Loyal,443
3685,24,3,93,5,4,3,Loyal,543
3686,99,3,146,4,4,3,Loyal,443
3687,81,3,204,4,4,3,Loyal,443
3688,143,1,81,3,1,2,Needs Attention,312
3689,340,1,75,1,1,2,Hibernating,112
3690,31,1,5,5,1,1,New Customers,511
3691,40,1,129,5,1,3,New Customers,513
3692,149,1,90,3,1,2,Needs Attention,312
3693,18,2,106,5,3,3,Potential Loyalists,533
3694,115,1,40,4,1,2,New Customers,412
3695,239,2,157,2,3,3,Hibernating,233
3696,87,1,49,4,1,2,New Customers,412
3697,292,1,42,1,1,2,Hibernating,112
3698,121,3,6684,4,4,5,Champions,445
3699,48,1,61,5,1,2,New Customers,512
3700,207,1,79,2,1,2,Hibernating,212
3701,106,2,5904,4,3,5,Potential Loyalists,435
3702,116,2,3001,4,3,4,Potential Loyalists,434
3703,115,3,6729,4,4,5,Champions,445
3704,346,1,42,1,1,2,Hibernating,112
3705,359,1,96,1,1,3,Hibernating,113
3706,93,2,5875,4,3,5,Potential Loyalists,435
3707,145,1,25,3,1,1,Needs Attention,311
3708,351,1,37,1,1,1,Hibernating,111
3709,94,2,2966,4,3,4,Potential Loyalists,434
3710,143,2,4397,3,3,5,Potential Loyalists,335
3711,111,1,40,4,1,2,New Customers,412
3712,308,1,72,1,1,2,Hibernating,112
3713,117,3,6660,4,4,5,Champions,445
3714,56,3,6461,5,4,5,Champions,545
3715,33,3,5386,5,4,5,Champions,545
3716,118,1,31,4,1,1,New Customers,411
3717,51,3,5300,5,4,5,Champions,545
3718,265,2,114,2,3,3,Hibernating,233
3719,329,1,64,1,1,2,Hibernating,112
3720,37,3,5512,5,4,5,Champions,545
3721,96,2,5900,4,3,5,Potential Loyalists,435
3722,48,1,5,5,1,1,New Customers,511
3723,178,2,1468,3,3,4,Potential Loyalists,334
3724,223,3,88,2,4,2,Hibernating,242
3725,18,3,120,5,4,3,Loyal,543
3726,51,3,319,5,4,3,Loyal,543
3727,161,2,1483,3,3,4,Potential Loyalists,334
3728,169,2,1562,3,3,4,Potential Loyalists,334
3729,159,2,1562,3,3,4,Potential Loyalists,334
3730,200,1,5,3,1,1,Needs Attention,311
3731,33,2,2588,5,3,4,Potential Loyalists,534
3732,52,2,2435,5,3,4,Potential Loyalists,534
3733,56,2,2450,5,3,4,Potential Loyalists,534
3734,338,2,1854,1,3,4,At Risk (high value),134
3735,335,2,1854,1,3,4,At Risk (high value),134
3736,317,2,1854,1,3,4,At Risk (high value),134
3737,334,1,86,1,1,2,Hibernating,112
3738,260,2,1873,2,3,4,At Risk (high value),234
3739,151,2,1503,3,3,4,Potential Loyalists,334
3740,135,2,1500,3,3,4,Potential Loyalists,334
3741,147,2,1533,3,3,4,Potential Loyalists,334
3742,132,2,1588,4,3,4,Potential Loyalists,434
3743,165,1,7,3,1,1,Needs Attention,311
3744,207,1,64,2,1,2,Hibernating,212
3745,130,2,1505,4,3,4,Potential Loyalists,434
3746,185,1,902,3,1,3,Needs Attention,313
3747,138,2,1588,3,3,4,Potential Loyalists,334
3748,123,2,1503,4,3,4,Potential Loyalists,434
3749,182,1,125,3,1,3,Needs Attention,313
3750,319,1,99,1,1,3,Hibernating,113
3751,129,2,1612,4,3,4,Potential Loyalists,434
3752,213,1,7,2,1,1,Hibernating,211
3753,131,2,1527,4,3,4,Potential Loyalists,434
3754,128,2,1468,4,3,4,Potential Loyalists,434
3755,127,2,1500,4,3,4,Potential Loyalists,434
3756,123,2,1592,4,3,4,Potential Loyalists,434
3757,148,2,1588,3,3,4,Potential Loyalists,334
3758,143,2,1538,3,3,4,Potential Loyalists,334
3759,270,1,40,2,1,2,Hibernating,212
3760,18,1,7,5,1,1,New Customers,511
3761,48,3,167,5,4,3,Loyal,543
3762,360,1,40,1,1,2,Hibernating,112
3763,216,1,5,2,1,1,Hibernating,211
3764,163,1,5,3,1,1,Needs Attention,311
3765,53,1,7,5,1,1,New Customers,511
3766,20,3,120,5,4,3,Loyal,543
3767,65,1,5,5,1,1,New Customers,511
3768,122,1,30,4,1,1,New Customers,411
3769,242,1,107,2,1,3,Hibernating,213
3770,120,2,4397,4,3,5,Potential Loyalists,435
3771,110,3,6679,4,4,5,Champions,445
3772,104,3,6689,4,4,5,Champions,445
3773,97,2,4379,4,3,5,Potential Loyalists,435
3774,214,3,7016,2,4,5,Loyal,245
3775,53,3,6434,5,4,5,Champions,545
3776,238,3,8404,2,4,5,Loyal,245
3777,114,2,5908,4,3,5,Potential Loyalists,435
3778,98,2,5923,4,3,5,Potential Loyalists,435
3779,73,3,6673,5,4,5,Champions,545
3780,105,2,3262,4,3,4,Potential Loyalists,434
3781,94,1,7,4,1,1,New Customers,411
3782,45,1,57,5,1,2,New Customers,512
3783,344,1,67,1,1,2,Hibernating,112
3784,129,2,159,4,3,3,Potential Loyalists,433
3785,55,2,156,5,3,3,Potential Loyalists,533
3786,25,1,49,5,1,2,New Customers,512
3787,171,1,67,3,1,2,Needs Attention,312
3788,61,2,163,5,3,3,Potential Loyalists,533
3789,332,1,5,1,1,1,Hibernating,111
3790,105,2,4382,4,3,5,Potential Loyalists,435
3791,226,3,7005,2,4,5,Loyal,245
3792,221,3,7210,2,4,5,Loyal,245
3793,93,2,5913,4,3,5,Potential Loyalists,435
3794,99,2,5948,4,3,5,Potential Loyalists,435
3795,78,2,5873,4,3,5,Potential Loyalists,435
3796,108,2,4379,4,3,5,Potential Loyalists,435
3797,65,2,3071,5,3,4,Potential Loyalists,534
3798,96,2,4397,4,3,5,Potential Loyalists,435
3799,69,2,3001,5,3,4,Potential Loyalists,534
3800,262,2,163,2,3,3,Hibernating,233
3801,92,2,4390,4,3,5,Potential Loyalists,435
3802,80,2,4382,4,3,5,Potential Loyalists,435
3803,86,2,3286,4,3,5,Potential Loyalists,435
3804,91,2,4355,4,3,5,Potential Loyalists,435
3805,185,2,139,3,3,3,Potential Loyalists,333
3806,221,1,101,2,1,3,Hibernating,213
3807,230,2,243,2,3,3,Hibernating,233
3808,129,1,40,4,1,2,New Customers,412
3809,81,2,164,4,3,3,Potential Loyalists,433
3810,180,2,115,3,3,3,Potential Loyalists,333
3811,239,1,40,2,1,2,Hibernating,212
3812,318,1,37,1,1,1,Hibernating,111
3813,245,1,64,2,1,2,Hibernating,212
3814,46,2,3341,5,3,5,Potential Loyalists,535
3815,327,2,128,1,3,3,Hibernating,133
3816,76,1,64,4,1,2,New Customers,412
3817,51,1,64,5,1,2,New Customers,512
3818,156,1,64,3,1,2,Needs Attention,312
3819,58,2,2974,5,3,4,Potential Loyalists,534
3820,69,2,4355,5,3,5,Potential Loyalists,535
3821,349,1,37,1,1,1,Hibernating,111
3822,319,1,30,1,1,1,Hibernating,111
3823,67,2,4397,5,3,5,Potential Loyalists,535
3824,63,2,4392,5,3,5,Potential Loyalists,535
3825,81,2,4441,4,3,5,Potential Loyalists,435
3826,224,1,61,2,1,2,Hibernating,212
3827,167,1,40,3,1,2,Needs Attention,312
3828,49,2,4467,5,3,5,Potential Loyalists,535
3829,290,1,76,1,1,2,Hibernating,112
3830,230,1,91,2,1,2,Hibernating,212
3831,244,3,8346,2,4,5,Loyal,245
3832,77,2,5912,4,3,5,Potential Loyalists,435
3833,80,2,5938,4,3,5,Potential Loyalists,435
3834,82,3,6679,4,4,5,Champions,445
3835,51,2,4397,5,3,5,Potential Loyalists,535
3836,234,1,81,2,1,2,Hibernating,212
3837,164,2,115,3,3,3,Potential Loyalists,333
3838,73,1,117,5,1,3,New Customers,513
3839,36,2,4414,5,3,5,Potential Loyalists,535
3840,235,2,156,2,3,3,Hibernating,233
3841,139,2,158,3,3,3,Potential Loyalists,333
3842,149,1,86,3,1,2,Needs Attention,312
3843,327,1,100,1,1,3,Hibernating,113
3844,64,3,6690,5,4,5,Champions,545
3845,106,1,86,4,1,2,New Customers,412
3846,347,1,7,1,1,1,Hibernating,111
3847,80,3,6744,4,4,5,Champions,445
3848,71,3,6725,5,4,5,Champions,545
3849,351,2,2747,1,3,4,At Risk (high value),134
3850,303,1,57,1,1,2,Hibernating,112
3851,165,1,40,3,1,2,Needs Attention,312
3852,340,2,2803,1,3,4,At Risk (high value),134
3853,139,2,1468,3,3,4,Potential Loyalists,334
3854,58,2,38,5,3,1,Potential Loyalists,531
3855,159,2,73,3,3,2,Potential Loyalists,332
3856,234,2,3759,2,3,5,At Risk (high value),235
3857,14,1,40,5,1,2,New Customers,512
3858,249,2,88,2,3,2,Hibernating,232
3859,88,2,197,4,3,3,Potential Loyalists,433
3860,17,2,40,5,3,2,Potential Loyalists,532
3861,219,2,67,2,3,2,Hibernating,232
3862,88,2,5977,4,3,5,Potential Loyalists,435
3863,155,1,32,3,1,1,Needs Attention,311
3864,320,1,32,1,1,1,Hibernating,111
3865,113,1,70,4,1,2,New Customers,412
3866,309,1,30,1,1,1,Hibernating,111
3867,356,1,31,1,1,1,Hibernating,111
3868,201,1,839,3,1,3,Needs Attention,313
3869,94,2,1597,4,3,4,Potential Loyalists,434
3870,6,1,55,5,1,2,New Customers,512
3871,366,1,86,1,1,2,Hibernating,112
3872,158,1,848,3,1,3,Needs Attention,313
3873,247,1,72,2,1,2,Hibernating,212
3874,139,1,22,3,1,1,Needs Attention,311
3875,143,1,804,3,1,3,Needs Attention,313
3876,134,1,839,3,1,3,Needs Attention,313
3877,262,1,13,2,1,1,Hibernating,211
3878,144,1,889,3,1,3,Needs Attention,313
3879,283,1,126,2,1,3,Hibernating,213
3880,100,2,1612,4,3,4,Potential Loyalists,434
3881,222,2,1819,2,3,4,At Risk (high value),234
3882,98,2,1854,4,3,4,Potential Loyalists,434
3883,76,2,1854,4,3,4,Potential Loyalists,434
3884,83,2,1828,4,3,4,Potential Loyalists,434
3885,90,2,1883,4,3,4,Potential Loyalists,434
3886,117,1,1155,4,1,3,New Customers,413
3887,310,1,540,1,1,3,Hibernating,113
3888,297,1,87,1,1,2,Hibernating,112
3889,54,2,1897,5,3,4,Potential Loyalists,534
3890,114,1,22,4,1,1,New Customers,411
3891,229,1,22,2,1,1,Hibernating,211
3892,107,2,1498,4,3,4,Potential Loyalists,434
3893,107,2,1468,4,3,4,Potential Loyalists,434
3894,117,1,839,4,1,3,New Customers,413
3895,117,2,1503,4,3,4,Potential Loyalists,434
3896,112,2,1503,4,3,4,Potential Loyalists,434
3897,103,2,1588,4,3,4,Potential Loyalists,434
3898,122,3,196,4,4,3,Loyal,443
3899,58,1,42,5,1,2,New Customers,512
3900,230,1,5,2,1,1,Hibernating,211
3901,109,1,839,4,1,3,New Customers,413
3902,353,1,7,1,1,1,Hibernating,111
3903,120,2,1538,4,3,4,Potential Loyalists,434
3904,290,1,62,1,1,2,Hibernating,112
3905,59,3,468,5,4,3,Loyal,543
3906,132,1,164,4,1,3,New Customers,413
3907,15,3,190,5,4,3,Loyal,543
3908,152,1,127,3,1,3,Needs Attention,313
3909,283,1,40,2,1,2,Hibernating,212
3910,339,1,5,1,1,1,Hibernating,111
3911,94,1,839,4,1,3,New Customers,413
3912,102,1,868,4,1,3,New Customers,413
3913,108,2,1547,4,3,4,Potential Loyalists,434
3914,103,2,1533,4,3,4,Potential Loyalists,434
3915,97,2,1592,4,3,4,Potential Loyalists,434
3916,93,2,1538,4,3,4,Potential Loyalists,434
3917,351,1,27,1,1,1,Hibernating,111
3918,205,1,64,3,1,2,Needs Attention,312
3919,178,1,13,3,1,1,Needs Attention,311
3920,274,1,7,2,1,1,Hibernating,211
3921,285,1,5,2,1,1,Hibernating,211
3922,343,1,7,1,1,1,Hibernating,111
3923,66,1,5,5,1,1,New Customers,511
3924,94,1,15,4,1,1,New Customers,411
3925,322,1,40,1,1,2,Hibernating,112
3926,306,2,2722,1,3,4,At Risk (high value),134
3927,321,2,3058,1,3,4,At Risk (high value),134
3928,370,2,4190,1,3,5,At Risk (high value),135
3929,90,3,6706,4,4,5,Champions,445
3930,86,3,6646,4,4,5,Champions,445
3931,305,2,2722,1,3,4,At Risk (high value),134
3932,215,3,6981,2,4,5,Loyal,245
3933,170,1,99,3,1,3,Needs Attention,313
3934,3,1,37,5,1,1,New Customers,511
3935,70,2,178,5,3,3,Potential Loyalists,533
3936,325,1,30,1,1,1,Hibernating,111
3937,167,1,96,3,1,3,Needs Attention,313
3938,81,3,6652,4,4,5,Champions,445
3939,123,2,108,4,3,3,Potential Loyalists,433
3940,216,3,8367,2,4,5,Loyal,245
3941,197,3,8367,3,4,5,Loyal,345
3942,64,3,6865,5,4,5,Champions,545
3943,211,1,5,2,1,1,Hibernating,211
3944,298,1,37,1,1,1,Hibernating,111
3945,241,2,3040,2,3,4,At Risk (high value),234
3946,383,2,4260,1,3,5,At Risk (high value),135
3947,229,2,2779,2,3,4,At Risk (high value),234
3948,83,3,6658,4,4,5,Champions,445
3949,226,2,2787,2,3,4,At Risk (high value),234
3950,56,3,6795,5,4,5,Champions,545
3951,43,3,6709,5,4,5,Champions,545
3952,358,2,4153,1,3,5,At Risk (high value),135
3953,316,2,4153,1,3,5,At Risk (high value),135
3954,313,2,203,1,3,3,Hibernating,133
3955,194,1,71,3,1,2,Needs Attention,312
3956,166,2,104,3,3,3,Potential Loyalists,333
3957,317,2,4145,1,3,5,At Risk (high value),135
3958,227,2,2808,2,3,4,At Risk (high value),234
3959,31,1,29,5,1,1,New Customers,511
3960,141,1,40,3,1,2,Needs Attention,312
3961,241,2,2804,2,3,4,At Risk (high value),234
3962,297,1,151,1,1,3,Hibernating,113
3963,6,1,64,5,1,2,New Customers,512
3964,81,1,40,4,1,2,New Customers,412
3965,62,1,49,5,1,2,New Customers,512
3966,190,2,2754,3,3,4,Potential Loyalists,334
3967,191,2,2747,3,3,4,Potential Loyalists,334
3968,249,2,4194,2,3,5,At Risk (high value),235
3969,183,1,49,3,1,2,Needs Attention,312
3970,270,2,4118,2,3,5,At Risk (high value),235
3971,63,2,159,5,3,3,Potential Loyalists,533
3972,240,1,40,2,1,2,Hibernating,212
3973,49,1,57,5,1,2,New Customers,512
3974,341,1,30,1,1,1,Hibernating,111
3975,39,2,159,5,3,3,Potential Loyalists,533
3976,86,2,5957,4,3,5,Potential Loyalists,435
3977,234,3,7041,2,4,5,Loyal,245
3978,12,1,30,5,1,1,New Customers,511
3979,226,2,4209,2,3,5,At Risk (high value),235
3980,241,2,4183,2,3,5,At Risk (high value),235
3981,27,1,57,5,1,2,New Customers,512
3982,251,2,71,2,3,2,Hibernating,232
3983,301,2,153,1,3,3,Hibernating,133
3984,74,2,71,4,3,2,Potential Loyalists,432
3985,32,3,6699,5,4,5,Champions,545
3986,321,1,30,1,1,1,Hibernating,111
3987,13,2,117,5,3,3,Potential Loyalists,533
3988,236,1,25,2,1,1,Hibernating,211
3989,29,2,71,5,3,2,Potential Loyalists,532
3990,221,1,32,2,1,1,Hibernating,211
3991,223,2,4173,2,3,5,At Risk (high value),235
3992,51,3,6706,5,4,5,Champions,545
3993,24,2,106,5,3,3,Potential Loyalists,533
3994,196,2,153,3,3,3,Potential Loyalists,333
3995,244,1,30,2,1,1,Hibernating,211
3996,192,2,2833,3,3,4,Potential Loyalists,334
3997,213,1,22,2,1,1,Hibernating,211
3998,183,2,4143,3,3,5,Potential Loyalists,335
3999,175,2,3058,3,3,4,Potential Loyalists,334
4000,23,2,57,5,3,2,Potential Loyalists,532
4001,339,1,46,1,1,2,Hibernating,112
4002,194,1,31,3,1,1,Needs Attention,311
4003,170,2,2782,3,3,4,Potential Loyalists,334
4004,163,2,3048,3,3,4,Potential Loyalists,334
4005,178,2,3073,3,3,4,Potential Loyalists,334
4006,109,2,1503,4,3,4,Potential Loyalists,434
4007,206,2,2994,3,3,4,Potential Loyalists,334
4008,77,3,210,4,4,3,Loyal,443
4009,95,3,171,4,4,3,Loyal,443
4010,261,1,37,2,1,1,Hibernating,211
4011,37,1,81,5,1,2,New Customers,512
4012,204,1,90,3,1,2,Needs Attention,312
4013,40,1,40,5,1,2,New Customers,512
4014,271,1,27,2,1,1,Hibernating,211
4015,231,2,3860,2,3,5,At Risk (high value),235
4016,239,2,3804,2,3,5,At Risk (high value),235
4017,112,2,1498,4,3,4,Potential Loyalists,434
4018,374,2,1307,1,3,4,At Risk (high value),134
4019,338,2,112,1,3,3,Hibernating,133
4020,157,2,73,3,3,2,Potential Loyalists,332
4021,71,2,40,5,3,2,Potential Loyalists,532
4022,69,2,39,5,3,1,Potential Loyalists,531
4023,145,2,2999,3,3,4,Potential Loyalists,334
4024,187,2,3080,3,3,4,Potential Loyalists,334
4025,90,2,79,4,3,2,Potential Loyalists,432
4026,152,2,129,3,3,3,Potential Loyalists,333
4027,171,2,30,3,3,1,Potential Loyalists,331
4028,137,2,2853,3,3,4,Potential Loyalists,334
4029,217,2,3826,2,3,5,At Risk (high value),235
4030,233,2,3826,2,3,5,At Risk (high value),235
4031,197,2,3786,3,3,5,Potential Loyalists,335
4032,158,2,41,3,3,2,Potential Loyalists,332
4033,185,2,3800,3,3,5,Potential Loyalists,335
4034,182,2,3797,3,3,5,Potential Loyalists,335
4035,66,2,103,5,3,3,Potential Loyalists,533
4036,157,2,3772,3,3,5,Potential Loyalists,335
4037,168,2,3785,3,3,5,Potential Loyalists,335
4038,162,2,3856,3,3,5,Potential Loyalists,335
4039,156,2,3750,3,3,5,Potential Loyalists,335
4040,130,2,79,4,3,2,Potential Loyalists,432
4041,157,2,3807,3,3,5,Potential Loyalists,335
4042,176,2,3826,3,3,5,Potential Loyalists,335
4043,142,2,3807,3,3,5,Potential Loyalists,335
4044,148,2,3846,3,3,5,Potential Loyalists,335
4045,153,2,3803,3,3,5,Potential Loyalists,335
4046,188,1,49,3,1,2,Needs Attention,312
4047,43,2,5943,5,3,5,Potential Loyalists,535
4048,41,3,6669,5,4,5,Champions,545
4049,59,3,6690,5,4,5,Champions,545
4050,64,1,72,5,1,2,New Customers,512
4051,213,2,4206,2,3,5,At Risk (high value),235
4052,60,3,6650,5,4,5,Champions,545
4053,64,2,44,5,3,2,Potential Loyalists,532
4054,134,1,94,3,1,3,Needs Attention,313
4055,205,2,4155,3,3,5,Potential Loyalists,335
4056,194,2,4178,3,3,5,Potential Loyalists,335
4057,59,3,6748,5,4,5,Champions,545
4058,108,2,115,4,3,3,Potential Loyalists,433
4059,56,3,6639,5,4,5,Champions,545
4060,40,3,6793,5,4,5,Champions,545
4061,31,1,25,5,1,1,New Customers,511
4062,182,2,2782,3,3,4,Potential Loyalists,334
4063,40,3,6684,5,4,5,Champions,545
4064,172,2,4133,3,3,5,Potential Loyalists,335
4065,155,2,2992,3,3,4,Potential Loyalists,334
4066,333,1,24,1,1,1,Hibernating,111
4067,162,1,25,3,1,1,Needs Attention,311
4068,150,2,2804,3,3,4,Potential Loyalists,334
4069,269,1,81,2,1,2,Hibernating,212
4070,332,1,72,1,1,2,Hibernating,112
4071,132,2,2771,4,3,4,Potential Loyalists,434
4072,132,2,2747,4,3,4,Potential Loyalists,434
4073,128,2,2756,4,3,4,Potential Loyalists,434
4074,161,2,4143,3,3,5,Potential Loyalists,335
4075,10,1,86,5,1,2,New Customers,512
4076,73,2,75,5,3,2,Potential Loyalists,532
4077,42,1,96,5,1,3,New Customers,513
4078,41,3,6673,5,4,5,Champions,545
4079,35,3,6675,5,4,5,Champions,545
4080,135,2,2732,3,3,4,Potential Loyalists,334
4081,204,3,8305,3,4,5,Loyal,345
4082,40,2,5900,5,3,5,Potential Loyalists,535
4083,239,3,7069,2,4,5,Loyal,245
4084,61,2,5888,5,3,5,Potential Loyalists,535
4085,186,3,7000,3,4,5,Loyal,345
4086,200,3,7229,3,4,5,Loyal,345
4087,159,3,6959,3,4,5,Loyal,345
4088,33,2,5917,5,3,5,Potential Loyalists,535
4089,33,2,5896,5,3,5,Potential Loyalists,535
4090,48,2,5895,5,3,5,Potential Loyalists,535
4091,190,1,164,3,1,3,Needs Attention,313
4092,268,1,40,2,1,2,Hibernating,212
4093,286,1,37,2,1,1,Hibernating,211
4094,80,3,7265,4,4,5,Champions,445
4095,73,3,7109,5,4,5,Champions,545
4096,51,3,7255,5,4,5,Champions,545
4097,133,1,70,4,1,2,New Customers,412
4098,179,3,8377,3,4,5,Loyal,345
4099,188,1,39,3,1,1,Needs Attention,311
4100,230,1,91,2,1,2,Hibernating,212
4101,206,3,6953,3,4,5,Loyal,345
4102,194,3,6944,3,4,5,Loyal,345
4103,65,2,97,5,3,3,Potential Loyalists,533
4104,56,2,108,5,3,3,Potential Loyalists,533
4105,193,1,70,3,1,2,Needs Attention,312
4106,333,1,120,1,1,3,Hibernating,113
4107,168,3,8421,3,4,5,Loyal,345
4108,309,1,70,1,1,2,Hibernating,112
4109,115,2,211,4,3,3,Potential Loyalists,433
4110,230,1,120,2,1,3,Hibernating,213
4111,33,1,70,5,1,2,New Customers,512
4112,13,1,79,5,1,2,New Customers,512
4113,352,1,94,1,1,3,Hibernating,113
4114,10,1,120,5,1,3,New Customers,513
4115,191,3,6919,3,4,5,Loyal,345
4116,203,1,94,3,1,3,Needs Attention,313
4117,204,3,7212,3,4,5,Loyal,345
4118,184,3,6975,3,4,5,Loyal,345
4119,162,3,8301,3,4,5,Loyal,345
4120,48,2,69,5,3,2,Potential Loyalists,532
4121,84,3,5217,4,4,5,Champions,445
4122,47,3,5202,5,4,5,Champions,545
4123,46,3,5193,5,4,5,Champions,545
4124,67,2,81,5,3,2,Potential Loyalists,532
4125,251,2,122,2,3,3,Hibernating,233
4126,56,2,81,5,3,2,Potential Loyalists,532
4127,93,2,86,4,3,2,Potential Loyalists,432
4128,56,3,5182,5,4,5,Champions,545
4129,264,2,77,2,3,2,Hibernating,232
4130,57,3,5177,5,4,5,Champions,545
4131,54,3,5215,5,4,5,Champions,545
4132,163,2,81,3,3,2,Potential Loyalists,332
4133,62,2,152,5,3,3,Potential Loyalists,533
4134,35,3,5237,5,4,5,Champions,545
4135,61,3,5151,5,4,5,Champions,545
4136,122,2,4381,4,3,5,Potential Loyalists,435
4137,143,2,62,3,3,2,Potential Loyalists,332
4138,271,2,162,2,3,3,Hibernating,233
4139,95,2,123,4,3,3,Potential Loyalists,433
4140,280,2,60,2,3,2,Hibernating,232
4141,93,2,62,4,3,2,Potential Loyalists,432
4142,36,2,64,5,3,2,Potential Loyalists,532
4143,63,2,138,5,3,3,Potential Loyalists,533
4144,113,2,4366,4,3,5,Potential Loyalists,435
4145,113,2,4344,4,3,5,Potential Loyalists,435
4146,95,2,4368,4,3,5,Potential Loyalists,435
4147,200,2,162,3,3,3,Potential Loyalists,333
4148,176,2,97,3,3,3,Potential Loyalists,333
4149,236,2,90,2,3,2,Hibernating,232
4150,73,2,64,5,3,2,Potential Loyalists,532
4151,120,2,4379,4,3,5,Potential Loyalists,435
4152,99,2,4344,4,3,5,Potential Loyalists,435
4153,100,2,4465,4,3,5,Potential Loyalists,435
4154,152,2,114,3,3,3,Potential Loyalists,333
4155,28,2,110,5,3,3,Potential Loyalists,533
4156,211,2,3149,2,3,4,At Risk (high value),234
4157,309,1,125,1,1,3,Hibernating,113
4158,62,3,214,5,4,3,Loyal,543
4159,350,1,40,1,1,2,Hibernating,112
4160,73,1,7,5,1,1,New Customers,511
4161,1,1,99,5,1,3,New Customers,513
4162,340,1,7,1,1,1,Hibernating,111
4163,70,3,155,5,4,3,Loyal,543
4164,138,1,7,3,1,1,Needs Attention,311
4165,195,1,5,3,1,1,Needs Attention,311
4166,205,1,40,3,1,2,Needs Attention,312
4167,195,2,3125,3,3,4,Potential Loyalists,334
4168,168,2,3181,3,3,4,Potential Loyalists,334
4169,131,1,40,4,1,2,New Customers,412
4170,142,2,2919,3,3,4,Potential Loyalists,334
4171,114,2,4391,4,3,5,Potential Loyalists,435
4172,118,2,4392,4,3,5,Potential Loyalists,435
4173,77,4,215,4,5,3,Loyal,453
4174,283,1,46,2,1,2,Hibernating,212
4175,128,1,100,4,1,3,New Customers,413
4176,96,2,4850,4,3,5,Potential Loyalists,435
4177,98,2,4703,4,3,5,Potential Loyalists,435
4178,65,1,7,5,1,1,New Customers,511
4179,108,2,4445,4,3,5,Potential Loyalists,435
4180,101,2,4445,4,3,5,Potential Loyalists,435
4181,99,2,4466,4,3,5,Potential Loyalists,435
4182,115,2,4448,4,3,5,Potential Loyalists,435
4183,94,2,4391,4,3,5,Potential Loyalists,435
4184,103,2,4368,4,3,5,Potential Loyalists,435
4185,120,2,4441,4,3,5,Potential Loyalists,435
4186,107,2,4393,4,3,5,Potential Loyalists,435
4187,24,2,86,5,3,2,Potential Loyalists,532
4188,95,2,4725,4,3,5,Potential Loyalists,435
4189,106,2,1631,4,3,4,Potential Loyalists,434
4190,106,2,1552,4,3,4,Potential Loyalists,434
4191,55,1,99,5,1,3,New Customers,513
4192,119,2,1552,4,3,4,Potential Loyalists,434
4193,113,2,4384,4,3,5,Potential Loyalists,435
4194,155,2,3210,3,3,4,Potential Loyalists,334
4195,164,2,3174,3,3,4,Potential Loyalists,334
4196,157,2,3155,3,3,4,Potential Loyalists,334
4197,178,2,3159,3,3,4,Potential Loyalists,334
4198,12,3,192,5,4,3,Loyal,543
4199,356,1,7,1,1,1,Hibernating,111
4200,163,2,3080,3,3,4,Potential Loyalists,334
4201,174,2,3143,3,3,4,Potential Loyalists,334
4202,94,2,4793,4,3,5,Potential Loyalists,435
4203,184,1,13,3,1,1,Needs Attention,311
4204,163,2,3212,3,3,4,Potential Loyalists,334
4205,106,2,4444,4,3,5,Potential Loyalists,435
4206,94,2,4433,4,3,5,Potential Loyalists,435
4207,101,2,99,4,3,3,Potential Loyalists,433
4208,94,2,4446,4,3,5,Potential Loyalists,435
4209,137,2,2951,3,3,4,Potential Loyalists,334
4210,123,2,2916,4,3,4,Potential Loyalists,434
4211,119,2,2926,4,3,4,Potential Loyalists,434
4212,71,2,2910,5,3,4,Potential Loyalists,534
4213,39,2,69,5,3,2,Potential Loyalists,532
4214,67,2,2818,5,3,4,Potential Loyalists,534
4215,117,2,4490,4,3,5,Potential Loyalists,435
4216,109,2,4468,4,3,5,Potential Loyalists,435
4217,297,2,101,1,3,3,Hibernating,133
4218,64,2,41,5,3,2,Potential Loyalists,532
4219,121,2,4399,4,3,5,Potential Loyalists,435
4220,120,2,4399,4,3,5,Potential Loyalists,435
4221,97,2,4384,4,3,5,Potential Loyalists,435
4222,99,2,4447,4,3,5,Potential Loyalists,435
4223,95,2,123,4,3,3,Potential Loyalists,433
4224,112,2,4366,4,3,5,Potential Loyalists,435
4225,65,2,72,5,3,2,Potential Loyalists,532
4226,97,2,4401,4,3,5,Potential Loyalists,435
4227,104,2,4391,4,3,5,Potential Loyalists,435
4228,93,2,4470,4,3,5,Potential Loyalists,435
4229,108,2,4375,4,3,5,Potential Loyalists,435
4230,81,2,2833,4,3,4,Potential Loyalists,434
4231,15,2,243,5,3,3,Potential Loyalists,533
4232,14,2,90,5,3,2,Potential Loyalists,532
4233,163,2,40,3,3,2,Potential Loyalists,332
4234,132,2,60,4,3,2,Potential Loyalists,432
4235,184,2,60,3,3,2,Potential Loyalists,332
4236,155,2,191,3,3,3,Potential Loyalists,333
4237,241,2,127,2,3,3,Hibernating,233
4238,101,2,66,4,3,2,Potential Loyalists,432
4239,108,2,99,4,3,3,Potential Loyalists,433
4240,177,2,123,3,3,3,Potential Loyalists,333
4241,49,2,74,5,3,2,Potential Loyalists,532
4242,176,2,52,3,3,2,Potential Loyalists,332
4243,159,2,37,3,3,1,Potential Loyalists,331
4244,93,1,37,4,1,1,New Customers,411
4245,94,4,179,4,5,3,Loyal,453
4246,183,1,31,3,1,1,Needs Attention,311
4247,247,1,22,2,1,1,Hibernating,211
4248,265,1,7,2,1,1,Hibernating,211
4249,81,1,64,4,1,2,New Customers,412
4250,147,1,46,3,1,2,Needs Attention,312
4251,269,1,57,2,1,2,Hibernating,212
4252,1,4,200,5,5,3,Loyal,553
4253,94,2,1552,4,3,4,Potential Loyalists,434
4254,73,2,79,5,3,2,Potential Loyalists,532
4255,109,2,1624,4,3,4,Potential Loyalists,434
4256,84,2,1587,4,3,4,Potential Loyalists,434
4257,73,2,1631,5,3,4,Potential Loyalists,534
4258,360,1,40,1,1,2,Hibernating,112
4259,126,1,5,4,1,1,New Customers,411
4260,25,1,22,5,1,1,New Customers,511
4261,300,1,46,1,1,2,Hibernating,112
4262,185,2,70,3,3,2,Potential Loyalists,332
4263,138,2,3772,3,3,5,Potential Loyalists,335
4264,3,2,79,5,3,2,Potential Loyalists,532
4265,148,2,39,3,3,1,Potential Loyalists,331
4266,92,2,2897,4,3,4,Potential Loyalists,434
4267,75,2,2934,4,3,4,Potential Loyalists,434
4268,35,2,2853,5,3,4,Potential Loyalists,534
4269,48,2,2840,5,3,4,Potential Loyalists,534
4270,277,1,7,2,1,1,Hibernating,211
4271,176,1,40,3,1,2,Needs Attention,312
4272,148,1,40,3,1,2,Needs Attention,312
4273,66,1,64,5,1,2,New Customers,512
4274,298,1,104,1,1,3,Hibernating,113
4275,256,1,114,2,1,3,Hibernating,213
4276,336,1,14,1,1,1,Hibernating,111
4277,374,2,1346,1,3,4,At Risk (high value),134
4278,221,1,96,2,1,3,Hibernating,213
4279,360,1,57,1,1,2,Hibernating,112
4280,119,1,57,4,1,2,New Customers,412
4281,163,2,3115,3,3,4,Potential Loyalists,334
4282,315,1,40,1,1,2,Hibernating,112
4283,115,1,7,4,1,1,New Customers,411
4284,111,1,865,4,1,3,New Customers,413
4285,74,2,1683,4,3,4,Potential Loyalists,434
4286,319,1,40,1,1,2,Hibernating,112
4287,79,1,69,4,1,2,New Customers,412
4288,83,2,1681,4,3,4,Potential Loyalists,434
4289,63,2,1574,5,3,4,Potential Loyalists,534
4290,91,2,1574,4,3,4,Potential Loyalists,434
4291,85,2,1676,4,3,4,Potential Loyalists,434
4292,75,1,889,4,1,3,New Customers,413
4293,117,1,55,4,1,2,New Customers,412
4294,17,1,40,5,1,2,New Customers,512
4295,282,1,60,2,1,2,Hibernating,212
4296,231,1,7,2,1,1,Hibernating,211
4297,116,1,7,4,1,1,New Customers,411
4298,206,1,40,3,1,2,Needs Attention,312
4299,70,1,7,5,1,1,New Customers,511
4300,65,1,7,5,1,1,New Customers,511
4301,3,1,5,5,1,1,New Customers,511
4302,342,1,15,1,1,1,Hibernating,111
4303,173,2,3135,3,3,4,Potential Loyalists,334
4304,154,2,3078,3,3,4,Potential Loyalists,334
4305,102,2,4843,4,3,5,Potential Loyalists,435
4306,283,1,15,2,1,1,Hibernating,211
4307,27,1,90,5,1,2,New Customers,512
4308,305,1,40,1,1,2,Hibernating,112
4309,90,2,1622,4,3,4,Potential Loyalists,434
4310,90,2,1622,4,3,4,Potential Loyalists,434
4311,137,3,94,3,4,3,Loyal,343
4312,86,2,1622,4,3,4,Potential Loyalists,434
4313,90,2,1631,4,3,4,Potential Loyalists,434
4314,165,1,7,3,1,1,Needs Attention,311
4315,75,2,1576,4,3,4,Potential Loyalists,434
4316,296,1,5,1,1,1,Hibernating,111
4317,91,1,7,4,1,1,New Customers,411
4318,265,1,55,2,1,2,Hibernating,212
4319,59,1,40,5,1,2,New Customers,512
4320,365,1,7,1,1,1,Hibernating,111
4321,166,2,3153,3,3,4,Potential Loyalists,334
4322,176,2,3113,3,3,4,Potential Loyalists,334
4323,163,2,3153,3,3,4,Potential Loyalists,334
4324,70,1,804,5,1,3,New Customers,513
4325,43,1,51,5,1,2,New Customers,512
4326,77,2,1584,4,3,4,Potential Loyalists,434
4327,169,1,173,3,1,3,Needs Attention,313
4328,65,1,40,5,1,2,New Customers,512
4329,163,2,3199,3,3,4,Potential Loyalists,334
4330,168,2,3135,3,3,4,Potential Loyalists,334
4331,354,1,40,1,1,2,Hibernating,112
4332,281,1,7,2,1,1,Hibernating,211
4333,63,1,40,5,1,2,New Customers,512
4334,90,2,1631,4,3,4,Potential Loyalists,434
4335,33,1,848,5,1,3,New Customers,513
4336,82,1,40,4,1,2,New Customers,412
4337,9,1,7,5,1,1,New Customers,511
4338,66,2,1622,5,3,4,Potential Loyalists,534
4339,81,2,1597,4,3,4,Potential Loyalists,434
4340,77,2,1622,4,3,4,Potential Loyalists,434
4341,57,3,156,5,4,3,Loyal,543
4342,63,2,1622,5,3,4,Potential Loyalists,534
4343,87,2,1646,4,3,4,Potential Loyalists,434
4344,65,2,1552,5,3,4,Potential Loyalists,534
4345,287,1,5,2,1,1,Hibernating,211
4346,180,2,3102,3,3,4,Potential Loyalists,334
4347,171,2,3247,3,3,4,Potential Loyalists,334
4348,78,2,1631,4,3,4,Potential Loyalists,434
4349,170,2,3199,3,3,4,Potential Loyalists,334
4350,178,2,3140,3,3,4,Potential Loyalists,334
4351,159,2,3145,3,3,4,Potential Loyalists,334
4352,168,2,3115,3,3,4,Potential Loyalists,334
4353,312,1,70,1,1,2,Hibernating,112
4354,57,2,326,5,3,3,Potential Loyalists,533
4355,175,3,8297,3,4,5,Loyal,345
4356,87,1,35,4,1,1,New Customers,411
4357,328,1,120,1,1,3,Hibernating,113
4358,198,3,7232,3,4,5,Loyal,345
4359,53,1,40,5,1,2,New Customers,512
4360,139,1,51,3,1,2,Needs Attention,312
4361,50,1,5,5,1,1,New Customers,511
4362,5,1,40,5,1,2,New Customers,512
4363,119,2,4745,4,3,5,Potential Loyalists,435
4364,103,2,4719,4,3,5,Potential Loyalists,435
4365,176,2,3184,3,3,4,Potential Loyalists,334
4366,167,2,3142,3,3,4,Potential Loyalists,334
4367,341,1,60,1,1,2,Hibernating,112
4368,176,2,3178,3,3,4,Potential Loyalists,334
4369,298,1,7,1,1,1,Hibernating,111
4370,172,2,3128,3,3,4,Potential Loyalists,334
4371,113,1,7,4,1,1,New Customers,411
4372,181,2,3179,3,3,4,Potential Loyalists,334
4373,165,2,3105,3,3,4,Potential Loyalists,334
4374,47,1,40,5,1,2,New Customers,512
4375,161,2,3178,3,3,4,Potential Loyalists,334
4376,204,1,68,3,1,2,Needs Attention,312
4377,89,3,136,4,4,3,Loyal,443
4378,8,3,168,5,4,3,Loyal,543
4379,97,3,171,4,4,3,Loyal,443
4380,169,2,3184,3,3,4,Potential Loyalists,334
4381,166,2,3145,3,3,4,Potential Loyalists,334
4382,21,1,5,5,1,1,New Customers,511
4383,178,1,104,3,1,3,Needs Attention,313
4384,10,1,114,5,1,3,New Customers,513
4385,300,1,7,1,1,1,Hibernating,111
4386,290,1,7,1,1,1,Hibernating,111
4387,155,1,5,3,1,1,Needs Attention,311
4388,65,1,5,5,1,1,New Customers,511
4389,182,2,3128,3,3,4,Potential Loyalists,334
4390,160,2,3153,3,3,4,Potential Loyalists,334
4391,146,1,40,3,1,2,Needs Attention,312
4392,88,2,4828,4,3,5,Potential Loyalists,435
4393,232,1,40,2,1,2,Hibernating,212
4394,35,1,7,5,1,1,New Customers,511
4395,155,2,3135,3,3,4,Potential Loyalists,334
4396,77,2,4780,4,3,5,Potential Loyalists,435
4397,156,2,3148,3,3,4,Potential Loyalists,334
4398,345,1,40,1,1,2,Hibernating,112
4399,169,2,3133,3,3,4,Potential Loyalists,334
4400,156,2,3148,3,3,4,Potential Loyalists,334
4401,273,1,5,2,1,1,Hibernating,211
4402,102,1,40,4,1,2,New Customers,412
4403,120,3,132,4,4,3,Loyal,443
4404,221,1,40,2,1,2,Hibernating,212
4405,171,2,3115,3,3,4,Potential Loyalists,334
4406,275,1,15,2,1,1,Hibernating,211
4407,317,1,7,1,1,1,Hibernating,111
4408,89,1,40,4,1,2,New Customers,412
4409,151,1,40,3,1,2,Needs Attention,312
4410,70,2,1567,5,3,4,Potential Loyalists,534
4411,63,2,1619,5,3,4,Potential Loyalists,534
4412,159,2,3128,3,3,4,Potential Loyalists,334
4413,52,1,5,5,1,1,New Customers,511
4414,149,3,319,3,4,3,Loyal,343
4415,354,1,5,1,1,1,Hibernating,111
4416,156,1,90,3,1,2,Needs Attention,312
4417,107,1,5,4,1,1,New Customers,411
4418,173,2,3120,3,3,4,Potential Loyalists,334
4419,217,3,232,2,4,3,Loyal,243
4420,182,2,3103,3,3,4,Potential Loyalists,334
4421,333,1,5,1,1,1,Hibernating,111
4422,93,1,5,4,1,1,New Customers,411
4423,53,2,1633,5,3,4,Potential Loyalists,534
4424,325,1,5,1,1,1,Hibernating,111
4425,41,1,31,5,1,1,New Customers,511
4426,136,2,3772,3,3,5,Potential Loyalists,335
4427,79,2,116,4,3,3,Potential Loyalists,433
4428,48,2,1574,5,3,4,Potential Loyalists,534
4429,51,2,1631,5,3,4,Potential Loyalists,534
4430,181,2,3170,3,3,4,Potential Loyalists,334
4431,360,1,40,1,1,2,Hibernating,112
4432,278,1,7,2,1,1,Hibernating,211
4433,56,2,1587,5,3,4,Potential Loyalists,534
4434,59,2,1622,5,3,4,Potential Loyalists,534
4435,116,2,32,4,3,1,Potential Loyalists,431
4436,139,2,3801,3,3,5,Potential Loyalists,335
4437,128,2,3772,4,3,5,Potential Loyalists,435
4438,13,2,37,5,3,1,Potential Loyalists,531
4439,102,2,3788,4,3,5,Potential Loyalists,435
4440,105,2,3804,4,3,5,Potential Loyalists,435
4441,35,3,6736,5,4,5,Champions,545
4442,241,2,77,2,3,2,Hibernating,232
4443,210,1,94,2,1,3,Hibernating,213
4444,358,1,7,1,1,1,Hibernating,111
4445,29,2,139,5,3,3,Potential Loyalists,533
4446,216,1,65,2,1,2,Hibernating,212
4447,259,1,32,2,1,1,Hibernating,211
4448,247,1,25,2,1,1,Hibernating,211
4449,27,2,53,5,3,2,Potential Loyalists,532
4450,33,2,49,5,3,2,Potential Loyalists,532
4451,334,1,32,1,1,1,Hibernating,111
4452,135,2,2757,3,3,4,Potential Loyalists,334
4453,315,1,25,1,1,1,Hibernating,111
4454,46,3,6650,5,4,5,Champions,545
4455,146,2,2747,3,3,4,Potential Loyalists,334
4456,108,2,3099,4,3,4,Potential Loyalists,434
4457,127,2,2816,4,3,4,Potential Loyalists,434
4458,134,2,2782,3,3,4,Potential Loyalists,334
4459,167,1,5,3,1,1,Needs Attention,311
4460,214,1,35,2,1,1,Hibernating,211
4461,97,2,2747,4,3,4,Potential Loyalists,434
4462,127,2,89,4,3,2,Potential Loyalists,432
4463,104,2,3086,4,3,4,Potential Loyalists,434
4464,103,2,2803,4,3,4,Potential Loyalists,434
4465,46,2,37,5,3,1,Potential Loyalists,531
4466,123,2,40,4,3,2,Potential Loyalists,432
4467,54,2,1587,5,3,4,Potential Loyalists,534
4468,33,2,1631,5,3,4,Potential Loyalists,534
4469,111,3,437,4,4,3,Loyal,443
4470,354,1,40,1,1,2,Hibernating,112
4471,167,1,77,3,1,2,Needs Attention,312
4472,58,2,1622,5,3,4,Potential Loyalists,534
4473,44,2,1560,5,3,4,Potential Loyalists,534
4474,60,2,1552,5,3,4,Potential Loyalists,534
4475,48,2,1676,5,3,4,Potential Loyalists,534
4476,33,2,1587,5,3,4,Potential Loyalists,534
4477,363,1,7,1,1,1,Hibernating,111
4478,46,1,7,5,1,1,New Customers,511
4479,159,3,183,3,4,3,Loyal,343
4480,70,1,86,5,1,2,New Customers,512
4481,162,2,3078,3,3,4,Potential Loyalists,334
4482,165,2,3153,3,3,4,Potential Loyalists,334
4483,179,2,3124,3,3,4,Potential Loyalists,334
4484,175,2,3120,3,3,4,Potential Loyalists,334
4485,156,2,3180,3,3,4,Potential Loyalists,334
4486,323,1,40,1,1,2,Hibernating,112
4487,222,1,40,2,1,2,Hibernating,212
4488,328,1,90,1,1,2,Hibernating,112
4489,104,3,166,4,4,3,Loyal,443
4490,57,2,1685,5,3,4,Potential Loyalists,534
4491,76,2,4813,4,3,5,Potential Loyalists,435
4492,182,2,3182,3,3,4,Potential Loyalists,334
4493,163,2,3117,3,3,4,Potential Loyalists,334
4494,169,2,3100,3,3,4,Potential Loyalists,334
4495,68,3,276,5,4,3,Loyal,543
4496,31,1,40,5,1,2,New Customers,512
4497,330,1,40,1,1,2,Hibernating,112
4498,36,2,1622,5,3,4,Potential Loyalists,534
4499,127,3,256,4,4,3,Loyal,443
4500,155,2,3223,3,3,4,Potential Loyalists,334
4501,157,2,3154,3,3,4,Potential Loyalists,334
4502,165,2,3198,3,3,4,Potential Loyalists,334
4503,33,2,1587,5,3,4,Potential Loyalists,534
4504,52,2,1622,5,3,4,Potential Loyalists,534
4505,255,1,40,2,1,2,Hibernating,212
4506,220,1,7,2,1,1,Hibernating,211
4507,55,2,1552,5,3,4,Potential Loyalists,534
4508,184,3,268,3,4,3,Loyal,343
4509,190,1,40,3,1,2,Needs Attention,312
4510,320,1,40,1,1,2,Hibernating,112
4511,160,1,40,3,1,2,Needs Attention,312
4512,9,3,144,5,4,3,Loyal,543
4513,98,1,62,4,1,2,New Customers,412
4514,166,1,40,3,1,2,Needs Attention,312
4515,247,1,125,2,1,3,Hibernating,213
4516,60,1,7,5,1,1,New Customers,511
4517,210,1,7,2,1,1,Hibernating,211
4518,156,2,3113,3,3,4,Potential Loyalists,334
4519,143,2,3115,3,3,4,Potential Loyalists,334
4520,277,1,22,2,1,1,Hibernating,211
4521,44,2,1611,5,3,4,Potential Loyalists,534
4522,141,2,3173,3,3,4,Potential Loyalists,334
4523,165,1,27,3,1,1,Needs Attention,311
4524,34,2,1631,5,3,4,Potential Loyalists,534
4525,253,1,7,2,1,1,Hibernating,211
4526,51,2,1560,5,3,4,Potential Loyalists,534
4527,87,3,188,4,4,3,Loyal,443
4528,43,2,1622,5,3,4,Potential Loyalists,534
4529,60,2,1676,5,3,4,Potential Loyalists,534
4530,60,2,1587,5,3,4,Potential Loyalists,534
4531,44,1,846,5,1,3,New Customers,513
4532,41,2,1622,5,3,4,Potential Loyalists,534
4533,43,2,1589,5,3,4,Potential Loyalists,534
4534,163,1,5,3,1,1,Needs Attention,311
4535,146,2,3199,3,3,4,Potential Loyalists,334
4536,149,2,3100,3,3,4,Potential Loyalists,334
4537,31,3,250,5,4,3,Loyal,543
4538,39,2,1631,5,3,4,Potential Loyalists,534
4539,41,2,1595,5,3,4,Potential Loyalists,534
4540,108,1,64,4,1,2,New Customers,412
4541,123,2,3125,4,3,4,Potential Loyalists,434
4542,160,1,62,3,1,2,Needs Attention,312
4543,142,2,3118,3,3,4,Potential Loyalists,334
4544,118,3,181,4,4,3,Loyal,443
4545,276,1,112,2,1,3,Hibernating,213
4546,197,1,40,3,1,2,Needs Attention,312
4547,42,1,40,5,1,2,New Customers,512
4548,35,2,1587,5,3,4,Potential Loyalists,534
4549,367,2,1338,1,3,4,At Risk (high value),134
4550,383,1,575,1,1,3,Hibernating,113
4551,61,1,5,5,1,1,New Customers,511
4552,393,2,1375,1,3,4,At Risk (high value),134
4553,369,2,1427,1,3,4,At Risk (high value),134
4554,389,2,1373,1,3,4,At Risk (high value),134
4555,370,2,1358,1,3,4,At Risk (high value),134
4556,378,2,1372,1,3,4,At Risk (high value),134
4557,332,1,589,1,1,3,Hibernating,113
4558,386,2,1338,1,3,4,At Risk (high value),134
4559,359,2,1363,1,3,4,At Risk (high value),134
4560,249,3,173,2,4,3,Loyal,243
4561,263,1,5,2,1,1,Hibernating,211
4562,343,2,1375,1,3,4,At Risk (high value),134
4563,364,2,1348,1,3,4,At Risk (high value),134
4564,116,1,40,4,1,2,New Customers,412
4565,145,3,189,3,4,3,Loyal,343
4566,124,2,3100,4,3,4,Potential Loyalists,434
4567,53,2,4912,5,3,5,Potential Loyalists,535
4568,53,2,4720,5,3,5,Potential Loyalists,535
4569,123,2,3113,4,3,4,Potential Loyalists,434
4570,126,2,3078,4,3,4,Potential Loyalists,434
4571,336,2,1345,1,3,4,At Risk (high value),134
4572,117,3,102,4,4,3,Loyal,443
4573,107,3,105,4,4,3,Loyal,443
4574,116,1,5,4,1,1,New Customers,411
4575,22,1,127,5,1,3,New Customers,513
4576,52,2,2910,5,3,4,Potential Loyalists,534
4577,100,2,4344,4,3,5,Potential Loyalists,435
4578,170,2,143,3,3,3,Potential Loyalists,333
4579,96,2,4510,4,3,5,Potential Loyalists,435
4580,325,2,35,1,3,1,Hibernating,131
4581,47,2,2910,5,3,4,Potential Loyalists,534
4582,156,2,114,3,3,3,Potential Loyalists,333
4583,51,2,2907,5,3,4,Potential Loyalists,534
4584,103,2,66,4,3,2,Potential Loyalists,432
4585,34,2,62,5,3,2,Potential Loyalists,532
4586,107,2,4367,4,3,5,Potential Loyalists,435
4587,122,2,4469,4,3,5,Potential Loyalists,435
4588,102,2,4423,4,3,5,Potential Loyalists,435
4589,96,2,4486,4,3,5,Potential Loyalists,435
4590,119,2,4416,4,3,5,Potential Loyalists,435
4591,93,2,4440,4,3,5,Potential Loyalists,435
4592,105,2,4346,4,3,5,Potential Loyalists,435
4593,134,2,60,3,3,2,Potential Loyalists,332
4594,197,2,116,3,3,3,Potential Loyalists,333
4595,12,2,66,5,3,2,Potential Loyalists,532
4596,116,2,4369,4,3,5,Potential Loyalists,435
4597,97,2,4460,4,3,5,Potential Loyalists,435
4598,100,2,4391,4,3,5,Potential Loyalists,435
4599,60,2,168,5,3,3,Potential Loyalists,533
4600,31,2,81,5,3,2,Potential Loyalists,532
4601,96,2,4590,4,3,5,Potential Loyalists,435
4602,105,2,4430,4,3,5,Potential Loyalists,435
4603,45,2,64,5,3,2,Potential Loyalists,532
4604,166,2,40,3,3,2,Potential Loyalists,332
4605,138,2,66,3,3,2,Potential Loyalists,332
4606,67,2,40,5,3,2,Potential Loyalists,532
4607,164,2,116,3,3,3,Potential Loyalists,333
4608,21,2,88,5,3,2,Potential Loyalists,532
4609,154,1,40,3,1,2,Needs Attention,312
4610,167,1,27,3,1,1,Needs Attention,311
4611,93,2,115,4,3,3,Potential Loyalists,433
4612,229,1,54,2,1,2,Hibernating,212
4613,215,2,80,2,3,2,Hibernating,232
4614,251,1,27,2,1,1,Hibernating,211
4615,51,2,6059,5,3,5,Potential Loyalists,535
4616,32,2,70,5,3,2,Potential Loyalists,532
4617,130,1,27,4,1,1,New Customers,411
4618,362,1,60,1,1,2,Hibernating,112
4619,303,1,25,1,1,1,Hibernating,111
4620,42,2,5908,5,3,5,Potential Loyalists,535
4621,53,2,5959,5,3,5,Potential Loyalists,535
4622,36,2,5977,5,3,5,Potential Loyalists,535
4623,121,2,3027,4,3,4,Potential Loyalists,434
4624,128,3,7247,4,4,5,Champions,445
4625,128,3,6990,4,4,5,Champions,445
4626,187,3,7169,3,4,5,Loyal,345
4627,206,3,7029,3,4,5,Loyal,345
4628,155,3,6944,3,4,5,Loyal,345
4629,104,1,64,4,1,2,New Customers,412
4630,29,1,40,5,1,2,New Customers,512
4631,138,3,5135,3,4,5,Loyal,345
4632,121,3,5121,4,4,5,Champions,445
4633,110,3,5244,4,4,5,Champions,445
4634,253,1,69,2,1,2,Hibernating,212
4635,58,2,62,5,3,2,Potential Loyalists,532
4636,78,2,117,4,3,3,Potential Loyalists,433
4637,232,1,79,2,1,2,Hibernating,212
4638,113,3,7000,4,4,5,Champions,445
4639,110,3,5161,4,4,5,Champions,445
4640,261,2,34,2,3,1,Hibernating,231
4641,273,2,34,2,3,1,Hibernating,231
4642,280,2,96,2,3,3,Hibernating,233
4643,100,2,3772,4,3,5,Potential Loyalists,435
4644,96,2,3807,4,3,5,Potential Loyalists,435
4645,86,2,3803,4,3,5,Potential Loyalists,435
4646,89,2,3785,4,3,5,Potential Loyalists,435
4647,82,2,3804,4,3,5,Potential Loyalists,435
4648,92,2,3764,4,3,5,Potential Loyalists,435
4649,67,2,3807,5,3,5,Potential Loyalists,535
4650,106,2,3048,4,3,4,Potential Loyalists,434
4651,46,1,115,5,1,3,New Customers,513
4652,65,2,2747,5,3,4,Potential Loyalists,534
4653,97,3,5159,4,4,5,Champions,445
4654,72,3,5203,5,4,5,Champions,545
4655,233,1,25,2,1,1,Hibernating,211
4656,101,2,2754,4,3,4,Potential Loyalists,434
4657,108,2,2992,4,3,4,Potential Loyalists,434
4658,63,3,5250,5,4,5,Champions,545
4659,150,1,65,3,1,2,Needs Attention,312
4660,103,2,3047,4,3,4,Potential Loyalists,434
4661,35,3,5168,5,4,5,Champions,545
4662,57,3,5207,5,4,5,Champions,545
4663,49,3,5253,5,4,5,Champions,545
4664,65,2,2772,5,3,4,Potential Loyalists,534
4665,68,2,2771,5,3,4,Potential Loyalists,534
4666,92,2,2804,4,3,4,Potential Loyalists,434
4667,79,2,3089,4,3,4,Potential Loyalists,434
4668,76,2,3125,4,3,4,Potential Loyalists,434
4669,38,2,5913,5,3,5,Potential Loyalists,535
4670,45,2,5898,5,3,5,Potential Loyalists,535
4671,43,1,115,5,1,3,New Customers,513
4672,159,2,31,3,3,1,Potential Loyalists,331
4673,36,1,90,5,1,2,New Customers,512
4674,294,1,65,1,1,2,Hibernating,112
4675,87,2,3053,4,3,4,Potential Loyalists,434
4676,168,3,7206,3,4,5,Loyal,345
4677,117,3,7224,4,4,5,Champions,445
4678,105,3,7200,4,4,5,Champions,445
4679,114,3,7223,4,4,5,Champions,445
4680,263,1,65,2,1,2,Hibernating,212
4681,208,1,5,2,1,1,Hibernating,211
4682,220,2,106,2,3,3,Hibernating,233
4683,18,1,70,5,1,2,New Customers,512
4684,322,1,90,1,1,2,Hibernating,112
4685,212,3,6963,2,4,5,Loyal,245
4686,191,3,7188,3,4,5,Loyal,345
4687,75,2,73,4,3,2,Potential Loyalists,432
4688,34,3,6974,5,4,5,Champions,545
4689,223,3,6222,2,4,5,Loyal,245
4690,270,1,35,2,1,1,Hibernating,211
4691,17,2,77,5,3,2,Potential Loyalists,532
4692,180,3,8341,3,4,5,Loyal,345
4693,182,3,8392,3,4,5,Loyal,345
4694,189,3,6905,3,4,5,Loyal,345
4695,8,2,108,5,3,3,Potential Loyalists,533
4696,157,3,8324,3,4,5,Loyal,345
4697,216,1,199,2,1,3,Hibernating,213
4698,211,3,6975,2,4,5,Loyal,245
4699,79,1,42,4,1,2,New Customers,412
4700,171,3,6970,3,4,5,Loyal,345
4701,210,3,6248,2,4,5,Loyal,245
4702,116,2,79,4,3,2,Potential Loyalists,432
4703,150,3,6918,3,4,5,Loyal,345
4704,366,1,75,1,1,2,Hibernating,112
4705,163,1,35,3,1,1,Needs Attention,311
4706,254,1,70,2,1,2,Hibernating,212
4707,323,1,35,1,1,1,Hibernating,111
4708,139,1,35,3,1,1,Needs Attention,311
4709,340,1,75,1,1,2,Hibernating,112
4710,311,1,95,1,1,3,Hibernating,113
4711,191,3,6317,3,4,5,Loyal,345
4712,208,2,127,2,3,3,Hibernating,233
4713,115,2,52,4,3,2,Potential Loyalists,432
4714,62,2,38,5,3,1,Potential Loyalists,531
4715,112,1,84,4,1,2,New Customers,412
4716,89,2,40,4,3,2,Potential Loyalists,432
4717,115,2,4467,4,3,5,Potential Loyalists,435
4718,82,2,4411,4,3,5,Potential Loyalists,435
4719,41,2,64,5,3,2,Potential Loyalists,532
4720,91,2,4430,4,3,5,Potential Loyalists,435
4721,65,2,70,5,3,2,Potential Loyalists,532
4722,115,2,119,4,3,3,Potential Loyalists,433
4723,85,2,4448,4,3,5,Potential Loyalists,435
4724,64,2,4444,5,3,5,Potential Loyalists,535
4725,68,2,4359,5,3,5,Potential Loyalists,535
4726,86,2,4416,4,3,5,Potential Loyalists,435
4727,72,2,4393,5,3,5,Potential Loyalists,535
4728,55,2,134,5,3,3,Potential Loyalists,533
4729,87,2,64,4,3,2,Potential Loyalists,432
4730,66,2,4393,5,3,5,Potential Loyalists,535
4731,93,2,123,4,3,3,Potential Loyalists,433
4732,123,2,60,4,3,2,Potential Loyalists,432
4733,75,2,4376,4,3,5,Potential Loyalists,435
4734,79,2,4443,4,3,5,Potential Loyalists,435
4735,62,2,4426,5,3,5,Potential Loyalists,535
4736,144,2,116,3,3,3,Potential Loyalists,333
4737,83,1,77,4,1,2,New Customers,412
4738,153,2,3117,3,3,4,Potential Loyalists,334
4739,44,1,166,5,1,3,New Customers,513
4740,152,2,3140,3,3,4,Potential Loyalists,334
4741,133,1,40,4,1,2,New Customers,412
4742,101,1,90,4,1,2,New Customers,412
4743,347,1,40,1,1,2,Hibernating,112
4744,66,1,40,5,1,2,New Customers,512
4745,166,1,13,3,1,1,Needs Attention,311
4746,152,1,90,3,1,2,Needs Attention,312
4747,57,1,5,5,1,1,New Customers,511
4748,146,1,40,3,1,2,Needs Attention,312
4749,65,3,297,5,4,3,Loyal,543
4750,12,1,7,5,1,1,New Customers,511
4751,127,2,3088,4,3,4,Potential Loyalists,434
4752,66,2,4446,5,3,5,Potential Loyalists,535
4753,66,2,4408,5,3,5,Potential Loyalists,535
4754,73,2,4399,5,3,5,Potential Loyalists,535
4755,72,2,4416,5,3,5,Potential Loyalists,535
4756,82,2,4404,4,3,5,Potential Loyalists,435
4757,84,2,4441,4,3,5,Potential Loyalists,435
4758,62,2,4366,5,3,5,Potential Loyalists,535
4759,5,2,99,5,3,3,Potential Loyalists,533
4760,314,1,90,1,1,2,Hibernating,112
4761,11,4,146,5,5,3,Loyal,553
4762,3,4,196,5,5,3,Loyal,553
4763,218,1,564,2,1,3,Hibernating,213
4764,312,2,1388,1,3,4,At Risk (high value),134
4765,81,2,4413,4,3,5,Potential Loyalists,435
4766,76,2,4369,4,3,5,Potential Loyalists,435
4767,223,2,62,2,3,2,Hibernating,232
4768,87,2,4379,4,3,5,Potential Loyalists,435
4769,127,2,3125,4,3,4,Potential Loyalists,434
4770,145,2,3160,3,3,4,Potential Loyalists,334
4771,143,2,3180,3,3,4,Potential Loyalists,334
4772,126,2,3175,4,3,4,Potential Loyalists,434
4773,194,1,40,3,1,2,Needs Attention,312
4774,186,1,64,3,1,2,Needs Attention,312
4775,296,1,125,1,1,3,Hibernating,113
4776,165,1,15,3,1,1,Needs Attention,311
4777,248,1,5,2,1,1,Hibernating,211
4778,284,1,40,2,1,2,Hibernating,212
4779,130,2,3178,4,3,4,Potential Loyalists,434
4780,253,1,91,2,1,2,Hibernating,212
4781,136,2,3245,3,3,4,Potential Loyalists,334
4782,142,2,3210,3,3,4,Potential Loyalists,334
4783,45,1,7,5,1,1,New Customers,511
4784,98,2,99,4,3,3,Potential Loyalists,433
4785,78,2,4379,4,3,5,Potential Loyalists,435
4786,91,2,4454,4,3,5,Potential Loyalists,435
4787,78,2,4366,4,3,5,Potential Loyalists,435
4788,48,2,168,5,3,3,Potential Loyalists,533
4789,88,2,4443,4,3,5,Potential Loyalists,435
4790,69,2,4486,5,3,5,Potential Loyalists,535
4791,336,2,2668,1,3,4,At Risk (high value),134
4792,58,2,42,5,3,2,Potential Loyalists,532
4793,309,2,2645,1,3,4,At Risk (high value),134
4794,62,2,4369,5,3,5,Potential Loyalists,535
4795,33,2,114,5,3,3,Potential Loyalists,533
4796,275,2,132,2,3,3,Hibernating,233
4797,26,2,60,5,3,2,Potential Loyalists,532
4798,87,2,4415,4,3,5,Potential Loyalists,435
4799,233,2,99,2,3,3,Hibernating,233
4800,77,2,4423,4,3,5,Potential Loyalists,435
4801,63,2,4399,5,3,5,Potential Loyalists,535
4802,63,2,4381,5,3,5,Potential Loyalists,535
4803,71,2,4444,5,3,5,Potential Loyalists,535
4804,71,2,66,5,3,2,Potential Loyalists,532
4805,46,2,99,5,3,3,Potential Loyalists,533
4806,43,2,128,5,3,3,Potential Loyalists,533
4807,268,2,103,2,3,3,Hibernating,233
4808,47,2,71,5,3,2,Potential Loyalists,532
4809,72,2,4424,5,3,5,Potential Loyalists,535
4810,193,2,63,3,3,2,Potential Loyalists,332
4811,109,2,67,4,3,2,Potential Loyalists,432
4812,196,2,71,3,3,2,Potential Loyalists,332
4813,87,2,81,4,3,2,Potential Loyalists,432
4814,139,1,31,3,1,1,Needs Attention,311
4815,111,1,94,4,1,3,New Customers,413
4816,35,3,142,5,4,3,Loyal,543
4817,241,3,188,2,4,3,Loyal,243
4818,261,1,64,2,1,2,Hibernating,212
4819,45,1,5,5,1,1,New Customers,511
4820,141,1,31,3,1,1,Needs Attention,311
4821,361,1,72,1,1,2,Hibernating,112
4822,360,1,31,1,1,1,Hibernating,111
4823,110,2,43,4,3,2,Potential Loyalists,432
4824,76,2,68,4,3,2,Potential Loyalists,432
4825,319,1,76,1,1,2,Hibernating,112
4826,15,1,40,5,1,2,New Customers,512
4827,8,4,185,5,5,3,Loyal,553
4828,308,2,1419,1,3,4,At Risk (high value),134
4829,77,2,172,4,3,3,Potential Loyalists,433
4830,232,2,188,2,3,3,Hibernating,233
4831,306,2,2680,1,3,4,At Risk (high value),134
4832,330,2,2646,1,3,4,At Risk (high value),134
4833,298,2,2611,1,3,4,At Risk (high value),134
4834,271,2,2611,2,3,4,At Risk (high value),234
4835,327,2,1323,1,3,4,At Risk (high value),134
4836,54,1,94,5,1,3,New Customers,513
4837,107,1,7,4,1,1,New Customers,411
4838,198,1,40,3,1,2,Needs Attention,312
4839,275,1,57,2,1,2,Hibernating,212
4840,268,1,24,2,1,1,Hibernating,211
4841,138,2,3080,3,3,4,Potential Loyalists,334
4842,149,2,3105,3,3,4,Potential Loyalists,334
4843,137,2,3153,3,3,4,Potential Loyalists,334
4844,136,2,3143,3,3,4,Potential Loyalists,334
4845,127,2,3135,4,3,4,Potential Loyalists,434
4846,136,2,3245,3,3,4,Potential Loyalists,334
4847,45,2,4943,5,3,5,Potential Loyalists,535
4848,9,3,241,5,4,3,Loyal,543
4849,33,1,40,5,1,2,New Customers,512
4850,230,1,7,2,1,1,Hibernating,211
4851,49,2,4813,5,3,5,Potential Loyalists,535
4852,146,2,3199,3,3,4,Potential Loyalists,334
4853,141,2,3223,3,3,4,Potential Loyalists,334
4854,216,1,60,2,1,2,Hibernating,212
4855,230,1,42,2,1,2,Hibernating,212
4856,121,1,29,4,1,1,New Customers,411
4857,22,3,153,5,4,3,Loyal,543
4858,98,1,5,4,1,1,New Customers,411
4859,191,1,7,3,1,1,Needs Attention,311
4860,115,3,74,4,4,2,Potential Loyalists,442
4861,318,2,1323,1,3,4,At Risk (high value),134
4862,362,1,7,1,1,1,Hibernating,111
4863,331,2,1380,1,3,4,At Risk (high value),134
4864,199,3,243,3,4,3,Loyal,343
4865,113,3,104,4,4,3,Loyal,443
4866,290,2,1417,1,3,4,At Risk (high value),134
4867,71,3,146,5,4,3,Loyal,543
4868,47,1,7,5,1,1,New Customers,511
4869,1,3,166,5,4,3,Loyal,543
4870,330,1,14,1,1,1,Hibernating,111
4871,256,1,7,2,1,1,Hibernating,211
4872,306,1,40,1,1,2,Hibernating,112
4873,45,3,237,5,4,3,Loyal,543
4874,135,2,3124,3,3,4,Potential Loyalists,334
4875,87,3,226,4,4,3,Loyal,443
4876,296,1,15,1,1,1,Hibernating,111
4877,59,2,4789,5,3,5,Potential Loyalists,535
4878,34,1,40,5,1,2,New Customers,512
4879,74,3,226,4,4,3,Loyal,443
4880,167,3,197,3,4,3,Loyal,343
4881,319,1,133,1,1,3,Hibernating,113
4882,327,1,565,1,1,3,Hibernating,113
4883,289,2,1372,1,3,4,At Risk (high value),134
4884,300,1,90,1,1,2,Hibernating,112
4885,267,1,40,2,1,2,Hibernating,212
4886,277,2,1398,2,3,4,At Risk (high value),234
4887,293,2,1422,1,3,4,At Risk (high value),134
4888,35,1,40,5,1,2,New Customers,512
4889,136,2,3179,3,3,4,Potential Loyalists,334
4890,52,2,4848,5,3,5,Potential Loyalists,535
4891,251,2,1375,2,3,4,At Risk (high value),234
4892,34,1,40,5,1,2,New Customers,512
4893,216,2,1402,2,3,4,At Risk (high value),234
4894,220,2,1429,2,3,4,At Risk (high value),234
4895,299,1,90,1,1,2,Hibernating,112
4896,219,1,62,2,1,2,Hibernating,212
4897,147,1,7,3,1,1,Needs Attention,311
4898,149,2,3115,3,3,4,Potential Loyalists,334
4899,85,1,7,4,1,1,New Customers,411
4900,153,2,3134,3,3,4,Potential Loyalists,334
4901,327,1,700,1,1,3,Hibernating,113
4902,241,2,1377,2,3,4,At Risk (high value),234
4903,238,2,1398,2,3,4,At Risk (high value),234
4904,238,2,1373,2,3,4,At Risk (high value),234
4905,243,2,1395,2,3,4,At Risk (high value),234
4906,56,2,4899,5,3,5,Potential Loyalists,535
4907,34,2,4761,5,3,5,Potential Loyalists,535
4908,120,1,5,4,1,1,New Customers,411
4909,201,2,1414,3,3,4,Potential Loyalists,334
4910,194,2,1380,3,3,4,Potential Loyalists,334
4911,313,1,40,1,1,2,Hibernating,112
4912,114,1,27,4,1,1,New Customers,411
4913,237,1,94,2,1,3,Hibernating,213
4914,308,1,712,1,1,3,Hibernating,113
4915,144,2,3080,3,3,4,Potential Loyalists,334
4916,123,2,3103,4,3,4,Potential Loyalists,434
4917,55,2,4793,5,3,5,Potential Loyalists,535
4918,36,2,4679,5,3,5,Potential Loyalists,535
4919,126,2,3150,4,3,4,Potential Loyalists,434
4920,36,2,84,5,3,2,Potential Loyalists,532
4921,193,3,6248,3,4,5,Loyal,345
4922,124,3,6549,4,4,5,Champions,445
4923,122,2,148,4,3,3,Potential Loyalists,433
4924,48,3,6592,5,4,5,Champions,545
4925,182,3,5744,3,4,5,Loyal,345
4926,163,3,5905,3,4,5,Loyal,345
4927,204,3,6979,3,4,5,Loyal,345
4928,211,3,6933,2,4,5,Loyal,245
4929,190,3,6960,3,4,5,Loyal,345
4930,141,3,6945,3,4,5,Loyal,345
4931,145,1,84,3,1,2,Needs Attention,312
4932,172,3,5362,3,4,5,Loyal,345
4933,161,3,7186,3,4,5,Loyal,345
4934,141,3,6932,3,4,5,Loyal,345
4935,143,2,3148,3,3,4,Potential Loyalists,334
4936,286,1,7,2,1,1,Hibernating,211
4937,89,1,40,4,1,2,New Customers,412
4938,123,2,3145,4,3,4,Potential Loyalists,434
4939,96,1,7,4,1,1,New Customers,411
4940,211,1,40,2,1,2,Hibernating,212
4941,336,1,7,1,1,1,Hibernating,111
4942,142,2,3105,3,3,4,Potential Loyalists,334
4943,130,3,192,4,4,3,Loyal,443
4944,156,3,365,3,4,3,Loyal,343
4945,152,2,3235,3,3,4,Potential Loyalists,334
4946,182,1,7,3,1,1,Needs Attention,311
4947,282,1,104,2,1,3,Hibernating,213
4948,152,1,7,3,1,1,Needs Attention,311
4949,139,2,3093,3,3,4,Potential Loyalists,334
4950,153,2,3158,3,3,4,Potential Loyalists,334
4951,112,1,7,4,1,1,New Customers,411
4952,283,1,40,2,1,2,Hibernating,212
4953,142,2,3175,3,3,4,Potential Loyalists,334
4954,183,2,1358,3,3,4,Potential Loyalists,334
4955,137,2,3118,3,3,4,Potential Loyalists,334
4956,234,1,40,2,1,2,Hibernating,212
4957,63,1,5,5,1,1,New Customers,511
4958,191,1,164,3,1,3,Needs Attention,313
4959,251,1,69,2,1,2,Hibernating,212
4960,142,2,3118,3,3,4,Potential Loyalists,334
4961,35,1,5,5,1,1,New Customers,511
4962,137,2,3127,3,3,4,Potential Loyalists,334
4963,67,1,62,5,1,2,New Customers,512
4964,301,1,90,1,1,2,Hibernating,112
4965,130,2,3118,4,3,4,Potential Loyalists,434
4966,135,2,3109,3,3,4,Potential Loyalists,334
4967,152,1,5,3,1,1,Needs Attention,311
4968,259,1,5,2,1,1,Hibernating,211
4969,127,2,3100,4,3,4,Potential Loyalists,434
4970,140,2,3110,3,3,4,Potential Loyalists,334
4971,246,1,40,2,1,2,Hibernating,212
4972,224,1,40,2,1,2,Hibernating,212
4973,123,2,3149,4,3,4,Potential Loyalists,434
4974,57,1,40,5,1,2,New Customers,512
4975,70,3,208,5,4,3,Loyal,543
4976,133,1,166,4,1,3,New Customers,413
4977,137,2,3158,3,3,4,Potential Loyalists,334
4978,93,1,40,4,1,2,New Customers,412
4979,67,1,7,5,1,1,New Customers,511
4980,217,1,5,2,1,1,Hibernating,211
4981,138,2,3078,3,3,4,Potential Loyalists,334
4982,270,1,125,2,1,3,Hibernating,213
4983,120,1,5,4,1,1,New Customers,411
4984,152,2,3135,3,3,4,Potential Loyalists,334
4985,125,2,3125,4,3,4,Potential Loyalists,434
4986,149,2,3180,3,3,4,Potential Loyalists,334
4987,199,2,1423,3,3,4,Potential Loyalists,334
4988,158,2,1405,3,3,4,Potential Loyalists,334
4989,95,1,90,4,1,2,New Customers,412
4990,144,2,3141,3,3,4,Potential Loyalists,334
4991,131,2,3100,4,3,4,Potential Loyalists,434
4992,147,2,3127,3,3,4,Potential Loyalists,334
4993,151,2,3195,3,3,4,Potential Loyalists,334
4994,251,1,597,2,1,3,Hibernating,213
4995,182,2,1392,3,3,4,Potential Loyalists,334
4996,168,1,609,3,1,3,Needs Attention,313
4997,259,1,565,2,1,3,Hibernating,213
4998,41,2,4746,5,3,5,Potential Loyalists,535
4999,143,1,2372,3,1,4,Needs Attention,314
5000,145,1,2355,3,1,4,Needs Attention,314
5001,55,2,4814,5,3,5,Potential Loyalists,535
5002,327,1,7,1,1,1,Hibernating,111
5003,332,1,62,1,1,2,Hibernating,112
5004,301,1,5,1,1,1,Hibernating,111
5005,140,1,2518,3,1,4,Needs Attention,314
5006,178,3,198,3,4,3,Loyal,343
5007,247,1,40,2,1,2,Hibernating,212
5008,153,1,2330,3,1,4,Needs Attention,314
5009,18,1,5,5,1,1,New Customers,511
5010,119,2,170,4,3,3,Potential Loyalists,433
5011,184,1,7,3,1,1,Needs Attention,311
5012,106,2,3657,4,3,5,Potential Loyalists,435
5013,221,2,94,2,3,3,Hibernating,233
5014,346,1,90,1,1,2,Hibernating,112
5015,180,1,7,3,1,1,Needs Attention,311
5016,373,1,575,1,1,3,Hibernating,113
5017,107,2,118,4,3,3,Potential Loyalists,433
5018,182,1,60,3,1,2,Needs Attention,312
5019,359,1,90,1,1,2,Hibernating,112
5020,172,1,574,3,1,3,Needs Attention,313
5021,268,1,596,2,1,3,Hibernating,213
5022,216,1,540,2,1,3,Hibernating,213
5023,176,1,590,3,1,3,Needs Attention,313
5024,173,2,167,3,3,3,Potential Loyalists,333
5025,20,1,5,5,1,1,New Customers,511
5026,54,2,3831,5,3,5,Potential Loyalists,535
5027,41,2,3804,5,3,5,Potential Loyalists,535
5028,55,2,3826,5,3,5,Potential Loyalists,535
5029,45,2,3807,5,3,5,Potential Loyalists,535
5030,54,2,3807,5,3,5,Potential Loyalists,535
5031,9,2,73,5,3,2,Potential Loyalists,532
5032,56,2,3750,5,3,5,Potential Loyalists,535
5033,281,2,91,2,3,2,Hibernating,232
5034,33,3,3743,5,4,5,Champions,545
5035,65,1,7,5,1,1,New Customers,511
5036,5,2,51,5,3,2,Potential Loyalists,532
5037,217,2,62,2,3,2,Hibernating,232
5038,230,1,40,2,1,2,Hibernating,212
5039,50,2,84,5,3,2,Potential Loyalists,532
5040,345,1,5,1,1,1,Hibernating,111
5041,332,1,65,1,1,2,Hibernating,112
5042,365,1,65,1,1,2,Hibernating,112
5043,214,1,25,2,1,1,Hibernating,211
5044,54,2,62,5,3,2,Potential Loyalists,532
5045,318,1,69,1,1,2,Hibernating,112
5046,42,3,3802,5,4,5,Champions,545
5047,60,3,3962,5,4,5,Champions,545
5048,62,1,5,5,1,1,New Customers,511
5049,288,1,40,2,1,2,Hibernating,212
5050,208,1,40,2,1,2,Hibernating,212
5051,104,2,77,4,3,2,Potential Loyalists,432
5052,51,2,2747,5,3,4,Potential Loyalists,534
5053,35,2,2732,5,3,4,Potential Loyalists,534
5054,37,3,3752,5,4,5,Champions,545
5055,42,3,3759,5,4,5,Champions,545
5056,291,1,66,1,1,2,Hibernating,112
5057,126,1,27,4,1,1,New Customers,411
5058,351,1,40,1,1,2,Hibernating,112
5059,84,2,38,4,3,1,Potential Loyalists,431
5060,317,1,147,1,1,3,Hibernating,113
5061,6,1,7,5,1,1,New Customers,511
5062,170,1,592,3,1,3,Needs Attention,313
5063,43,1,7,5,1,1,New Customers,511
5064,194,1,5,3,1,1,Needs Attention,311
5065,154,1,7,3,1,1,Needs Attention,311
5066,141,1,572,3,1,3,Needs Attention,313
5067,139,1,612,3,1,3,Needs Attention,313
5068,150,1,665,3,1,3,Needs Attention,313
5069,133,1,564,4,1,3,New Customers,413
5070,139,1,580,3,1,3,Needs Attention,313
5071,24,1,40,5,1,2,New Customers,512
5072,25,3,104,5,4,3,Loyal,543
5073,109,1,166,4,1,3,New Customers,413
5074,48,1,64,5,1,2,New Customers,512
5075,258,1,40,2,1,2,Hibernating,212
5076,95,1,7,4,1,1,New Customers,411
5077,14,1,7,5,1,1,New Customers,511
5078,132,1,2401,4,1,4,New Customers,414
5079,140,1,2384,3,1,4,Needs Attention,314
5080,142,1,2325,3,1,4,Needs Attention,314
5081,143,1,567,3,1,3,Needs Attention,313
5082,95,1,2320,4,1,4,New Customers,414
5083,216,1,40,2,1,2,Hibernating,212
5084,225,1,562,2,1,3,Hibernating,213
5085,45,1,5,5,1,1,New Customers,511
5086,211,3,144,2,4,3,Loyal,243
5087,93,1,2407,4,1,4,New Customers,414
5088,107,1,2370,4,1,4,New Customers,414
5089,253,1,7,2,1,1,Hibernating,211
5090,88,3,342,4,4,3,Loyal,443
5091,106,1,605,4,1,3,New Customers,413
5092,217,1,40,2,1,2,Hibernating,212
5093,127,1,7,4,1,1,New Customers,411
5094,123,1,555,4,1,3,New Customers,413
5095,137,1,567,3,1,3,Needs Attention,313
5096,114,1,2330,4,1,4,New Customers,414
5097,96,3,212,4,4,3,Loyal,443
5098,196,3,104,3,4,3,Loyal,343
5099,166,2,3101,3,3,4,Potential Loyalists,334
5100,61,1,90,5,1,2,New Customers,512
5101,115,1,2370,4,1,4,New Customers,414
5102,107,1,2322,4,1,4,New Customers,414
5103,131,1,564,4,1,3,New Customers,413
5104,177,2,3142,3,3,4,Potential Loyalists,334
5105,93,1,2415,4,1,4,New Customers,414
5106,122,1,2362,4,1,4,New Customers,414
5107,16,3,158,5,4,3,Loyal,543
5108,260,1,40,2,1,2,Hibernating,212
5109,102,1,634,4,1,3,New Customers,413
5110,96,1,549,4,1,3,New Customers,413
5111,97,1,651,4,1,3,New Customers,413
5112,116,1,2341,4,1,4,New Customers,414
5113,120,1,2374,4,1,4,New Customers,414
5114,109,1,2392,4,1,4,New Customers,414
5115,104,1,2320,4,1,4,New Customers,414
5116,307,1,7,1,1,1,Hibernating,111
5117,96,1,2342,4,1,4,New Customers,414
5118,69,1,86,5,1,2,New Customers,512
5119,100,1,2564,4,1,4,New Customers,414
5120,355,1,14,1,1,1,Hibernating,111
5121,91,1,7,4,1,1,New Customers,411
5122,67,1,614,5,1,3,New Customers,513
5123,115,1,570,4,1,3,New Customers,413
5124,85,1,630,4,1,3,New Customers,413
5125,72,1,614,5,1,3,New Customers,513
5126,57,1,589,5,1,3,New Customers,513
5127,122,1,580,4,1,3,New Customers,413
5128,107,1,619,4,1,3,New Customers,413
5129,47,1,540,5,1,3,New Customers,513
5130,78,1,565,4,1,3,New Customers,413
5131,140,1,62,3,1,2,Needs Attention,312
5132,85,1,166,4,1,3,New Customers,413
5133,376,1,2459,1,1,4,At Risk (high value),114
5134,25,3,165,5,4,3,Loyal,543
5135,278,1,14,2,1,1,Hibernating,211
5136,86,1,580,4,1,3,New Customers,413
5137,63,1,565,5,1,3,New Customers,513
5138,81,1,555,4,1,3,New Customers,413
5139,85,1,565,4,1,3,New Customers,413
5140,81,1,655,4,1,3,New Customers,413
5141,310,1,2528,1,1,4,At Risk (high value),114
5142,91,1,590,4,1,3,New Customers,413
5143,84,1,564,4,1,3,New Customers,413
5144,289,1,27,1,1,1,Hibernating,111
5145,106,1,2377,4,1,4,New Customers,414
5146,117,1,2322,4,1,4,New Customers,414
5147,104,1,2330,4,1,4,New Customers,414
5148,95,1,2367,4,1,4,New Customers,414
5149,122,1,2320,4,1,4,New Customers,414
5150,128,3,193,4,4,3,Loyal,443
5151,79,1,630,4,1,3,New Customers,413
5152,89,1,639,4,1,3,New Customers,413
5153,101,1,64,4,1,2,New Customers,412
5154,170,1,40,3,1,2,Needs Attention,312
5155,202,1,5,3,1,1,Needs Attention,311
5156,72,2,4490,5,3,5,Potential Loyalists,535
5157,76,2,4344,4,3,5,Potential Loyalists,435
5158,87,2,4391,4,3,5,Potential Loyalists,435
5159,85,2,4369,4,3,5,Potential Loyalists,435
5160,37,2,4411,5,3,5,Potential Loyalists,535
5161,225,2,2644,2,3,4,At Risk (high value),234
5162,187,2,2700,3,3,4,Potential Loyalists,334
5163,75,2,185,4,3,3,Potential Loyalists,433
5164,147,2,2641,3,3,4,Potential Loyalists,334
5165,137,2,2639,3,3,4,Potential Loyalists,334
5166,130,2,82,4,3,2,Potential Loyalists,432
5167,108,2,109,4,3,3,Potential Loyalists,433
5168,42,2,103,5,3,3,Potential Loyalists,533
5169,306,2,80,1,3,2,Hibernating,132
5170,61,2,4404,5,3,5,Potential Loyalists,535
5171,1,2,189,5,3,3,Potential Loyalists,533
5172,264,2,104,2,3,3,Hibernating,233
5173,98,2,186,4,3,3,Potential Loyalists,433
5174,241,2,43,2,3,2,Hibernating,232
5175,225,2,141,2,3,3,Hibernating,233
5176,3,2,70,5,3,2,Potential Loyalists,532
5177,56,2,4404,5,3,5,Potential Loyalists,535
5178,199,2,133,3,3,3,Potential Loyalists,333
5179,71,2,109,5,3,3,Potential Loyalists,533
5180,69,2,72,5,3,2,Potential Loyalists,532
5181,56,2,4386,5,3,5,Potential Loyalists,535
5182,38,2,171,5,3,3,Potential Loyalists,533
5183,41,2,84,5,3,2,Potential Loyalists,532
5184,261,2,31,2,3,1,Hibernating,231
5185,87,2,78,4,3,2,Potential Loyalists,432
5186,254,2,29,2,3,1,Hibernating,231
5187,214,1,65,2,1,2,Hibernating,212
5188,67,2,35,5,3,1,Potential Loyalists,531
5189,22,2,97,5,3,3,Potential Loyalists,533
5190,52,2,106,5,3,3,Potential Loyalists,533
5191,57,2,79,5,3,2,Potential Loyalists,532
5192,31,2,27,5,3,1,Potential Loyalists,531
5193,276,2,101,2,3,3,Hibernating,233
5194,278,2,91,2,3,2,Hibernating,232
5195,311,1,49,1,1,2,Hibernating,112
5196,252,1,93,2,1,3,Hibernating,213
5197,155,3,7237,3,4,5,Loyal,345
5198,90,2,2757,4,3,4,Potential Loyalists,434
5199,203,2,115,3,3,3,Potential Loyalists,333
5200,163,3,6918,3,4,5,Loyal,345
5201,280,2,97,2,3,3,Hibernating,233
5202,192,2,3058,3,3,4,Potential Loyalists,334
5203,112,1,31,4,1,1,New Customers,411
5204,103,3,6940,4,4,5,Champions,445
5205,87,3,7162,4,4,5,Champions,445
5206,79,3,6951,4,4,5,Champions,445
5207,157,3,7203,3,4,5,Loyal,345
5208,149,3,7226,3,4,5,Loyal,345
5209,331,1,120,1,1,3,Hibernating,113
5210,360,1,31,1,1,1,Hibernating,111
5211,44,1,646,5,1,3,New Customers,513
5212,58,1,587,5,1,3,New Customers,513
5213,44,1,40,5,1,2,New Customers,512
5214,109,3,155,4,4,3,Loyal,443
5215,304,1,15,1,1,1,Hibernating,111
5216,38,1,618,5,1,3,New Customers,513
5217,55,1,614,5,1,3,New Customers,513
5218,153,1,125,3,1,3,Needs Attention,313
5219,382,1,575,1,1,3,Hibernating,113
5220,234,1,554,2,1,3,Hibernating,213
5221,189,1,563,3,1,3,Needs Attention,313
5222,348,1,589,1,1,3,Hibernating,113
5223,349,1,561,1,1,3,Hibernating,113
5224,349,1,563,1,1,3,Hibernating,113
5225,337,1,556,1,1,3,Hibernating,113
5226,332,1,554,1,1,3,Hibernating,113
5227,332,1,554,1,1,3,Hibernating,113
5228,364,1,81,1,1,2,Hibernating,112
5229,49,1,570,5,1,3,New Customers,513
5230,53,1,572,5,1,3,New Customers,513
5231,42,1,619,5,1,3,New Customers,513
5232,383,1,2526,1,1,4,At Risk (high value),114
5233,346,1,2476,1,1,4,At Risk (high value),114
5234,15,1,114,5,1,3,New Customers,513
5235,241,1,14,2,1,1,Hibernating,211
5236,345,1,2443,1,1,4,At Risk (high value),114
5237,126,1,99,4,1,3,New Customers,413
5238,333,1,2515,1,1,4,At Risk (high value),114
5239,295,1,13,1,1,1,Hibernating,111
5240,24,1,40,5,1,2,New Customers,512
5241,27,1,5,5,1,1,New Customers,511
5242,138,2,127,3,3,3,Potential Loyalists,333
5243,220,1,7,2,1,1,Hibernating,211
5244,156,2,92,3,3,2,Potential Loyalists,332
5245,107,1,2370,4,1,4,New Customers,414
5246,6,1,5,5,1,1,New Customers,511
5247,236,1,13,2,1,1,Hibernating,211
5248,191,3,96,3,4,3,Loyal,343
5249,272,1,40,2,1,2,Hibernating,212
5250,275,1,14,2,1,1,Hibernating,211
5251,32,2,4512,5,3,5,Potential Loyalists,535
5252,42,2,27,5,3,1,Potential Loyalists,531
5253,88,2,2782,4,3,4,Potential Loyalists,434
5254,73,2,2722,5,3,4,Potential Loyalists,534
5255,342,1,25,1,1,1,Hibernating,111
5256,287,1,188,2,1,3,Hibernating,213
5257,147,2,82,3,3,2,Potential Loyalists,332
5258,14,1,73,5,1,2,New Customers,512
5259,41,1,64,5,1,2,New Customers,512
5260,52,2,2757,5,3,4,Potential Loyalists,534
5261,175,2,3001,3,3,4,Potential Loyalists,334
5262,78,3,7170,4,4,5,Champions,445
5263,47,3,6950,5,4,5,Champions,545
5264,132,3,7243,4,4,5,Champions,445
5265,66,2,62,5,3,2,Potential Loyalists,532
5266,119,1,27,4,1,1,New Customers,411
5267,208,1,64,2,1,2,Hibernating,212
5268,68,2,3037,5,3,4,Potential Loyalists,534
5269,45,2,2779,5,3,4,Potential Loyalists,534
5270,49,2,2779,5,3,4,Potential Loyalists,534
5271,58,2,2772,5,3,4,Potential Loyalists,534
5272,45,2,3014,5,3,4,Potential Loyalists,534
5273,168,2,3021,3,3,4,Potential Loyalists,334
5274,60,2,2804,5,3,4,Potential Loyalists,534
5275,27,1,5,5,1,1,New Customers,511
5276,172,2,3282,3,3,5,Potential Loyalists,335
5277,48,1,7,5,1,1,New Customers,511
5278,176,2,3010,3,3,4,Potential Loyalists,334
5279,54,2,2992,5,3,4,Potential Loyalists,534
5280,124,1,49,4,1,2,New Customers,412
5281,86,1,13,4,1,1,New Customers,411
5282,216,1,64,2,1,2,Hibernating,212
5283,214,2,64,2,3,2,Hibernating,232
5284,118,1,64,4,1,2,New Customers,412
5285,231,1,7,2,1,1,Hibernating,211
5286,13,1,77,5,1,2,New Customers,512
5287,58,3,6921,5,4,5,Champions,545
5288,60,2,4539,5,3,5,Potential Loyalists,535
5289,50,2,2769,5,3,4,Potential Loyalists,534
5290,34,2,2779,5,3,4,Potential Loyalists,534
5291,60,2,2823,5,3,4,Potential Loyalists,534
5292,373,2,4921,1,3,5,At Risk (high value),135
5293,310,1,32,1,1,1,Hibernating,111
5294,212,1,5,2,1,1,Hibernating,211
5295,208,1,14,2,1,1,Hibernating,211
5296,318,1,138,1,1,3,Hibernating,113
5297,58,1,123,5,1,3,New Customers,513
5298,97,3,6890,4,4,5,Champions,445
5299,120,3,7001,4,4,5,Champions,445
5300,280,1,5,2,1,1,Hibernating,211
5301,40,2,112,5,3,3,Potential Loyalists,533
5302,319,1,73,1,1,2,Hibernating,112
5303,281,1,25,2,1,1,Hibernating,211
5304,3,1,150,5,1,3,New Customers,513
5305,274,1,49,2,1,2,Hibernating,212
5306,46,2,2983,5,3,4,Potential Loyalists,534
5307,98,2,29,4,3,1,Potential Loyalists,431
5308,100,3,6918,4,4,5,Champions,445
5309,37,2,4552,5,3,5,Potential Loyalists,535
5310,121,3,6911,4,4,5,Champions,445
5311,100,3,6010,4,4,5,Champions,445
5312,390,2,2988,1,3,4,At Risk (high value),134
5313,68,1,64,5,1,2,New Customers,512
5314,397,2,4985,1,3,5,At Risk (high value),135
5315,211,2,112,2,3,3,Hibernating,233
5316,99,1,29,4,1,1,New Customers,411
5317,378,2,4660,1,3,5,At Risk (high value),135
5318,136,2,3001,3,3,4,Potential Loyalists,334
5319,149,2,3021,3,3,4,Potential Loyalists,334
5320,311,1,27,1,1,1,Hibernating,111
5321,334,1,49,1,1,2,Hibernating,112
5322,29,2,97,5,3,3,Potential Loyalists,533
5324,163,1,25,3,1,1,Needs Attention,311
5325,354,2,3282,1,3,5,At Risk (high value),135
5326,68,2,171,5,3,3,Potential Loyalists,533
5327,295,1,25,1,1,1,Hibernating,111
5328,368,2,4648,1,3,5,At Risk (high value),135
5329,133,2,3001,4,3,4,Potential Loyalists,434
5330,132,2,3271,4,3,4,Potential Loyalists,434
5331,254,1,31,2,1,1,Hibernating,211
5332,8,3,119,5,4,3,Loyal,543
5333,37,2,147,5,3,3,Potential Loyalists,533
5334,239,1,57,2,1,2,Hibernating,212
5335,364,1,85,1,1,2,Hibernating,112
5336,128,1,37,4,1,1,New Customers,411
5337,120,1,64,4,1,2,New Customers,412
5338,64,1,7,5,1,1,New Customers,511
5339,274,2,169,2,3,3,Hibernating,233
5340,387,2,3169,1,3,4,At Risk (high value),134
5341,307,1,609,1,1,3,Hibernating,113
5342,113,2,88,4,3,2,Potential Loyalists,432
5343,30,2,143,5,3,3,Potential Loyalists,533
5344,90,2,58,4,3,2,Potential Loyalists,432
5345,100,1,2295,4,1,4,New Customers,414
5346,104,2,4173,4,3,5,Potential Loyalists,435
5347,37,2,37,5,3,1,Potential Loyalists,531
5348,38,2,5918,5,3,5,Potential Loyalists,535
5349,37,2,5918,5,3,5,Potential Loyalists,535
5350,42,2,5898,5,3,5,Potential Loyalists,535
5351,37,2,5903,5,3,5,Potential Loyalists,535
5352,57,2,5873,5,3,5,Potential Loyalists,535
5353,59,2,5948,5,3,5,Potential Loyalists,535
5354,234,1,107,2,1,3,Hibernating,213
5355,326,1,575,1,1,3,Hibernating,113
5356,315,1,90,1,1,2,Hibernating,112
5357,198,1,7,3,1,1,Needs Attention,311
5358,156,1,5,3,1,1,Needs Attention,311
5359,126,4,88,4,5,2,Potential Loyalists,452
5360,169,1,7,3,1,1,Needs Attention,311
5361,334,1,554,1,1,3,Hibernating,113
5362,324,1,2515,1,1,4,At Risk (high value),114
5363,286,1,2482,2,1,4,At Risk (high value),214
5364,316,1,2481,1,1,4,At Risk (high value),114
5365,281,1,2482,2,1,4,At Risk (high value),214
5366,74,1,2490,4,1,4,New Customers,414
5367,79,1,2563,4,1,4,New Customers,414
5368,93,1,40,4,1,2,New Customers,412
5369,28,1,99,5,1,3,New Customers,513
5370,149,1,27,3,1,1,Needs Attention,311
5371,2,3,133,5,4,3,Loyal,543
5372,228,1,55,2,1,2,Hibernating,212
5373,300,1,2482,1,1,4,At Risk (high value),114
5374,288,1,2579,2,1,4,At Risk (high value),214
5375,40,1,15,5,1,1,New Customers,511
5376,259,1,2478,2,1,4,At Risk (high value),214
5377,88,1,7,4,1,1,New Customers,411
5378,340,1,14,1,1,1,Hibernating,111
5379,46,1,14,5,1,1,New Customers,511
5380,57,1,59,5,1,2,New Customers,512
5381,58,2,196,5,3,3,Potential Loyalists,533
5382,335,1,5,1,1,1,Hibernating,111
5383,297,1,60,1,1,2,Hibernating,112
5384,332,1,59,1,1,2,Hibernating,112
5385,363,1,7,1,1,1,Hibernating,111
5386,238,1,64,2,1,2,Hibernating,212
5387,157,2,130,3,3,3,Potential Loyalists,333
5388,41,2,95,5,3,3,Potential Loyalists,533
5389,384,2,4674,1,3,5,At Risk (high value),135
5390,289,2,4639,1,3,5,At Risk (high value),135
5391,294,2,4658,1,3,5,At Risk (high value),135
5392,376,2,4625,1,3,5,At Risk (high value),135
5393,120,3,5787,4,4,5,Champions,445
5394,106,3,5842,4,4,5,Champions,445
5395,384,2,4660,1,3,5,At Risk (high value),135
5396,336,1,64,1,1,2,Hibernating,112
5397,300,1,32,1,1,1,Hibernating,111
5398,182,1,65,3,1,2,Needs Attention,312
5399,324,1,53,1,1,2,Hibernating,112
5400,319,1,32,1,1,1,Hibernating,111
5401,367,2,4958,1,3,5,At Risk (high value),135
5402,82,2,102,4,3,3,Potential Loyalists,433
5403,1,2,10,5,3,1,Potential Loyalists,531
5404,50,1,38,5,1,1,New Customers,511
5405,94,3,6002,4,4,5,Champions,445
5406,350,2,3262,1,3,4,At Risk (high value),134
5407,363,2,3110,1,3,4,At Risk (high value),134
5408,105,2,3249,4,3,4,Potential Loyalists,434
5409,316,2,4693,1,3,5,At Risk (high value),135
5410,263,2,4924,2,3,5,At Risk (high value),235
5411,111,2,3242,4,3,4,Potential Loyalists,434
5412,272,2,4660,2,3,5,At Risk (high value),235
5413,285,2,4921,2,3,5,At Risk (high value),235
5414,330,1,38,1,1,1,Hibernating,111
5415,246,2,4919,2,3,5,At Risk (high value),235
5416,280,2,4930,2,3,5,At Risk (high value),235
5417,285,2,4971,2,3,5,At Risk (high value),235
5418,110,2,3001,4,3,4,Potential Loyalists,434
5419,350,1,27,1,1,1,Hibernating,111
5420,92,1,27,4,1,1,New Customers,411
5421,109,2,2959,4,3,4,Potential Loyalists,434
5422,91,1,31,4,1,1,New Customers,411
5423,212,2,4633,2,3,5,At Risk (high value),235
5424,120,1,84,4,1,2,New Customers,412
5425,116,3,5739,4,4,5,Champions,445
5426,119,3,5719,4,4,5,Champions,445
5427,88,3,5769,4,4,5,Champions,445
5428,363,2,2975,1,3,4,At Risk (high value),134
5429,116,2,3021,4,3,4,Potential Loyalists,434
5430,192,2,4958,3,3,5,Potential Loyalists,335
5431,265,2,4639,2,3,5,At Risk (high value),235
5432,267,2,4769,2,3,5,At Risk (high value),235
5433,225,2,4634,2,3,5,At Risk (high value),235
5434,241,2,4697,2,3,5,At Risk (high value),235
5435,241,1,70,2,1,2,Hibernating,212
5436,43,1,6,5,1,1,New Customers,511
5437,211,2,4697,2,3,5,At Risk (high value),235
5438,231,2,47,2,3,2,Hibernating,232
5439,278,1,25,2,1,1,Hibernating,211
5440,153,1,25,3,1,1,Needs Attention,311
5441,337,1,29,1,1,1,Hibernating,111
5442,348,1,25,1,1,1,Hibernating,111
5443,187,2,4923,3,3,5,Potential Loyalists,335
5444,6,2,67,5,3,2,Potential Loyalists,532
5445,324,2,3271,1,3,4,At Risk (high value),134
5446,83,2,3242,4,3,4,Potential Loyalists,434
5447,87,2,3093,4,3,4,Potential Loyalists,434
5448,245,2,3001,2,3,4,At Risk (high value),234
5449,105,3,6907,4,4,5,Champions,445
5450,249,2,47,2,3,2,Hibernating,232
5451,109,1,38,4,1,1,New Customers,411
5452,157,2,4633,3,3,5,Potential Loyalists,335
5453,82,2,3071,4,3,4,Potential Loyalists,434
5454,96,2,14,4,3,1,Potential Loyalists,431
5455,281,2,47,2,3,2,Hibernating,232
5456,308,1,29,1,1,1,Hibernating,111
5457,145,1,65,3,1,2,Needs Attention,312
5458,169,1,150,3,1,3,Needs Attention,313
5459,308,1,25,1,1,1,Hibernating,111
5460,300,2,47,1,3,2,Hibernating,132
5461,67,2,47,5,3,2,Potential Loyalists,532
5462,67,2,3286,5,3,5,Potential Loyalists,535
5463,19,1,49,5,1,2,New Customers,512
5464,232,1,60,2,1,2,Hibernating,212
5465,144,2,45,3,3,2,Potential Loyalists,332
5466,89,2,3271,4,3,5,Potential Loyalists,435
5467,124,2,4625,4,3,5,Potential Loyalists,435
5468,14,2,12,5,3,1,Potential Loyalists,531
5469,143,1,64,3,1,2,Needs Attention,312
5470,288,1,64,2,1,2,Hibernating,212
5471,263,2,3021,2,3,4,At Risk (high value),234
5472,57,1,53,5,1,2,New Customers,512
5473,89,1,27,4,1,1,New Customers,411
5474,116,1,25,4,1,1,New Customers,411
5475,307,1,25,1,1,1,Hibernating,111
5476,142,2,4674,3,3,5,Potential Loyalists,335
5477,167,2,4716,3,3,5,Potential Loyalists,335
5478,348,1,40,1,1,2,Hibernating,112
5479,109,1,2386,4,1,4,New Customers,414
5480,68,3,159,5,4,3,Loyal,543
5481,17,2,145,5,3,3,Potential Loyalists,533
5482,39,2,195,5,3,3,Potential Loyalists,533
5483,343,2,4783,1,3,5,At Risk (high value),135
5484,69,2,4118,5,3,5,Potential Loyalists,535
5485,88,2,4175,4,3,5,Potential Loyalists,435
5486,109,1,40,4,1,2,New Customers,412
5487,28,2,113,5,3,3,Potential Loyalists,533
5488,196,2,73,3,3,2,Potential Loyalists,332
5489,22,2,233,5,3,3,Potential Loyalists,533
5490,265,2,112,2,3,3,Hibernating,233
5491,255,1,2478,2,1,4,At Risk (high value),214
5492,166,2,3106,3,3,4,Potential Loyalists,334
5493,7,2,131,5,3,3,Potential Loyalists,533
5494,40,2,4197,5,3,5,Potential Loyalists,535
5495,44,2,5961,5,3,5,Potential Loyalists,535
5496,55,2,6002,5,3,5,Potential Loyalists,535
5497,35,2,5960,5,3,5,Potential Loyalists,535
5498,50,4,132,5,5,3,Loyal,553
5499,144,1,40,3,1,2,Needs Attention,312
5500,37,1,5,5,1,1,New Customers,511
5501,284,1,589,2,1,3,Hibernating,213
5502,149,1,5,3,1,1,Needs Attention,311
5503,17,1,40,5,1,2,New Customers,512
5504,257,1,5,2,1,1,Hibernating,211
5505,299,1,589,1,1,3,Hibernating,113
5506,49,1,40,5,1,2,New Customers,512
5507,6,3,102,5,4,3,Loyal,543
5508,199,1,35,3,1,1,Needs Attention,311
5509,159,1,84,3,1,2,Needs Attention,312
5510,83,2,3258,4,3,4,Potential Loyalists,434
5511,296,1,27,1,1,1,Hibernating,111
5512,198,2,47,3,3,2,Potential Loyalists,332
5513,260,2,3262,2,3,4,At Risk (high value),234
5514,175,2,4670,3,3,5,Potential Loyalists,335
5515,353,2,4761,1,3,5,At Risk (high value),135
5516,317,2,4733,1,3,5,At Risk (high value),135
5517,322,2,4733,1,3,5,At Risk (high value),135
5518,313,2,4698,1,3,5,At Risk (high value),135
5519,309,2,4698,1,3,5,At Risk (high value),135
5520,295,2,4752,1,3,5,At Risk (high value),135
5521,298,2,4727,1,3,5,At Risk (high value),135
5522,303,2,4698,1,3,5,At Risk (high value),135
5523,296,2,4698,1,3,5,At Risk (high value),135
5524,298,2,4698,1,3,5,At Risk (high value),135
5525,276,2,4733,2,3,5,At Risk (high value),235
5526,268,2,4752,2,3,5,At Risk (high value),235
5527,232,2,4757,2,3,5,At Risk (high value),235
5528,218,2,4752,2,3,5,At Risk (high value),235
5529,222,2,4698,2,3,5,At Risk (high value),235
5530,225,2,4752,2,3,5,At Risk (high value),235
5531,59,2,3001,5,3,4,Potential Loyalists,534
5532,50,2,3291,5,3,5,Potential Loyalists,535
5533,130,2,4921,4,3,5,Potential Loyalists,435
5534,127,2,4703,4,3,5,Potential Loyalists,435
5535,99,2,4821,4,3,5,Potential Loyalists,435
5536,240,1,38,2,1,1,Hibernating,211
5537,243,1,27,2,1,1,Hibernating,211
5538,248,1,25,2,1,1,Hibernating,211
5539,114,2,4660,4,3,5,Potential Loyalists,435
5540,357,1,84,1,1,2,Hibernating,112
5541,68,2,4697,5,3,5,Potential Loyalists,535
5542,50,2,3028,5,3,4,Potential Loyalists,534
5543,34,2,45,5,3,2,Potential Loyalists,532
5544,143,2,54,3,3,2,Potential Loyalists,332
5545,181,1,29,3,1,1,Needs Attention,311
5546,109,1,31,4,1,1,New Customers,411
5547,47,2,3037,5,3,4,Potential Loyalists,534
5548,120,2,4900,4,3,5,Potential Loyalists,435
5549,70,2,4625,5,3,5,Potential Loyalists,535
5550,88,2,4930,4,3,5,Potential Loyalists,435
5551,46,2,3001,5,3,4,Potential Loyalists,534
5552,65,2,5032,5,3,5,Potential Loyalists,535
5553,74,2,4987,4,3,5,Potential Loyalists,435
5554,244,2,3001,2,3,4,At Risk (high value),234
5555,45,2,2990,5,3,4,Potential Loyalists,534
5556,132,1,31,4,1,1,New Customers,411
5557,222,1,87,2,1,2,Hibernating,212
5558,309,1,31,1,1,1,Hibernating,111
5559,311,1,25,1,1,1,Hibernating,111
5560,37,2,4706,5,3,5,Potential Loyalists,535
5561,36,2,4634,5,3,5,Potential Loyalists,535
5562,39,2,3030,5,3,4,Potential Loyalists,534
5563,219,2,3001,2,3,4,At Risk (high value),234
5564,205,2,63,3,3,2,Potential Loyalists,332
5565,157,2,132,3,3,3,Potential Loyalists,333
5566,85,3,7203,4,4,5,Champions,445
5567,62,3,5807,5,4,5,Champions,545
5568,86,3,7159,4,4,5,Champions,445
5569,352,1,70,1,1,2,Hibernating,112
5570,389,2,3937,1,3,5,At Risk (high value),135
5571,376,2,4219,1,3,5,At Risk (high value),135
5572,46,2,53,5,3,2,Potential Loyalists,532
5573,44,2,4886,5,3,5,Potential Loyalists,535
5574,43,2,3001,5,3,4,Potential Loyalists,534
5575,64,2,45,5,3,2,Potential Loyalists,532
5576,149,3,6995,3,4,5,Loyal,345
5577,23,1,149,5,1,3,New Customers,513
5578,180,1,75,3,1,2,Needs Attention,312
5579,85,1,75,4,1,2,New Customers,412
5580,86,2,98,4,3,3,Potential Loyalists,433
5581,178,3,5429,3,4,5,Loyal,345
5582,96,1,50,4,1,2,New Customers,412
5583,341,1,35,1,1,1,Hibernating,111
5584,21,1,42,5,1,2,New Customers,512
5585,200,2,173,3,3,3,Potential Loyalists,333
5586,130,3,7192,4,4,5,Champions,445
5587,188,1,70,3,1,2,Needs Attention,312
5588,155,3,7064,3,4,5,Loyal,345
5589,146,3,6995,3,4,5,Loyal,345
5590,134,3,7343,3,4,5,Loyal,345
5591,165,2,169,3,3,3,Potential Loyalists,333
5592,85,2,138,4,3,3,Potential Loyalists,433
5593,321,1,75,1,1,2,Hibernating,112
5594,255,2,101,2,3,3,Hibernating,233
5595,149,3,7231,3,4,5,Loyal,345
5596,144,3,6901,3,4,5,Loyal,345
5597,162,2,4487,3,3,5,Potential Loyalists,335
5598,333,1,104,1,1,3,Hibernating,113
5599,125,3,7131,4,4,5,Champions,445
5600,41,2,149,5,3,3,Potential Loyalists,533
5601,258,1,125,2,1,3,Hibernating,213
5602,74,2,86,4,3,2,Potential Loyalists,432
5603,148,2,77,3,3,2,Potential Loyalists,332
5604,170,3,7001,3,4,5,Loyal,345
5605,96,1,57,4,1,2,New Customers,412
5606,37,2,66,5,3,2,Potential Loyalists,532
5607,166,2,67,3,3,2,Potential Loyalists,332
5608,53,2,5897,5,3,5,Potential Loyalists,535
5609,68,2,102,5,3,3,Potential Loyalists,533
5610,301,2,345,1,3,3,Hibernating,133
5611,298,2,68,1,3,2,Hibernating,132
5612,62,2,76,5,3,2,Potential Loyalists,532
5613,33,2,5898,5,3,5,Potential Loyalists,535
5614,162,2,129,3,3,3,Potential Loyalists,333
5615,73,2,71,5,3,2,Potential Loyalists,532
5616,214,2,96,2,3,3,Hibernating,233
5617,55,2,5915,5,3,5,Potential Loyalists,535
5618,137,2,161,3,3,3,Potential Loyalists,333
5619,59,2,76,5,3,2,Potential Loyalists,532
5620,192,2,98,3,3,3,Potential Loyalists,333
5621,57,2,5895,5,3,5,Potential Loyalists,535
5622,139,2,74,3,3,2,Potential Loyalists,332
5623,5,2,107,5,3,3,Potential Loyalists,533
5624,52,2,5973,5,3,5,Potential Loyalists,535
5625,37,2,5938,5,3,5,Potential Loyalists,535
5626,210,2,82,2,3,2,Hibernating,232
5627,254,2,72,2,3,2,Hibernating,232
5628,214,2,65,2,3,2,Hibernating,232
5629,38,2,188,5,3,3,Potential Loyalists,533
5630,50,2,5933,5,3,5,Potential Loyalists,535
5631,55,2,5973,5,3,5,Potential Loyalists,535
5632,38,2,5900,5,3,5,Potential Loyalists,535
5633,107,2,69,4,3,2,Potential Loyalists,432
5634,24,2,102,5,3,3,Potential Loyalists,533
5635,99,2,107,4,3,3,Potential Loyalists,433
5636,8,2,161,5,3,3,Potential Loyalists,533
5637,50,2,5932,5,3,5,Potential Loyalists,535
5638,51,2,5900,5,3,5,Potential Loyalists,535
5639,46,2,5974,5,3,5,Potential Loyalists,535
5640,41,2,5908,5,3,5,Potential Loyalists,535
5641,2,2,103,5,3,3,Potential Loyalists,533
5642,95,1,2391,4,1,4,New Customers,414
5643,64,1,40,5,1,2,New Customers,512
5644,261,2,127,2,3,3,Hibernating,233
5645,186,1,5,3,1,1,Needs Attention,311
5646,111,1,2357,4,1,4,New Customers,414
5647,37,2,251,5,3,3,Potential Loyalists,533
5648,133,1,55,4,1,2,New Customers,412
5649,50,1,7,5,1,1,New Customers,511
5650,37,2,116,5,3,3,Potential Loyalists,533
5651,84,1,5,4,1,1,New Customers,411
5652,67,1,14,5,1,1,New Customers,511
5653,189,1,49,3,1,2,Needs Attention,312
5654,112,1,2412,4,1,4,New Customers,414
5655,175,2,3056,3,3,4,Potential Loyalists,334
5656,138,1,40,3,1,2,Needs Attention,312
5657,42,2,5930,5,3,5,Potential Loyalists,535
5658,54,2,5900,5,3,5,Potential Loyalists,535
5659,46,2,5873,5,3,5,Potential Loyalists,535
5660,51,2,5873,5,3,5,Potential Loyalists,535
5661,48,2,5898,5,3,5,Potential Loyalists,535
5662,51,2,5908,5,3,5,Potential Loyalists,535
5663,377,2,4355,1,3,5,At Risk (high value),135
5664,351,2,4471,1,3,5,At Risk (high value),135
5665,364,2,4377,1,3,5,At Risk (high value),135
5666,91,2,82,4,3,2,Potential Loyalists,432
5667,187,2,205,3,3,3,Potential Loyalists,333
5668,8,4,65,5,5,2,Potential Loyalists,552
5669,283,1,608,2,1,3,Hibernating,213
5670,88,1,5,4,1,1,New Customers,411
5671,251,1,2478,2,1,4,At Risk (high value),214
5672,47,1,5,5,1,1,New Customers,511
5673,225,1,7,2,1,1,Hibernating,211
5674,214,1,2466,2,1,4,At Risk (high value),214
5675,153,2,76,3,3,2,Potential Loyalists,332
5676,347,2,4384,1,3,5,At Risk (high value),135
5677,132,1,14,4,1,1,New Customers,411
5678,182,1,14,3,1,1,Needs Attention,311
5679,156,2,3162,3,3,4,Potential Loyalists,334
5680,304,2,107,1,3,3,Hibernating,133
5681,104,2,105,4,3,3,Potential Loyalists,433
5682,204,2,69,3,3,2,Potential Loyalists,332
5683,81,2,67,4,3,2,Potential Loyalists,432
5684,179,2,70,3,3,2,Potential Loyalists,332
5685,59,2,4158,5,3,5,Potential Loyalists,535
5686,50,2,4183,5,3,5,Potential Loyalists,535
5687,36,2,4157,5,3,5,Potential Loyalists,535
5688,378,2,6070,1,3,5,At Risk (high value),135
5689,396,2,6080,1,3,5,At Risk (high value),135
5690,162,2,291,3,3,3,Potential Loyalists,333
5691,120,2,166,4,3,3,Potential Loyalists,433
5692,322,2,4471,1,3,5,At Risk (high value),135
5693,166,2,31,3,3,1,Potential Loyalists,331
5694,391,2,6060,1,3,5,At Risk (high value),135
5695,124,2,78,4,3,2,Potential Loyalists,432
5696,91,2,76,4,3,2,Potential Loyalists,432
5697,328,2,4506,1,3,5,At Risk (high value),135
5698,116,2,87,4,3,2,Potential Loyalists,432
5699,19,2,230,5,3,3,Potential Loyalists,533
5700,124,2,68,4,3,2,Potential Loyalists,432
5701,218,2,93,2,3,3,Hibernating,233
5702,315,2,4426,1,3,5,At Risk (high value),135
5703,389,2,6021,1,3,5,At Risk (high value),135
5704,360,2,6090,1,3,5,At Risk (high value),135
5705,201,2,91,3,3,2,Potential Loyalists,332
5706,80,2,98,4,3,3,Potential Loyalists,433
5707,121,2,93,4,3,3,Potential Loyalists,433
5708,298,2,4377,1,3,5,At Risk (high value),135
5709,279,2,4406,2,3,5,At Risk (high value),235
5710,188,2,144,3,3,3,Potential Loyalists,333
5711,33,2,91,5,3,2,Potential Loyalists,532
5712,201,2,133,3,3,3,Potential Loyalists,333
5713,289,2,4417,1,3,5,At Risk (high value),135
5714,355,2,6090,1,3,5,At Risk (high value),135
5715,178,1,64,3,1,2,Needs Attention,312
5716,158,1,7,3,1,1,Needs Attention,311
5717,296,1,28,1,1,1,Hibernating,111
5718,134,3,234,3,4,3,Loyal,343
5719,72,1,14,5,1,1,New Customers,511
5720,102,1,40,4,1,2,New Customers,412
5721,212,1,40,2,1,2,Hibernating,212
5722,7,3,180,5,4,3,Loyal,543
5723,62,1,5,5,1,1,New Customers,511
5724,8,1,7,5,1,1,New Customers,511
5725,88,1,40,4,1,2,New Customers,412
5726,51,1,14,5,1,1,New Customers,511
5727,34,1,7,5,1,1,New Customers,511
5728,243,1,2451,2,1,4,At Risk (high value),214
5729,234,1,2443,2,1,4,At Risk (high value),214
5730,106,2,39,4,3,1,Potential Loyalists,431
5731,8,2,141,5,3,3,Potential Loyalists,533
5732,76,3,155,4,4,3,Loyal,443
5733,194,1,2451,3,1,4,Needs Attention,314
5734,176,2,35,3,3,1,Potential Loyalists,331
5735,232,2,129,2,3,3,Hibernating,233
5736,161,1,59,3,1,2,Needs Attention,312
5737,228,1,60,2,1,2,Hibernating,212
5738,134,1,5,3,1,1,Needs Attention,311
5739,254,2,45,2,3,2,Hibernating,232
5740,95,2,81,4,3,2,Potential Loyalists,432
5741,349,2,6099,1,3,5,At Risk (high value),135
5742,315,2,6056,1,3,5,At Risk (high value),135
5743,321,2,6044,1,3,5,At Risk (high value),135
5744,306,2,6070,1,3,5,At Risk (high value),135
5745,327,2,6070,1,3,5,At Risk (high value),135
5746,314,2,6021,1,3,5,At Risk (high value),135
5747,335,1,64,1,1,2,Hibernating,112
5748,213,1,2480,2,1,4,At Risk (high value),214
5749,52,1,59,5,1,2,New Customers,512
5750,55,1,62,5,1,2,New Customers,512
5751,314,1,7,1,1,1,Hibernating,111
5752,193,1,2492,3,1,4,Needs Attention,314
5753,165,1,2512,3,1,4,Needs Attention,314
5754,102,1,2320,4,1,4,New Customers,414
5755,180,2,3118,3,3,4,Potential Loyalists,334
5756,102,1,2317,4,1,4,New Customers,414
5757,105,1,2396,4,1,4,New Customers,414
5758,29,1,5,5,1,1,New Customers,511
5759,160,2,3062,3,3,4,Potential Loyalists,334
5760,98,1,7,4,1,1,New Customers,411
5761,325,1,68,1,1,2,Hibernating,112
5762,130,1,2476,4,1,4,New Customers,414
5763,129,1,2480,4,1,4,New Customers,414
5764,293,1,1701,1,1,4,At Risk (high value),114
5765,253,1,1760,2,1,4,At Risk (high value),214
5766,185,1,5,3,1,1,Needs Attention,311
5767,86,1,5,4,1,1,New Customers,411
5768,321,1,60,1,1,2,Hibernating,112
5769,9,1,5,5,1,1,New Customers,511
5770,104,1,5,4,1,1,New Customers,411
5771,144,1,2478,3,1,4,Needs Attention,314
5772,130,3,105,4,4,3,Loyal,443
5773,20,3,159,5,4,3,Loyal,543
5774,205,1,14,3,1,1,Needs Attention,311
5775,228,1,55,2,1,2,Hibernating,212
5776,132,1,5,4,1,1,New Customers,411
5777,123,1,2443,4,1,4,New Customers,414
5778,339,1,125,1,1,3,Hibernating,113
5779,94,1,2541,4,1,4,New Customers,414
5780,97,1,2297,4,1,4,New Customers,414
5781,146,1,55,3,1,2,Needs Attention,312
5782,365,1,64,1,1,2,Hibernating,112
5783,113,1,2482,4,1,4,New Customers,414
5784,68,1,2457,5,1,4,New Customers,514
5785,272,1,1736,2,1,4,At Risk (high value),214
5786,121,1,2343,4,1,4,New Customers,414
5787,95,1,2295,4,1,4,New Customers,414
5788,65,1,40,5,1,2,New Customers,512
5789,289,1,40,1,1,2,Hibernating,112
5790,41,1,2443,5,1,4,New Customers,514
5791,35,1,2565,5,1,4,New Customers,514
5792,251,1,1730,2,1,4,At Risk (high value),214
5793,377,1,1736,1,1,4,At Risk (high value),114
5794,387,1,1789,1,1,4,At Risk (high value),114
5795,379,1,1786,1,1,4,At Risk (high value),114
5796,66,1,68,5,1,2,New Customers,512
5797,257,1,55,2,1,2,Hibernating,212
5798,386,1,1732,1,1,4,At Risk (high value),114
5799,378,1,1765,1,1,4,At Risk (high value),114
5800,371,1,1701,1,1,4,At Risk (high value),114
5801,24,3,76,5,4,2,Potential Loyalists,542
5802,141,1,55,3,1,2,Needs Attention,312
5803,346,1,14,1,1,1,Hibernating,111
5804,380,1,1760,1,1,4,At Risk (high value),114
5805,379,1,1728,1,1,4,At Risk (high value),114
5806,379,1,1769,1,1,4,At Risk (high value),114
5807,53,1,55,5,1,2,New Customers,512
5808,380,1,1728,1,1,4,At Risk (high value),114
5809,135,1,14,3,1,1,Needs Attention,311
5810,105,1,14,4,1,1,New Customers,411
5811,92,2,3064,4,3,4,Potential Loyalists,434
5812,336,1,1701,1,1,4,At Risk (high value),114
5813,347,1,1736,1,1,4,At Risk (high value),114
5814,66,1,14,5,1,1,New Customers,511
5815,360,1,40,1,1,2,Hibernating,112
5816,19,1,5,5,1,1,New Customers,511
5817,25,1,5,5,1,1,New Customers,511
5818,108,1,5,4,1,1,New Customers,411
5819,114,1,2392,4,1,4,New Customers,414
5820,108,1,2317,4,1,4,New Customers,414
5821,51,2,3217,5,3,4,Potential Loyalists,534
5822,163,3,7221,3,4,5,Loyal,345
5823,135,3,7176,3,4,5,Loyal,345
5824,127,3,7242,4,4,5,Champions,445
5825,182,3,6939,3,4,5,Loyal,345
5826,73,1,61,5,1,2,New Customers,512
5827,159,3,6954,3,4,5,Loyal,345
5828,99,3,7205,4,4,5,Champions,445
5829,105,3,7182,4,4,5,Champions,445
5830,117,3,7185,4,4,5,Champions,445
5831,159,3,7138,3,4,5,Loyal,345
5832,104,3,7206,4,4,5,Champions,445
5833,99,1,2370,4,1,4,New Customers,414
5834,93,1,2344,4,1,4,New Customers,414
5835,248,1,1751,2,1,4,At Risk (high value),214
5836,109,1,2295,4,1,4,New Customers,414
5837,42,2,3193,5,3,4,Potential Loyalists,534
5838,43,2,156,5,3,3,Potential Loyalists,533
5839,121,1,14,4,1,1,New Customers,411
5840,111,1,2295,4,1,4,New Customers,414
5841,216,2,177,2,3,3,Hibernating,233
5842,245,2,127,2,3,3,Hibernating,233
5843,96,1,5,4,1,1,New Customers,411
5844,94,1,90,4,1,2,New Customers,412
5845,99,1,2370,4,1,4,New Customers,414
5846,116,1,2381,4,1,4,New Customers,414
5847,285,2,181,2,3,3,Hibernating,233
5848,68,2,190,5,3,3,Potential Loyalists,533
5849,10,2,125,5,3,3,Potential Loyalists,533
5850,24,2,177,5,3,3,Potential Loyalists,533
5851,117,1,2355,4,1,4,New Customers,414
5852,98,1,2370,4,1,4,New Customers,414
5853,106,1,2406,4,1,4,New Customers,414
5854,40,1,5,5,1,1,New Customers,511
5855,117,1,2343,4,1,4,New Customers,414
5856,43,2,151,5,3,3,Potential Loyalists,533
5857,154,1,14,3,1,1,Needs Attention,311
5858,270,1,55,2,1,2,Hibernating,212
5859,53,1,5,5,1,1,New Customers,511
5860,104,1,2381,4,1,4,New Customers,414
5861,323,1,5,1,1,1,Hibernating,111
5862,16,1,14,5,1,1,New Customers,511
5863,16,1,40,5,1,2,New Customers,512
5864,330,1,64,1,1,2,Hibernating,112
5865,95,1,2330,4,1,4,New Customers,414
5866,99,1,2370,4,1,4,New Customers,414
5867,108,1,2444,4,1,4,New Customers,414
5868,117,1,2382,4,1,4,New Customers,414
5869,105,1,2322,4,1,4,New Customers,414
5870,117,1,2377,4,1,4,New Customers,414
5871,221,3,149,2,4,3,Loyal,243
5872,114,1,2317,4,1,4,New Customers,414
5873,105,1,2359,4,1,4,New Customers,414
5874,190,1,578,3,1,3,Needs Attention,313
5875,258,1,5,2,1,1,Hibernating,211
5876,219,1,40,2,1,2,Hibernating,212
5877,55,3,152,5,4,3,Loyal,543
5878,348,1,40,1,1,2,Hibernating,112
5879,340,1,1736,1,1,4,At Risk (high value),114
5880,337,1,1728,1,1,4,At Risk (high value),114
5881,97,1,2344,4,1,4,New Customers,414
5882,93,1,2320,4,1,4,New Customers,414
5883,96,1,2295,4,1,4,New Customers,414
5884,24,1,49,5,1,2,New Customers,512
5885,298,1,40,1,1,2,Hibernating,112
5886,319,1,40,1,1,2,Hibernating,112
5887,359,1,1730,1,1,4,At Risk (high value),114
5888,343,1,1770,1,1,4,At Risk (high value),114
5889,355,1,1755,1,1,4,At Risk (high value),114
5890,325,1,1730,1,1,4,At Risk (high value),114
5891,321,1,1808,1,1,4,At Risk (high value),114
5892,63,1,60,5,1,2,New Customers,512
5893,96,1,2342,4,1,4,New Customers,414
5894,104,1,2326,4,1,4,New Customers,414
5895,328,1,1764,1,1,4,At Risk (high value),114
5896,316,1,1760,1,1,4,At Risk (high value),114
5897,319,1,1715,1,1,4,At Risk (high value),114
5898,334,1,1764,1,1,4,At Risk (high value),114
5899,309,1,1751,1,1,4,At Risk (high value),114
5900,227,1,5,2,1,1,Hibernating,211
5901,165,1,7,3,1,1,Needs Attention,311
5902,126,1,40,4,1,2,New Customers,412
5903,20,2,212,5,3,3,Potential Loyalists,533
5904,78,1,5,4,1,1,New Customers,411
5905,111,1,5,4,1,1,New Customers,411
5906,179,1,5,3,1,1,Needs Attention,311
5907,172,1,2360,3,1,4,Needs Attention,314
5908,96,1,2342,4,1,4,New Customers,414
5909,115,1,2367,4,1,4,New Customers,414
5910,94,1,2377,4,1,4,New Customers,414
5911,200,2,142,3,3,3,Potential Loyalists,333
5912,140,1,59,3,1,2,Needs Attention,312
5913,64,1,2381,5,1,4,New Customers,514
5914,159,1,14,3,1,1,Needs Attention,311
5915,62,1,2362,5,1,4,New Customers,514
5916,62,1,2375,5,1,4,New Customers,514
5917,77,1,2435,4,1,4,New Customers,414
5918,51,1,5,5,1,1,New Customers,511
5919,13,1,64,5,1,2,New Customers,512
5920,38,2,71,5,3,2,Potential Loyalists,532
5921,311,1,1701,1,1,4,At Risk (high value),114
5922,261,1,1755,2,1,4,At Risk (high value),214
5923,7,1,99,5,1,3,New Customers,513
5924,54,1,60,5,1,2,New Customers,512
5925,283,1,1775,2,1,4,At Risk (high value),214
5926,295,1,1765,1,1,4,At Risk (high value),114
5927,40,2,45,5,3,2,Potential Loyalists,532
5928,1,2,39,5,3,1,Potential Loyalists,531
5929,225,2,4698,2,3,5,At Risk (high value),235
5930,219,2,4733,2,3,5,At Risk (high value),235
5931,27,2,54,5,3,2,Potential Loyalists,532
5932,233,2,4767,2,3,5,At Risk (high value),235
5933,149,2,14,3,3,1,Potential Loyalists,331
5934,45,2,95,5,3,3,Potential Loyalists,533
5935,100,2,87,4,3,2,Potential Loyalists,432
5936,127,2,95,4,3,3,Potential Loyalists,433
5937,345,1,64,1,1,2,Hibernating,112
5938,378,2,3927,1,3,5,At Risk (high value),135
5939,36,2,3110,5,3,4,Potential Loyalists,534
5940,160,1,30,3,1,1,Needs Attention,311
5941,34,2,5006,5,3,5,Potential Loyalists,535
5942,53,1,65,5,1,2,New Customers,512
5943,346,2,2751,1,3,4,At Risk (high value),134
5944,211,1,38,2,1,1,Hibernating,211
5945,391,2,4253,1,3,5,At Risk (high value),135
5946,41,2,3262,5,3,4,Potential Loyalists,534
5947,36,2,3071,5,3,4,Potential Loyalists,534
5948,288,1,1736,2,1,4,At Risk (high value),214
5949,24,3,248,5,4,3,Loyal,543
5950,284,1,1790,2,1,4,At Risk (high value),214
5951,190,3,212,3,4,3,Loyal,343
5952,301,1,1736,1,1,4,At Risk (high value),114
5953,245,1,1736,2,1,4,At Risk (high value),214
5954,361,1,14,1,1,1,Hibernating,111
5955,17,1,68,5,1,2,New Customers,512
5956,215,1,1760,2,1,4,At Risk (high value),214
5957,293,1,1701,1,1,4,At Risk (high value),114
5958,39,1,40,5,1,2,New Customers,512
5959,301,3,168,1,4,3,Loyal,143
5960,160,3,136,3,4,3,Loyal,343
5961,120,1,5,4,1,1,New Customers,411
5962,91,1,2319,4,1,4,New Customers,414
5963,10,1,14,5,1,1,New Customers,511
5964,302,1,40,1,1,2,Hibernating,112
5965,220,3,109,2,4,3,Loyal,243
5966,317,1,40,1,1,2,Hibernating,112
5967,43,1,5,5,1,1,New Customers,511
5968,80,1,2317,4,1,4,New Customers,414
5969,72,1,2326,5,1,4,New Customers,514
5970,73,1,2440,5,1,4,New Customers,514
5971,292,1,1755,1,1,4,At Risk (high value),114
5972,218,1,64,2,1,2,Hibernating,212
5973,292,1,1755,1,1,4,At Risk (high value),114
5974,288,1,1858,2,1,4,At Risk (high value),214
5975,295,1,1730,1,1,4,At Risk (high value),114
5976,145,1,68,3,1,2,Needs Attention,312
5977,304,1,1786,1,1,4,At Risk (high value),114
5978,266,1,1710,2,1,4,At Risk (high value),214
5979,323,1,5,1,1,1,Hibernating,111
5980,77,1,2322,4,1,4,New Customers,414
5981,293,1,40,1,1,2,Hibernating,112
5982,73,1,2318,5,1,4,New Customers,514
5983,366,1,90,1,1,2,Hibernating,112
5984,67,1,2357,5,1,4,New Customers,514
5985,259,1,1760,2,1,4,At Risk (high value),214
5986,157,1,14,3,1,1,Needs Attention,311
5987,210,1,69,2,1,2,Hibernating,212
5988,169,1,2415,3,1,4,Needs Attention,314
5989,59,1,5,5,1,1,New Customers,511
5990,64,1,2320,5,1,4,New Customers,514
5991,216,1,60,2,1,2,Hibernating,212
5992,314,1,40,1,1,2,Hibernating,112
5993,304,1,5,1,1,1,Hibernating,111
5994,218,1,125,2,1,3,Hibernating,213
5995,151,1,40,3,1,2,Needs Attention,312
5996,232,1,1736,2,1,4,At Risk (high value),214
5997,228,1,1755,2,1,4,At Risk (high value),214
5998,255,1,1764,2,1,4,At Risk (high value),214
5999,256,1,1736,2,1,4,At Risk (high value),214
6000,262,1,1736,2,1,4,At Risk (high value),214
6001,78,1,2295,4,1,4,New Customers,414
6002,83,1,2342,4,1,4,New Customers,414
6003,72,1,2332,5,1,4,New Customers,514
6004,92,1,2416,4,1,4,New Customers,414
6005,89,1,2419,4,1,4,New Customers,414
6006,69,1,2376,5,1,4,New Customers,514
6007,68,1,2404,5,1,4,New Customers,514
6008,79,1,2330,4,1,4,New Customers,414
6009,75,1,2317,4,1,4,New Customers,414
6010,82,1,2352,4,1,4,New Customers,414
6011,75,1,2385,4,1,4,New Customers,414
6012,266,1,1751,2,1,4,At Risk (high value),214
6013,249,1,1751,2,1,4,At Risk (high value),214
6014,72,1,2401,5,1,4,New Customers,514
6015,352,1,5,1,1,1,Hibernating,111
6016,271,1,5,2,1,1,Hibernating,211
6017,347,1,99,1,1,3,Hibernating,113
6018,62,1,2332,5,1,4,New Customers,514
6019,265,1,94,2,1,3,Hibernating,213
6020,60,1,55,5,1,2,New Customers,512
6021,272,1,1715,2,1,4,At Risk (high value),214
6022,253,1,1701,2,1,4,At Risk (high value),214
6023,245,1,1764,2,1,4,At Risk (high value),214
6024,231,1,1736,2,1,4,At Risk (high value),214
6025,265,1,1776,2,1,4,At Risk (high value),214
6026,198,1,1710,3,1,4,Needs Attention,314
6027,315,3,261,1,4,3,Loyal,143
6028,239,3,231,2,4,3,Loyal,243
6029,254,1,1764,2,1,4,At Risk (high value),214
6030,247,1,1760,2,1,4,At Risk (high value),214
6031,268,1,1701,2,1,4,At Risk (high value),214
6032,295,1,14,1,1,1,Hibernating,111
6033,108,1,13,4,1,1,New Customers,411
6034,291,1,29,1,1,1,Hibernating,111
6035,185,1,1751,3,1,4,Needs Attention,314
6036,348,1,59,1,1,2,Hibernating,112
6037,243,2,177,2,3,3,Hibernating,233
6038,147,1,2335,3,1,4,Needs Attention,314
6039,88,1,2442,4,1,4,New Customers,414
6040,268,1,1800,2,1,4,At Risk (high value),214
6041,248,1,1760,2,1,4,At Risk (high value),214
6042,253,1,1701,2,1,4,At Risk (high value),214
6043,247,1,1736,2,1,4,At Risk (high value),214
6044,272,1,1760,2,1,4,At Risk (high value),214
6045,137,1,40,3,1,2,Needs Attention,312
6046,284,2,4480,2,3,5,At Risk (high value),235
6047,276,2,4467,2,3,5,At Risk (high value),235
6048,302,2,4347,1,3,5,At Risk (high value),135
6049,254,2,4382,2,3,5,At Risk (high value),235
6050,257,2,4347,2,3,5,At Risk (high value),235
6051,260,2,4495,2,3,5,At Risk (high value),235
6052,277,2,6060,2,3,5,At Risk (high value),235
6053,224,2,97,2,3,3,Hibernating,233
6054,138,2,124,3,3,3,Potential Loyalists,333
6055,98,2,84,4,3,2,Potential Loyalists,432
6056,254,2,4347,2,3,5,At Risk (high value),235
6057,252,2,4417,2,3,5,At Risk (high value),235
6058,20,2,86,5,3,2,Potential Loyalists,532
6059,50,2,84,5,3,2,Potential Loyalists,532
6060,52,2,124,5,3,3,Potential Loyalists,533
6061,137,2,124,3,3,3,Potential Loyalists,333
6062,198,2,86,3,3,2,Potential Loyalists,332
6063,325,2,91,1,3,2,Hibernating,132
6064,304,2,100,1,3,3,Hibernating,133
6065,263,2,4506,2,3,5,At Risk (high value),235
6066,220,2,4417,2,3,5,At Risk (high value),235
6067,120,2,105,4,3,3,Potential Loyalists,433
6068,39,2,114,5,3,3,Potential Loyalists,533
6069,21,2,93,5,3,3,Potential Loyalists,533
6070,215,2,4426,2,3,5,At Risk (high value),235
6071,343,2,124,1,3,3,Hibernating,133
6072,225,2,4417,2,3,5,At Risk (high value),235
6073,65,2,123,5,3,3,Potential Loyalists,533
6074,114,2,79,4,3,2,Potential Loyalists,432
6075,218,2,90,2,3,2,Hibernating,232
6076,160,2,77,3,3,2,Potential Loyalists,332
6077,34,2,103,5,3,3,Potential Loyalists,533
6078,204,2,138,3,3,3,Potential Loyalists,333
6079,316,2,187,1,3,3,Hibernating,133
6080,233,2,4417,2,3,5,At Risk (high value),235
6081,337,2,2732,1,3,4,At Risk (high value),134
6082,206,1,75,3,1,2,Needs Attention,312
6083,347,2,3892,1,3,5,At Risk (high value),135
6084,308,1,52,1,1,2,Hibernating,112
6085,113,1,31,4,1,1,New Customers,411
6086,228,2,2986,2,3,4,At Risk (high value),234
6087,350,2,4194,1,3,5,At Risk (high value),135
6088,186,2,75,3,3,2,Potential Loyalists,332
6089,193,1,25,3,1,1,Needs Attention,311
6090,235,1,65,2,1,2,Hibernating,212
6091,106,1,65,4,1,2,New Customers,412
6092,41,1,32,5,1,1,New Customers,511
6093,354,1,37,1,1,1,Hibernating,111
6094,62,3,6918,5,4,5,Champions,545
6095,220,2,3001,2,3,4,At Risk (high value),234
6096,320,2,2760,1,3,4,At Risk (high value),134
6097,358,2,4144,1,3,5,At Risk (high value),135
6098,55,2,3021,5,3,4,Potential Loyalists,534
6099,378,2,2769,1,3,4,At Risk (high value),134
6100,322,2,2701,1,3,4,At Risk (high value),134
6101,128,1,96,4,1,3,New Customers,413
6102,119,2,164,4,3,3,Potential Loyalists,433
6103,323,1,32,1,1,1,Hibernating,111
6104,65,3,6935,5,4,5,Champions,545
6105,306,1,5,1,1,1,Hibernating,111
6106,239,2,83,2,3,2,Hibernating,232
6107,118,1,73,4,1,2,New Customers,412
6108,358,2,4179,1,3,5,At Risk (high value),135
6109,147,1,25,3,1,1,Needs Attention,311
6110,326,2,2769,1,3,4,At Risk (high value),134
6111,122,2,47,4,3,2,Potential Loyalists,432
6112,340,1,5,1,1,1,Hibernating,111
6113,195,1,6,3,1,1,Needs Attention,311
6114,163,1,5,3,1,1,Needs Attention,311
6115,81,3,7275,4,4,5,Champions,445
6116,232,2,3008,2,3,4,At Risk (high value),234
6117,203,1,1765,3,1,4,Needs Attention,314
6118,81,1,40,4,1,2,New Customers,412
6119,251,1,563,2,1,3,Hibernating,213
6120,275,3,215,2,4,3,Loyal,243
6121,252,1,1736,2,1,4,At Risk (high value),214
6122,246,1,1736,2,1,4,At Risk (high value),214
6123,299,1,59,1,1,2,Hibernating,112
6124,227,1,563,2,1,3,Hibernating,213
6125,230,1,563,2,1,3,Hibernating,213
6126,113,1,540,4,1,3,New Customers,413
6127,22,2,127,5,3,3,Potential Loyalists,533
6128,252,1,1779,2,1,4,At Risk (high value),214
6129,252,1,1736,2,1,4,At Risk (high value),214
6130,251,1,1736,2,1,4,At Risk (high value),214
6131,330,1,99,1,1,3,Hibernating,113
6132,50,1,5,5,1,1,New Customers,511
6133,55,1,5,5,1,1,New Customers,511
6134,88,1,2357,4,1,4,New Customers,414
6135,77,1,2377,4,1,4,New Customers,414
6136,70,1,2379,5,1,4,New Customers,514
6137,84,1,2297,4,1,4,New Customers,414
6138,342,1,5,1,1,1,Hibernating,111
6139,312,1,60,1,1,2,Hibernating,112
6140,83,1,2310,4,1,4,New Customers,414
6141,73,1,2320,5,1,4,New Customers,514
6142,62,1,2377,5,1,4,New Customers,514
6143,248,1,1728,2,1,4,At Risk (high value),214
6144,207,1,1764,2,1,4,At Risk (high value),214
6145,247,1,1891,2,1,4,At Risk (high value),214
6146,77,1,14,4,1,1,New Customers,411
6147,85,1,40,4,1,2,New Customers,412
6148,178,1,1701,3,1,4,Needs Attention,314
6149,156,1,1775,3,1,4,Needs Attention,314
6150,233,1,1736,2,1,4,At Risk (high value),214
6151,225,1,1765,2,1,4,At Risk (high value),214
6152,1,1,13,5,1,1,New Customers,511
6153,181,1,13,3,1,1,Needs Attention,311
6154,226,1,1745,2,1,4,At Risk (high value),214
6155,228,1,1765,2,1,4,At Risk (high value),214
6156,180,1,14,3,1,1,Needs Attention,311
6157,84,1,2502,4,1,4,New Customers,414
6158,92,1,2335,4,1,4,New Customers,414
6159,313,1,40,1,1,2,Hibernating,112
6160,238,1,1736,2,1,4,At Risk (high value),214
6161,78,1,5,4,1,1,New Customers,411
6162,308,1,60,1,1,2,Hibernating,112
6163,273,1,40,2,1,2,Hibernating,212
6164,216,1,1732,2,1,4,At Risk (high value),214
6165,75,1,13,4,1,1,New Customers,411
6166,350,1,5,1,1,1,Hibernating,111
6167,95,1,5,4,1,1,New Customers,411
6168,227,1,1736,2,1,4,At Risk (high value),214
6169,234,1,5,2,1,1,Hibernating,211
6170,316,1,5,1,1,1,Hibernating,111
6171,290,1,14,1,1,1,Hibernating,111
6172,87,1,2440,4,1,4,New Customers,414
6173,175,1,69,3,1,2,Needs Attention,312
6174,78,1,5,4,1,1,New Customers,411
6175,225,1,5,2,1,1,Hibernating,211
6176,142,1,2335,3,1,4,Needs Attention,314
6177,85,1,2370,4,1,4,New Customers,414
6178,219,1,14,2,1,1,Hibernating,211
6179,44,1,14,5,1,1,New Customers,511
6180,197,1,29,3,1,1,Needs Attention,311
6181,80,1,69,4,1,2,New Customers,412
6182,160,3,6945,3,4,5,Loyal,345
6183,107,3,6951,4,4,5,Champions,445
6184,166,3,7175,3,4,5,Loyal,345
6185,165,3,7253,3,4,5,Loyal,345
6186,95,3,6955,4,4,5,Champions,445
6187,209,2,77,2,3,2,Hibernating,232
6188,182,2,3310,3,3,5,Potential Loyalists,335
6189,181,2,3350,3,3,5,Potential Loyalists,335
6190,326,1,46,1,1,2,Hibernating,112
6191,15,1,24,5,1,1,New Customers,511
6192,169,3,6896,3,4,5,Loyal,345
6193,99,3,6978,4,4,5,Champions,445
6194,34,2,135,5,3,3,Potential Loyalists,533
6195,190,1,111,3,1,3,Needs Attention,313
6196,180,2,3330,3,3,5,Potential Loyalists,335
6197,164,2,3318,3,3,5,Potential Loyalists,335
6198,35,1,57,5,1,2,New Customers,512
6199,161,3,7233,3,4,5,Loyal,345
6200,175,3,6998,3,4,5,Loyal,345
6201,280,1,22,2,1,1,Hibernating,211
6202,36,1,22,5,1,1,New Customers,511
6203,76,3,6974,4,4,5,Champions,445
6204,74,3,6953,4,4,5,Champions,445
6205,81,2,115,4,3,3,Potential Loyalists,433
6206,81,2,75,4,3,2,Potential Loyalists,432
6207,173,2,3295,3,3,5,Potential Loyalists,335
6208,68,3,6980,5,4,5,Champions,545
6209,194,1,46,3,1,2,Needs Attention,312
6210,176,3,7182,3,4,5,Loyal,345
6211,17,1,72,5,1,2,New Customers,512
6212,349,1,48,1,1,2,Hibernating,112
6213,63,1,62,5,1,2,New Customers,512
6214,200,2,180,3,3,3,Potential Loyalists,333
6215,90,3,7211,4,4,5,Champions,445
6216,143,1,32,3,1,1,Needs Attention,311
6217,124,2,3370,4,3,5,Potential Loyalists,435
6218,277,1,81,2,1,2,Hibernating,212
6219,68,3,6908,5,4,5,Champions,545
6220,155,1,35,3,1,1,Needs Attention,311
6221,156,3,6915,3,4,5,Loyal,345
6222,163,3,7292,3,4,5,Loyal,345
6223,199,1,37,3,1,1,Needs Attention,311
6224,151,1,22,3,1,1,Needs Attention,311
6225,256,1,67,2,1,2,Hibernating,212
6226,90,3,6987,4,4,5,Champions,445
6227,238,2,110,2,3,3,Hibernating,233
6228,234,2,84,2,3,2,Hibernating,232
6229,85,2,77,4,3,2,Potential Loyalists,432
6230,199,2,4471,3,3,5,Potential Loyalists,335
6231,161,2,84,3,3,2,Potential Loyalists,332
6232,150,2,84,3,3,2,Potential Loyalists,332
6233,208,2,4347,2,3,5,At Risk (high value),235
6234,210,2,4347,2,3,5,At Risk (high value),235
6235,53,2,91,5,3,2,Potential Loyalists,532
6236,194,2,84,3,3,2,Potential Loyalists,332
6237,186,2,86,3,3,2,Potential Loyalists,332
6238,26,2,174,5,3,3,Potential Loyalists,533
6239,306,2,148,1,3,3,Hibernating,133
6240,8,2,86,5,3,2,Potential Loyalists,532
6241,173,2,4384,3,3,5,Potential Loyalists,335
6242,161,2,4382,3,3,5,Potential Loyalists,335
6243,162,2,4386,3,3,5,Potential Loyalists,335
6244,237,2,84,2,3,2,Hibernating,232
6245,216,2,86,2,3,2,Hibernating,232
6246,73,2,93,5,3,3,Potential Loyalists,533
6247,160,2,4379,3,3,5,Potential Loyalists,335
6248,180,2,4432,3,3,5,Potential Loyalists,335
6249,150,2,4382,3,3,5,Potential Loyalists,335
6250,125,2,4426,4,3,5,Potential Loyalists,435
6251,28,2,98,5,3,3,Potential Loyalists,533
6252,232,2,124,2,3,3,Hibernating,233
6253,123,2,93,4,3,3,Potential Loyalists,433
6254,8,2,84,5,3,2,Potential Loyalists,532
6255,294,2,148,1,3,3,Hibernating,133
6256,146,2,4441,3,3,5,Potential Loyalists,335
6257,128,2,4362,4,3,5,Potential Loyalists,435
6258,128,2,4480,4,3,5,Potential Loyalists,435
6259,120,2,4347,4,3,5,Potential Loyalists,435
6260,102,2,4404,4,3,5,Potential Loyalists,435
6261,315,1,40,1,1,2,Hibernating,112
6262,224,1,1765,2,1,4,At Risk (high value),214
6263,244,1,1736,2,1,4,At Risk (high value),214
6264,165,1,1701,3,1,4,Needs Attention,314
6265,69,1,2326,5,1,4,New Customers,514
6266,149,1,5,3,1,1,Needs Attention,311
6267,133,1,60,4,1,2,New Customers,412
6268,81,1,2355,4,1,4,New Customers,414
6269,72,1,2320,5,1,4,New Customers,514
6270,241,1,1728,2,1,4,At Risk (high value),214
6271,219,1,1736,2,1,4,At Risk (high value),214
6272,233,1,1726,2,1,4,At Risk (high value),214
6273,227,1,1715,2,1,4,At Risk (high value),214
6274,50,1,68,5,1,2,New Customers,512
6275,267,1,14,2,1,1,Hibernating,211
6276,325,1,5,1,1,1,Hibernating,111
6277,363,1,68,1,1,2,Hibernating,112
6278,111,2,4426,4,3,5,Potential Loyalists,435
6279,121,2,4382,4,3,5,Potential Loyalists,435
6280,294,2,6021,1,3,5,At Risk (high value),135
6281,301,2,6089,1,3,5,At Risk (high value),135
6282,116,2,84,4,3,2,Potential Loyalists,432
6283,11,2,100,5,3,3,Potential Loyalists,533
6284,2,2,147,5,3,3,Potential Loyalists,533
6285,180,2,90,3,3,2,Potential Loyalists,332
6286,232,2,6093,2,3,5,At Risk (high value),235
6287,240,2,6029,2,3,5,At Risk (high value),235
6288,139,2,95,3,3,3,Potential Loyalists,333
6289,120,2,4426,4,3,5,Potential Loyalists,435
6290,88,2,107,4,3,3,Potential Loyalists,433
6291,169,2,93,3,3,3,Potential Loyalists,333
6292,285,2,86,2,3,2,Hibernating,232
6293,42,2,94,5,3,3,Potential Loyalists,533
6294,99,2,4417,4,3,5,Potential Loyalists,435
6295,85,2,4355,4,3,5,Potential Loyalists,435
6296,92,2,4392,4,3,5,Potential Loyalists,435
6297,25,2,114,5,3,3,Potential Loyalists,533
6298,251,2,100,2,3,3,Hibernating,233
6299,173,2,175,3,3,3,Potential Loyalists,333
6300,76,2,4382,4,3,5,Potential Loyalists,435
6301,239,2,94,2,3,3,Hibernating,233
6302,62,2,75,5,3,2,Potential Loyalists,532
6303,121,2,147,4,3,3,Potential Loyalists,433
6304,142,2,123,3,3,3,Potential Loyalists,333
6305,31,2,62,5,3,2,Potential Loyalists,532
6306,4,2,232,5,3,3,Potential Loyalists,533
6307,250,2,118,2,3,3,Hibernating,233
6308,340,2,133,1,3,3,Hibernating,133
6309,214,2,6021,2,3,5,At Risk (high value),235
6310,236,2,6030,2,3,5,At Risk (high value),235
6311,238,2,6029,2,3,5,At Risk (high value),235
6312,11,2,79,5,3,2,Potential Loyalists,532
6313,78,2,4471,4,3,5,Potential Loyalists,435
6314,218,2,52,2,3,2,Hibernating,232
6315,47,2,79,5,3,2,Potential Loyalists,532
6316,222,2,6030,2,3,5,At Risk (high value),235
6317,62,2,97,5,3,3,Potential Loyalists,533
6318,122,2,129,4,3,3,Potential Loyalists,433
6319,278,2,44,2,3,2,Hibernating,232
6320,43,2,39,5,3,1,Potential Loyalists,531
6321,65,2,4391,5,3,5,Potential Loyalists,535
6322,18,2,143,5,3,3,Potential Loyalists,533
6323,17,2,95,5,3,3,Potential Loyalists,533
6324,45,2,85,5,3,2,Potential Loyalists,532
6325,94,2,81,4,3,2,Potential Loyalists,432
6326,95,2,55,4,3,2,Potential Loyalists,432
6327,91,2,4467,4,3,5,Potential Loyalists,435
6328,69,2,100,5,3,3,Potential Loyalists,533
6329,54,2,4387,5,3,5,Potential Loyalists,535
6330,240,2,6021,2,3,5,At Risk (high value),235
6331,132,2,31,4,3,1,Potential Loyalists,431
6332,147,2,41,3,3,2,Potential Loyalists,332
6333,48,2,4480,5,3,5,Potential Loyalists,535
6334,146,2,81,3,3,2,Potential Loyalists,332
6335,53,2,4347,5,3,5,Potential Loyalists,535
6336,281,1,5,2,1,1,Hibernating,211
6337,338,1,27,1,1,1,Hibernating,111
6338,90,3,124,4,4,3,Loyal,443
6339,22,3,92,5,4,2,Potential Loyalists,542
6340,294,1,5,1,1,1,Hibernating,111
6341,80,1,29,4,1,1,New Customers,411
6342,147,1,36,3,1,1,Needs Attention,311
6343,300,1,40,1,1,2,Hibernating,112
6344,254,1,40,2,1,2,Hibernating,212
6345,109,1,5,4,1,1,New Customers,411
6346,149,1,1765,3,1,4,Needs Attention,314
6347,218,2,81,2,3,2,Hibernating,232
6348,82,3,119,4,4,3,Loyal,443
6349,145,3,205,3,4,3,Loyal,343
6350,104,1,64,4,1,2,New Customers,412
6351,117,2,128,4,3,3,Potential Loyalists,433
6352,199,2,6117,3,3,5,Potential Loyalists,335
6353,190,2,6021,3,3,5,Potential Loyalists,335
6354,203,2,6035,3,3,5,Potential Loyalists,335
6355,199,2,6029,3,3,5,Potential Loyalists,335
6356,212,2,46,2,3,2,Hibernating,232
6357,18,1,14,5,1,1,New Customers,511
6358,277,1,5,2,1,1,Hibernating,211
6359,229,1,1728,2,1,4,At Risk (high value),214
6360,330,1,40,1,1,2,Hibernating,112
6361,45,3,122,5,4,3,Loyal,543
6362,237,1,1760,2,1,4,At Risk (high value),214
6363,66,1,2310,5,1,4,New Customers,514
6364,75,1,2342,4,1,4,New Customers,414
6365,72,1,2352,5,1,4,New Customers,514
6366,78,1,2370,4,1,4,New Customers,414
6367,320,1,40,1,1,2,Hibernating,112
6368,296,1,69,1,1,2,Hibernating,112
6369,355,1,5,1,1,1,Hibernating,111
6370,352,1,7,1,1,1,Hibernating,111
6371,232,2,4742,2,3,5,At Risk (high value),235
6372,50,3,152,5,4,3,Loyal,543
6373,139,1,1730,3,1,4,Needs Attention,314
6374,133,1,1736,4,1,4,New Customers,414
6375,202,3,206,3,4,3,Loyal,343
6376,26,2,46,5,3,2,Potential Loyalists,532
6377,235,1,5,2,1,1,Hibernating,211
6378,124,1,5,4,1,1,New Customers,411
6379,12,1,40,5,1,2,New Customers,512
6380,328,1,125,1,1,3,Hibernating,113
6381,323,1,40,1,1,2,Hibernating,112
6382,9,2,348,5,3,3,Potential Loyalists,533
6383,102,1,29,4,1,1,New Customers,411
6384,134,1,7,3,1,1,Needs Attention,311
6385,230,1,1760,2,1,4,At Risk (high value),214
6386,107,3,208,4,4,3,Loyal,443
6387,230,1,1736,2,1,4,At Risk (high value),214
6388,301,3,148,1,4,3,Loyal,143
6389,148,1,1764,3,1,4,Needs Attention,314
6390,238,1,1779,2,1,4,At Risk (high value),214
6391,266,1,40,2,1,2,Hibernating,212
6392,4,1,5,5,1,1,New Customers,511
6393,301,1,14,1,1,1,Hibernating,111
6394,75,1,2405,4,1,4,New Customers,414
6395,100,1,69,4,1,2,New Customers,412
6396,157,1,5,3,1,1,Needs Attention,311
6397,213,1,13,2,1,1,Hibernating,211
6398,247,1,40,2,1,2,Hibernating,212
6399,88,1,2355,4,1,4,New Customers,414
6400,90,1,2367,4,1,4,New Customers,414
6401,140,1,2332,3,1,4,Needs Attention,314
6402,64,1,2330,5,1,4,New Customers,514
6403,132,1,2305,4,1,4,New Customers,414
6404,153,1,2322,3,1,4,Needs Attention,314
6405,127,1,1710,4,1,4,New Customers,414
6406,223,1,1725,2,1,4,At Risk (high value),214
6407,117,1,7,4,1,1,New Customers,411
6408,266,1,55,2,1,2,Hibernating,212
6409,158,1,5,3,1,1,Needs Attention,311
6410,122,2,220,4,3,3,Potential Loyalists,433
6411,145,2,168,3,3,3,Potential Loyalists,333
6412,96,2,156,4,3,3,Potential Loyalists,433
6413,77,1,2415,4,1,4,New Customers,414
6414,77,1,2366,4,1,4,New Customers,414
6415,81,1,2295,4,1,4,New Customers,414
6416,92,1,2297,4,1,4,New Customers,414
6417,92,1,2371,4,1,4,New Customers,414
6418,67,1,2355,5,1,4,New Customers,514
6419,271,1,40,2,1,2,Hibernating,212
6420,328,1,40,1,1,2,Hibernating,112
6421,68,1,2370,5,1,4,New Customers,514
6422,68,1,2377,5,1,4,New Customers,514
6423,181,2,175,3,3,3,Potential Loyalists,333
6424,77,1,2297,4,1,4,New Customers,414
6425,73,1,2424,5,1,4,New Customers,514
6426,77,1,2395,4,1,4,New Customers,414
6427,219,1,5,2,1,1,Hibernating,211
6428,66,1,2372,5,1,4,New Customers,514
6429,243,1,40,2,1,2,Hibernating,212
6430,60,1,5,5,1,1,New Customers,511
6431,252,1,5,2,1,1,Hibernating,211
6432,318,1,5,1,1,1,Hibernating,111
6433,202,1,5,3,1,1,Needs Attention,311
6434,78,1,2341,4,1,4,New Customers,414
6435,222,1,5,2,1,1,Hibernating,211
6436,114,1,68,4,1,2,New Customers,412
6437,205,1,5,3,1,1,Needs Attention,311
6438,332,1,59,1,1,2,Hibernating,112
6439,123,1,60,4,1,2,New Customers,412
6440,92,1,2342,4,1,4,New Customers,414
6441,173,1,5,3,1,1,Needs Attention,311
6442,74,1,2405,4,1,4,New Customers,414
6443,39,3,320,5,4,3,Loyal,543
6444,243,1,1755,2,1,4,At Risk (high value),214
6445,230,1,125,2,1,3,Hibernating,213
6446,235,1,1730,2,1,4,At Risk (high value),214
6447,62,1,2385,5,1,4,New Customers,514
6448,359,1,14,1,1,1,Hibernating,111
6449,126,1,64,4,1,2,New Customers,412
6450,323,1,5,1,1,1,Hibernating,111
6451,10,2,154,5,3,3,Potential Loyalists,533
6452,96,1,40,4,1,2,New Customers,412
6453,67,1,5,5,1,1,New Customers,511
6454,65,1,2377,5,1,4,New Customers,514
6455,148,1,5,3,1,1,Needs Attention,311
6456,272,1,7,2,1,1,Hibernating,211
6457,231,1,5,2,1,1,Hibernating,211
6458,60,1,55,5,1,2,New Customers,512
6459,81,1,2370,4,1,4,New Customers,414
6460,217,1,60,2,1,2,Hibernating,212
6461,84,1,2340,4,1,4,New Customers,414
6462,81,1,2407,4,1,4,New Customers,414
6463,77,1,2335,4,1,4,New Customers,414
6464,235,1,1774,2,1,4,At Risk (high value),214
6465,221,1,1785,2,1,4,At Risk (high value),214
6466,215,1,1765,2,1,4,At Risk (high value),214
6467,105,1,69,4,1,2,New Customers,412
6468,239,1,5,2,1,1,Hibernating,211
6469,80,2,129,4,3,3,Potential Loyalists,433
6470,85,1,7,4,1,1,New Customers,411
6471,75,1,2330,4,1,4,New Customers,414
6472,178,1,40,3,1,2,Needs Attention,312
6473,37,1,5,5,1,1,New Customers,511
6474,128,1,5,4,1,1,New Customers,411
6475,84,1,2355,4,1,4,New Customers,414
6476,67,1,2371,5,1,4,New Customers,514
6477,121,1,1701,4,1,4,New Customers,414
6478,228,1,1701,2,1,4,At Risk (high value),214
6479,237,2,4757,2,3,5,At Risk (high value),235
6480,238,2,163,2,3,3,Hibernating,233
6481,226,1,1726,2,1,4,At Risk (high value),214
6482,271,2,127,2,3,3,Hibernating,233
6483,180,2,147,3,3,3,Potential Loyalists,333
6484,221,2,64,2,3,2,Hibernating,232
6485,283,2,127,2,3,3,Hibernating,233
6486,315,1,77,1,1,2,Hibernating,112
6487,275,1,90,2,1,2,Hibernating,212
6488,158,1,7,3,1,1,Needs Attention,311
6489,318,1,5,1,1,1,Hibernating,111
6490,245,1,59,2,1,2,Hibernating,212
6491,85,1,13,4,1,1,New Customers,411
6492,28,2,127,5,3,3,Potential Loyalists,533
6493,223,1,84,2,1,2,Hibernating,212
6494,48,2,131,5,3,3,Potential Loyalists,533
6495,247,2,112,2,3,3,Hibernating,233
6496,113,2,120,4,3,3,Potential Loyalists,433
6497,16,2,230,5,3,3,Potential Loyalists,533
6498,185,1,1717,3,1,4,Needs Attention,314
6499,227,1,565,2,1,3,Hibernating,213
6500,84,1,2295,4,1,4,New Customers,414
6501,31,2,157,5,3,3,Potential Loyalists,533
6502,93,2,142,4,3,3,Potential Loyalists,433
6503,166,2,6070,3,3,5,Potential Loyalists,335
6504,34,2,99,5,3,3,Potential Loyalists,533
6505,56,2,4362,5,3,5,Potential Loyalists,535
6506,268,1,7,2,1,1,Hibernating,211
6507,360,1,13,1,1,1,Hibernating,111
6508,181,1,69,3,1,2,Needs Attention,312
6509,68,1,2325,5,1,4,New Customers,514
6510,50,2,98,5,3,3,Potential Loyalists,533
6511,42,2,4369,5,3,5,Potential Loyalists,535
6512,374,2,4150,1,3,5,At Risk (high value),135
6513,390,2,4170,1,3,5,At Risk (high value),135
6514,383,2,4260,1,3,5,At Risk (high value),135
6515,360,2,4142,1,3,5,At Risk (high value),135
6516,276,2,4143,2,3,5,At Risk (high value),235
6517,35,1,40,5,1,2,New Customers,512
6518,67,1,40,5,1,2,New Customers,512
6519,218,1,540,2,1,3,Hibernating,213
6520,313,1,59,1,1,2,Hibernating,112
6521,112,1,5,4,1,1,New Customers,411
6522,209,1,1751,2,1,4,At Risk (high value),214
6523,80,2,75,4,3,2,Potential Loyalists,432
6524,34,1,5,5,1,1,New Customers,511
6525,69,1,2317,5,1,4,New Customers,514
6526,164,1,5,3,1,1,Needs Attention,311
6527,302,1,5,1,1,1,Hibernating,111
6528,92,1,13,4,1,1,New Customers,411
6529,83,1,55,4,1,2,New Customers,412
6530,125,1,14,4,1,1,New Customers,411
6531,190,1,79,3,1,2,Needs Attention,312
6532,230,1,14,2,1,1,Hibernating,211
6533,204,1,5,3,1,1,Needs Attention,311
6534,186,1,1736,3,1,4,Needs Attention,314
6535,144,1,5,3,1,1,Needs Attention,311
6536,84,1,2406,4,1,4,New Customers,414
6537,66,1,2377,5,1,4,New Customers,514
6538,73,1,2320,5,1,4,New Customers,514
6539,227,1,5,2,1,1,Hibernating,211
6540,83,2,205,4,3,3,Potential Loyalists,433
6541,357,1,14,1,1,1,Hibernating,111
6542,244,1,5,2,1,1,Hibernating,211
6543,76,1,2342,4,1,4,New Customers,414
6544,85,1,2415,4,1,4,New Customers,414
6545,85,1,2360,4,1,4,New Customers,414
6546,73,1,2342,5,1,4,New Customers,514
6547,88,1,2319,4,1,4,New Customers,414
6548,200,1,5,3,1,1,Needs Attention,311
6549,192,1,1701,3,1,4,Needs Attention,314
6550,24,1,40,5,1,2,New Customers,512
6551,41,1,5,5,1,1,New Customers,511
6552,160,2,161,3,3,3,Potential Loyalists,333
6553,76,1,2357,4,1,4,New Customers,414
6554,68,1,2343,5,1,4,New Customers,514
6555,348,1,40,1,1,2,Hibernating,112
6556,92,1,2424,4,1,4,New Customers,414
6557,299,1,5,1,1,1,Hibernating,111
6558,219,1,540,2,1,3,Hibernating,213
6559,97,1,1750,4,1,4,New Customers,414
6560,204,1,1750,3,1,4,Needs Attention,314
6561,167,1,40,3,1,2,Needs Attention,312
6562,190,1,1736,3,1,4,Needs Attention,314
6563,222,1,14,2,1,1,Hibernating,211
6564,71,1,2398,5,1,4,New Customers,514
6565,206,1,1736,3,1,4,Needs Attention,314
6566,184,1,1751,3,1,4,Needs Attention,314
6567,197,1,1736,3,1,4,Needs Attention,314
6568,210,1,1710,2,1,4,At Risk (high value),214
6569,175,1,1715,3,1,4,Needs Attention,314
6570,337,1,64,1,1,2,Hibernating,112
6571,337,1,69,1,1,2,Hibernating,112
6572,165,1,1764,3,1,4,Needs Attention,314
6573,169,1,1736,3,1,4,Needs Attention,314
6574,169,1,1736,3,1,4,Needs Attention,314
6575,175,1,1710,3,1,4,Needs Attention,314
6576,162,1,1736,3,1,4,Needs Attention,314
6577,166,1,1751,3,1,4,Needs Attention,314
6578,198,1,40,3,1,2,Needs Attention,312
6579,234,1,7,2,1,1,Hibernating,211
6580,51,2,151,5,3,3,Potential Loyalists,533
6581,73,1,2405,5,1,4,New Customers,514
6582,86,1,2369,4,1,4,New Customers,414
6583,73,1,2399,5,1,4,New Customers,514
6584,349,1,40,1,1,2,Hibernating,112
6585,3,1,40,5,1,2,New Customers,512
6586,56,2,165,5,3,3,Potential Loyalists,533
6587,116,1,1751,4,1,4,New Customers,414
6588,86,1,5,4,1,1,New Customers,411
6589,79,1,14,4,1,1,New Customers,411
6590,7,1,60,5,1,2,New Customers,512
6591,332,1,5,1,1,1,Hibernating,111
6592,63,1,2337,5,1,4,New Customers,514
6593,67,1,2335,5,1,4,New Customers,514
6594,86,1,2381,4,1,4,New Customers,414
6595,63,1,2377,5,1,4,New Customers,514
6596,75,1,1786,4,1,4,New Customers,414
6597,169,1,1751,3,1,4,Needs Attention,314
6598,162,1,1724,3,1,4,Needs Attention,314
6599,177,1,40,3,1,2,Needs Attention,312
6600,177,1,14,3,1,1,Needs Attention,311
6601,172,1,1775,3,1,4,Needs Attention,314
6602,218,2,226,2,3,3,Hibernating,233
6603,174,1,5,3,1,1,Needs Attention,311
6604,129,1,5,4,1,1,New Customers,411
6605,91,1,2370,4,1,4,New Customers,414
6606,286,1,40,2,1,2,Hibernating,212
6607,135,1,5,3,1,1,Needs Attention,311
6608,152,1,55,3,1,2,Needs Attention,312
6609,176,1,1701,3,1,4,Needs Attention,314
6610,181,1,1726,3,1,4,Needs Attention,314
6611,233,1,40,2,1,2,Hibernating,212
6612,256,1,40,2,1,2,Hibernating,212
6613,66,1,2352,5,1,4,New Customers,514
6614,126,1,2402,4,1,4,New Customers,414
6615,173,1,1701,3,1,4,Needs Attention,314
6616,176,1,1764,3,1,4,Needs Attention,314
6617,279,1,5,2,1,1,Hibernating,211
6618,175,1,1755,3,1,4,Needs Attention,314
6619,165,1,40,3,1,2,Needs Attention,312
6620,69,2,164,5,3,3,Potential Loyalists,533
6621,179,1,1701,3,1,4,Needs Attention,314
6622,163,1,1732,3,1,4,Needs Attention,314
6623,135,1,2375,3,1,4,Needs Attention,314
6624,85,1,2327,4,1,4,New Customers,414
6625,86,1,2357,4,1,4,New Customers,414
6626,124,1,2432,4,1,4,New Customers,414
6627,227,2,3001,2,3,4,At Risk (high value),234
6628,224,2,3021,2,3,4,At Risk (high value),234
6629,263,2,106,2,3,3,Hibernating,233
6630,359,2,4173,1,3,5,At Risk (high value),135
6631,356,1,5,1,1,1,Hibernating,111
6632,317,1,98,1,1,3,Hibernating,113
6633,201,2,3001,3,3,4,Potential Loyalists,334
6634,299,2,2732,1,3,4,At Risk (high value),134
6635,282,2,2736,2,3,4,At Risk (high value),234
6636,317,2,4153,1,3,5,At Risk (high value),135
6637,117,1,74,4,1,2,New Customers,412
6638,351,1,150,1,1,3,Hibernating,113
6639,53,1,70,5,1,2,New Customers,512
6640,195,2,3075,3,3,4,Potential Loyalists,334
6641,343,1,25,1,1,1,Hibernating,111
6642,258,2,2736,2,3,4,At Risk (high value),234
6643,47,2,33,5,3,1,Potential Loyalists,531
6644,83,1,70,4,1,2,New Customers,412
6645,389,2,3017,1,3,4,At Risk (high value),134
6646,78,2,132,4,3,3,Potential Loyalists,433
6647,255,2,2751,2,3,4,At Risk (high value),234
6648,89,3,4122,4,4,5,Champions,445
6649,74,3,4122,4,4,5,Champions,445
6650,349,1,4,1,1,1,Hibernating,111
6651,81,1,39,4,1,1,New Customers,411
6652,65,3,4179,5,4,5,Champions,545
6653,281,1,14,2,1,1,Hibernating,211
6654,264,1,40,2,1,2,Hibernating,212
6655,74,1,1760,4,1,4,New Customers,414
6656,66,1,1751,5,1,4,New Customers,514
6657,70,1,578,5,1,3,New Customers,513
6658,26,2,113,5,3,3,Potential Loyalists,533
6659,156,1,7,3,1,1,Needs Attention,311
6660,178,1,1710,3,1,4,Needs Attention,314
6661,175,1,1715,3,1,4,Needs Attention,314
6662,176,1,1710,3,1,4,Needs Attention,314
6663,178,1,1764,3,1,4,Needs Attention,314
6664,312,1,7,1,1,1,Hibernating,111
6665,239,1,624,2,1,3,Hibernating,213
6666,87,1,40,4,1,2,New Customers,412
6667,155,1,1736,3,1,4,Needs Attention,314
6668,167,1,1760,3,1,4,Needs Attention,314
6669,219,1,554,2,1,3,Hibernating,213
6670,221,1,624,2,1,3,Hibernating,213
6671,238,1,540,2,1,3,Hibernating,213
6672,230,1,565,2,1,3,Hibernating,213
6673,230,1,540,2,1,3,Hibernating,213
6674,17,1,5,5,1,1,New Customers,511
6675,133,1,40,4,1,2,New Customers,412
6676,94,1,125,4,1,3,New Customers,413
6677,242,1,604,2,1,3,Hibernating,213
6678,182,1,1736,3,1,4,Needs Attention,314
6679,150,1,1736,3,1,4,Needs Attention,314
6680,102,1,40,4,1,2,New Customers,412
6681,14,2,222,5,3,3,Potential Loyalists,533
6682,135,1,1736,3,1,4,Needs Attention,314
6683,205,1,69,3,1,2,Needs Attention,312
6684,327,1,5,1,1,1,Hibernating,111
6685,73,1,5,5,1,1,New Customers,511
6686,362,1,5,1,1,1,Hibernating,111
6687,4,2,104,5,3,3,Potential Loyalists,533
6688,55,1,40,5,1,2,New Customers,512
6689,158,1,5,3,1,1,Needs Attention,311
6690,199,1,5,3,1,1,Needs Attention,311
6691,149,1,1701,3,1,4,Needs Attention,314
6692,81,1,1779,4,1,4,New Customers,414
6693,147,1,14,3,1,1,Needs Attention,311
6694,305,1,14,1,1,1,Hibernating,111
6695,285,1,5,2,1,1,Hibernating,211
6696,272,1,68,2,1,2,Hibernating,212
6697,204,1,40,3,1,2,Needs Attention,312
6698,6,1,5,5,1,1,New Customers,511
6699,270,1,69,2,1,2,Hibernating,212
6700,211,1,68,2,1,2,Hibernating,212
6701,376,2,2806,1,3,4,At Risk (high value),134
6702,132,2,34,4,3,1,Potential Loyalists,431
6703,113,2,56,4,3,2,Potential Loyalists,432
6704,243,1,79,2,1,2,Hibernating,212
6705,300,1,32,1,1,1,Hibernating,111
6706,95,2,37,4,3,1,Potential Loyalists,431
6707,30,2,78,5,3,2,Potential Loyalists,532
6708,190,1,32,3,1,1,Needs Attention,311
6709,10,2,123,5,3,3,Potential Loyalists,533
6710,91,2,79,4,3,2,Potential Loyalists,432
6711,187,2,114,3,3,3,Potential Loyalists,333
6712,208,1,70,2,1,2,Hibernating,212
6713,200,1,57,3,1,2,Needs Attention,312
6714,285,1,70,2,1,2,Hibernating,212
6715,269,2,2736,2,3,4,At Risk (high value),234
6716,358,2,2832,1,3,4,At Risk (high value),134
6717,258,2,2701,2,3,4,At Risk (high value),234
6718,324,2,2840,1,3,4,At Risk (high value),134
6719,194,1,32,3,1,1,Needs Attention,311
6720,10,1,39,5,1,1,New Customers,511
6721,288,2,2791,2,3,4,At Risk (high value),234
6722,306,1,70,1,1,2,Hibernating,112
6723,323,2,3883,1,3,5,At Risk (high value),135
6724,116,2,84,4,3,2,Potential Loyalists,432
6725,171,1,37,3,1,1,Needs Attention,311
6726,230,2,4698,2,3,5,At Risk (high value),235
6727,240,2,4721,2,3,5,At Risk (high value),235
6728,299,1,22,1,1,1,Hibernating,111
6729,208,2,4729,2,3,5,At Risk (high value),235
6730,302,1,110,1,1,3,Hibernating,113
6731,210,2,4751,2,3,5,At Risk (high value),235
6732,55,1,23,5,1,1,New Customers,511
6733,197,2,4752,3,3,5,Potential Loyalists,335
6734,193,2,4757,3,3,5,Potential Loyalists,335
6735,211,2,4698,2,3,5,At Risk (high value),235
6736,174,2,4752,3,3,5,Potential Loyalists,335
6737,156,2,4742,3,3,5,Potential Loyalists,335
6738,241,1,30,2,1,1,Hibernating,211
6739,342,1,25,1,1,1,Hibernating,111
6740,228,2,2736,2,3,4,At Risk (high value),234
6741,309,1,39,1,1,1,Hibernating,111
6742,310,2,4217,1,3,5,At Risk (high value),135
6743,304,2,4198,1,3,5,At Risk (high value),135
6744,304,2,2794,1,3,4,At Risk (high value),134
6745,276,2,2766,2,3,4,At Risk (high value),234
6746,233,1,32,2,1,1,Hibernating,211
6747,303,1,30,1,1,1,Hibernating,111
6748,281,2,2744,2,3,4,At Risk (high value),234
6749,166,1,32,3,1,1,Needs Attention,311
6750,176,1,70,3,1,2,Needs Attention,312
6751,285,2,2889,2,3,4,At Risk (high value),234
6752,257,1,94,2,1,3,Hibernating,213
6753,215,2,2776,2,3,4,At Risk (high value),234
6754,253,2,3080,2,3,4,At Risk (high value),234
6755,228,2,2755,2,3,4,At Risk (high value),234
6756,261,2,2769,2,3,4,At Risk (high value),234
6757,243,2,2715,2,3,4,At Risk (high value),234
6758,70,2,80,5,3,2,Potential Loyalists,532
6759,187,1,32,3,1,1,Needs Attention,311
6760,232,1,37,2,1,1,Hibernating,211
6761,43,2,92,5,3,2,Potential Loyalists,532
6762,253,2,3942,2,3,5,At Risk (high value),235
6763,265,2,3937,2,3,5,At Risk (high value),235
6764,112,2,38,4,3,1,Potential Loyalists,431
6765,260,2,3897,2,3,5,At Risk (high value),235
6766,265,2,3927,2,3,5,At Risk (high value),235
6767,66,3,4119,5,4,5,Champions,545
6768,45,3,4101,5,4,5,Champions,545
6769,261,2,3907,2,3,5,At Risk (high value),235
6770,240,2,3910,2,3,5,At Risk (high value),235
6771,241,2,2715,2,3,4,At Risk (high value),234
6772,357,1,70,1,1,2,Hibernating,112
6773,261,2,2846,2,3,4,At Risk (high value),234
6774,215,2,2751,2,3,4,At Risk (high value),234
6775,13,1,27,5,1,1,New Customers,511
6776,238,2,2794,2,3,4,At Risk (high value),234
6777,216,2,72,2,3,2,Hibernating,232
6778,237,2,4179,2,3,5,At Risk (high value),235
6779,52,3,4175,5,4,5,Champions,545
6780,41,3,4249,5,4,5,Champions,545
6781,51,3,4112,5,4,5,Champions,545
6782,90,3,7187,4,4,5,Champions,445
6783,198,2,3021,3,3,4,Potential Loyalists,334
6784,314,1,25,1,1,1,Hibernating,111
6785,225,2,3892,2,3,5,At Risk (high value),235
6786,315,2,67,1,3,2,Hibernating,132
6787,260,2,89,2,3,2,Hibernating,232
6788,198,2,2726,3,3,4,Potential Loyalists,334
6789,303,1,65,1,1,2,Hibernating,112
6790,221,2,3937,2,3,5,At Risk (high value),235
6791,265,2,3039,2,3,4,At Risk (high value),234
6792,231,1,65,2,1,2,Hibernating,212
6793,170,2,3266,3,3,4,Potential Loyalists,334
6794,141,2,3249,3,3,4,Potential Loyalists,334
6795,228,2,2746,2,3,4,At Risk (high value),234
6796,219,2,2983,2,3,4,At Risk (high value),234
6797,230,2,3921,2,3,5,At Risk (high value),235
6798,180,1,65,3,1,2,Needs Attention,312
6799,221,2,3058,2,3,4,At Risk (high value),234
6800,243,2,3908,2,3,5,At Risk (high value),235
6801,196,1,37,3,1,1,Needs Attention,311
6802,67,1,126,5,1,3,New Customers,513
6803,227,1,87,2,1,2,Hibernating,212
6804,242,2,2761,2,3,4,At Risk (high value),234
6805,216,1,74,2,1,2,Hibernating,212
6806,244,1,32,2,1,1,Hibernating,211
6807,346,1,65,1,1,2,Hibernating,112
6808,120,2,81,4,3,2,Potential Loyalists,432
6809,45,2,160,5,3,3,Potential Loyalists,533
6810,208,1,205,2,1,3,Hibernating,213
6811,247,2,88,2,3,2,Hibernating,232
6812,57,3,6990,5,4,5,Champions,545
6813,130,2,2983,4,3,4,Potential Loyalists,434
6814,238,2,3020,2,3,4,At Risk (high value),234
6815,67,2,134,5,3,3,Potential Loyalists,533
6816,221,2,3123,2,3,4,At Risk (high value),234
6817,212,1,37,2,1,1,Hibernating,211
6818,69,1,49,5,1,2,New Customers,512
6819,135,1,4,3,1,1,Needs Attention,311
6820,17,1,4,5,1,1,New Customers,511
6821,286,1,4,2,1,1,Hibernating,211
6822,286,1,6,2,1,1,Hibernating,211
6823,149,1,30,3,1,1,Needs Attention,311
6824,180,1,40,3,1,2,Needs Attention,312
6825,243,2,4334,2,3,5,At Risk (high value),235
6826,47,3,7016,5,4,5,Champions,545
6827,62,1,30,5,1,1,New Customers,511
6828,188,2,2755,3,3,4,Potential Loyalists,334
6829,148,2,3262,3,3,4,Potential Loyalists,334
6830,131,2,2983,4,3,4,Potential Loyalists,434
6831,188,2,2751,3,3,4,Potential Loyalists,334
6832,207,2,2750,2,3,4,At Risk (high value),234
6833,169,1,25,3,1,1,Needs Attention,311
6834,104,3,5999,4,4,5,Champions,445
6835,51,3,4158,5,4,5,Champions,545
6836,151,2,70,3,3,2,Potential Loyalists,332
6837,163,1,32,3,1,1,Needs Attention,311
6838,187,1,74,3,1,2,Needs Attention,312
6839,104,2,32,4,3,1,Potential Loyalists,431
6840,42,2,35,5,3,1,Potential Loyalists,531
6841,129,2,229,4,3,3,Potential Loyalists,433
6842,214,2,2804,2,3,4,At Risk (high value),234
6843,316,1,37,1,1,1,Hibernating,111
6844,276,1,94,2,1,3,Hibernating,213
6845,262,2,196,2,3,3,Hibernating,233
6846,330,1,25,1,1,1,Hibernating,111
6847,183,1,70,3,1,2,Needs Attention,312
6848,214,2,4144,2,3,5,At Risk (high value),235
6849,212,2,3918,2,3,5,At Risk (high value),235
6850,150,2,3025,3,3,4,Potential Loyalists,334
6851,347,1,79,1,1,2,Hibernating,112
6852,3,1,49,5,1,2,New Customers,512
6853,296,1,87,1,1,2,Hibernating,112
6854,186,1,30,3,1,1,Needs Attention,311
6855,57,1,65,5,1,2,New Customers,512
6856,44,2,190,5,3,3,Potential Loyalists,533
6857,137,1,32,3,1,1,Needs Attention,311
6858,214,1,25,2,1,1,Hibernating,211
6859,71,1,1701,5,1,4,New Customers,514
6860,137,1,1736,3,1,4,Needs Attention,314
6861,145,1,1778,3,1,4,Needs Attention,314
6862,67,1,1750,5,1,4,New Customers,514
6863,142,1,1751,3,1,4,Needs Attention,314
6864,150,1,68,3,1,2,Needs Attention,312
6865,144,1,1751,3,1,4,Needs Attention,314
6866,62,1,1790,5,1,4,New Customers,514
6867,140,1,1736,3,1,4,Needs Attention,314
6868,27,2,177,5,3,3,Potential Loyalists,533
6869,134,1,1736,3,1,4,Needs Attention,314
6870,145,1,1760,3,1,4,Needs Attention,314
6871,149,1,1701,3,1,4,Needs Attention,314
6872,123,1,1730,4,1,4,New Customers,414
6873,100,1,40,4,1,2,New Customers,412
6874,198,2,4203,3,3,5,Potential Loyalists,335
6875,70,1,35,5,1,1,New Customers,511
6876,257,1,25,2,1,1,Hibernating,211
6877,259,1,29,2,1,1,Hibernating,211
6878,257,1,188,2,1,3,Hibernating,213
6879,83,1,70,4,1,2,New Customers,412
6880,89,2,120,4,3,3,Potential Loyalists,433
6881,35,2,39,5,3,1,Potential Loyalists,531
6882,11,2,92,5,3,2,Potential Loyalists,532
6883,364,1,32,1,1,1,Hibernating,111
6884,156,1,79,3,1,2,Needs Attention,312
6885,179,1,30,3,1,1,Needs Attention,311
6886,169,2,2701,3,3,4,Potential Loyalists,334
6887,277,1,39,2,1,1,Hibernating,211
6888,131,1,65,4,1,2,New Customers,412
6889,142,1,30,3,1,1,Needs Attention,311
6890,189,2,3043,3,3,4,Potential Loyalists,334
6891,185,2,2754,3,3,4,Potential Loyalists,334
6892,176,2,2736,3,3,4,Potential Loyalists,334
6893,185,2,2788,3,3,4,Potential Loyalists,334
6894,197,2,3883,3,3,5,Potential Loyalists,335
6895,159,2,2710,3,3,4,Potential Loyalists,334
6896,290,1,30,1,1,1,Hibernating,111
6897,210,2,3044,2,3,4,At Risk (high value),234
6898,164,2,2779,3,3,4,Potential Loyalists,334
6899,194,2,4208,3,3,5,Potential Loyalists,335
6900,252,1,30,2,1,1,Hibernating,211
6901,170,2,2751,3,3,4,Potential Loyalists,334
6902,89,1,31,4,1,1,New Customers,411
6903,208,2,4158,2,3,5,At Risk (high value),235
6904,97,1,32,4,1,1,New Customers,411
6905,177,2,4733,3,3,5,Potential Loyalists,335
6906,81,1,25,4,1,1,New Customers,411
6907,56,1,21,5,1,1,New Customers,511
6908,114,1,27,4,1,1,New Customers,411
6909,324,1,35,1,1,1,Hibernating,111
6910,176,2,4761,3,3,5,Potential Loyalists,335
6911,129,2,4698,4,3,5,Potential Loyalists,435
6912,152,2,4698,3,3,5,Potential Loyalists,335
6913,127,2,4752,4,3,5,Potential Loyalists,435
6914,149,2,4733,3,3,5,Potential Loyalists,335
6915,138,2,4698,3,3,5,Potential Loyalists,335
6916,144,2,4792,3,3,5,Potential Loyalists,335
6917,123,2,4787,4,3,5,Potential Loyalists,435
6918,151,2,4733,3,3,5,Potential Loyalists,335
6919,144,2,4733,3,3,5,Potential Loyalists,335
6920,138,2,4733,3,3,5,Potential Loyalists,335
6921,117,2,4733,4,3,5,Potential Loyalists,435
6922,117,2,4698,4,3,5,Potential Loyalists,435
6923,116,2,4821,4,3,5,Potential Loyalists,435
6924,97,2,4752,4,3,5,Potential Loyalists,435
6925,103,2,4733,4,3,5,Potential Loyalists,435
6926,98,2,4698,4,3,5,Potential Loyalists,435
6927,68,2,4715,5,3,5,Potential Loyalists,535
6928,76,2,4725,4,3,5,Potential Loyalists,435
6929,188,2,3918,3,3,5,Potential Loyalists,335
6930,174,2,3897,3,3,5,Potential Loyalists,335
6931,133,1,70,4,1,2,New Customers,412
6932,155,1,30,3,1,1,Needs Attention,311
6933,158,2,2765,3,3,4,Potential Loyalists,334
6934,196,2,3103,3,3,4,Potential Loyalists,334
6935,163,2,3907,3,3,5,Potential Loyalists,335
6936,221,1,64,2,1,2,Hibernating,212
6937,286,1,65,2,1,2,Hibernating,212
6938,177,2,3069,3,3,4,Potential Loyalists,334
6939,25,1,37,5,1,1,New Customers,511
6940,26,1,37,5,1,1,New Customers,511
6941,176,2,3883,3,3,5,Potential Loyalists,335
6942,136,2,3932,3,3,5,Potential Loyalists,335
6943,128,2,3897,4,3,5,Potential Loyalists,435
6944,166,2,2782,3,3,4,Potential Loyalists,334
6945,163,2,2751,3,3,4,Potential Loyalists,334
6946,151,2,3961,3,3,5,Potential Loyalists,335
6947,132,2,3883,4,3,5,Potential Loyalists,435
6948,142,2,3933,3,3,5,Potential Loyalists,335
6949,168,2,3045,3,3,4,Potential Loyalists,334
6950,62,3,2605,5,4,4,Champions,544
6951,178,2,2732,3,3,4,Potential Loyalists,334
6952,208,1,27,2,1,1,Hibernating,211
6953,96,2,3942,4,3,5,Potential Loyalists,435
6954,163,1,85,3,1,2,Needs Attention,312
6955,254,1,35,2,1,1,Hibernating,211
6956,76,1,64,4,1,2,New Customers,412
6957,145,2,2431,3,3,4,Potential Loyalists,334
6958,128,2,2435,4,3,4,Potential Loyalists,434
6959,160,2,2812,3,3,4,Potential Loyalists,334
6960,157,2,2749,3,3,4,Potential Loyalists,334
6961,101,2,3001,4,3,4,Potential Loyalists,434
6962,86,1,74,4,1,2,New Customers,412
6963,163,2,2778,3,3,4,Potential Loyalists,334
6964,110,2,3933,4,3,5,Potential Loyalists,435
6965,93,3,5751,4,4,5,Champions,445
6966,116,2,3001,4,3,4,Potential Loyalists,434
6967,64,2,3262,5,3,4,Potential Loyalists,534
6968,32,1,32,5,1,1,New Customers,511
6969,157,2,3043,3,3,4,Potential Loyalists,334
6970,148,2,3040,3,3,4,Potential Loyalists,334
6971,303,1,27,1,1,1,Hibernating,111
6972,125,2,2435,4,3,4,Potential Loyalists,434
6973,151,2,2792,3,3,4,Potential Loyalists,334
6974,144,2,2551,3,3,4,Potential Loyalists,334
6975,130,2,2792,4,3,4,Potential Loyalists,434
6976,354,2,1518,1,3,4,At Risk (high value),134
6977,95,3,5802,4,4,5,Champions,445
6978,90,2,2966,4,3,4,Potential Loyalists,434
6979,51,2,3018,5,3,4,Potential Loyalists,534
6980,38,2,3001,5,3,4,Potential Loyalists,534
6981,103,2,4194,4,3,5,Potential Loyalists,435
6982,125,2,2983,4,3,4,Potential Loyalists,434
6983,300,2,1538,1,3,4,At Risk (high value),134
6984,113,3,5785,4,4,5,Champions,445
6985,107,3,6083,4,4,5,Champions,445
6986,103,3,6016,4,4,5,Champions,445
6987,69,3,5791,5,4,5,Champions,545
6988,122,2,2450,4,3,4,Potential Loyalists,434
6989,98,1,60,4,1,2,New Customers,412
6990,121,2,3933,4,3,5,Potential Loyalists,435
6991,111,2,2779,4,3,4,Potential Loyalists,434
6992,189,1,74,3,1,2,Needs Attention,312
6993,336,1,31,1,1,1,Hibernating,111
6994,360,1,79,1,1,2,Hibernating,112
6995,347,1,27,1,1,1,Hibernating,111
6996,148,1,27,3,1,1,Needs Attention,311
6997,122,2,2454,4,3,4,Potential Loyalists,434
6998,286,1,70,2,1,2,Hibernating,212
6999,116,2,4144,4,3,5,Potential Loyalists,435
7000,119,2,2454,4,3,4,Potential Loyalists,434
7001,104,2,3080,4,3,4,Potential Loyalists,434
7002,79,1,31,4,1,1,New Customers,411
7003,130,1,27,4,1,1,New Customers,411
7004,5,1,64,5,1,2,New Customers,512
7005,273,2,1518,2,3,4,At Risk (high value),234
7006,71,3,5806,5,4,5,Champions,545
7007,273,1,39,2,1,1,Hibernating,211
7008,186,1,39,3,1,1,Needs Attention,311
7009,115,2,2459,4,3,4,Potential Loyalists,434
7010,122,2,2435,4,3,4,Potential Loyalists,434
7011,98,2,2485,4,3,4,Potential Loyalists,434
7012,104,2,2590,4,3,4,Potential Loyalists,434
7013,88,1,25,4,1,1,New Customers,411
7014,15,1,27,5,1,1,New Customers,511
7015,298,1,94,1,1,3,Hibernating,113
7016,76,1,37,4,1,1,New Customers,411
7017,76,1,35,4,1,1,New Customers,411
7018,346,1,25,1,1,1,Hibernating,111
7019,143,1,52,3,1,2,Needs Attention,312
7020,63,3,5707,5,4,5,Champions,545
7021,159,1,39,3,1,1,Needs Attention,311
7022,93,2,2794,4,3,4,Potential Loyalists,434
7023,336,1,64,1,1,2,Hibernating,112
7024,120,1,188,4,1,3,New Customers,413
7025,303,1,150,1,1,3,Hibernating,113
7026,162,1,37,3,1,1,Needs Attention,311
7027,58,2,2988,5,3,4,Potential Loyalists,534
7028,116,2,3918,4,3,5,Potential Loyalists,435
7029,60,2,3001,5,3,4,Potential Loyalists,534
7030,156,1,83,3,1,2,Needs Attention,312
7031,329,1,65,1,1,2,Hibernating,112
7032,258,1,25,2,1,1,Hibernating,211
7033,269,1,144,2,1,3,Hibernating,213
7034,150,1,25,3,1,1,Needs Attention,311
7035,253,1,64,2,1,2,Hibernating,212
7036,34,1,64,5,1,2,New Customers,512
7037,307,1,25,1,1,1,Hibernating,111
7038,142,1,49,3,1,2,Needs Attention,312
7039,114,2,2435,4,3,4,Potential Loyalists,434
7040,119,2,2450,4,3,4,Potential Loyalists,434
7041,214,1,194,2,1,3,Hibernating,213
7042,196,1,32,3,1,1,Needs Attention,311
7043,303,1,30,1,1,1,Hibernating,111
7044,254,1,35,2,1,1,Hibernating,211
7045,144,1,32,3,1,1,Needs Attention,311
7046,96,2,3942,4,3,5,Potential Loyalists,435
7047,114,2,2435,4,3,4,Potential Loyalists,434
7048,111,2,2736,4,3,4,Potential Loyalists,434
7049,72,1,65,5,1,2,New Customers,512
7050,138,1,1786,3,1,4,Needs Attention,314
7051,142,1,1751,3,1,4,Needs Attention,314
7052,58,1,1736,5,1,4,New Customers,514
7053,134,1,1736,3,1,4,Needs Attention,314
7054,352,1,7,1,1,1,Hibernating,111
7055,111,2,107,4,3,3,Potential Loyalists,433
7056,173,2,144,3,3,3,Potential Loyalists,333
7057,145,1,1726,3,1,4,Needs Attention,314
7058,149,1,1701,3,1,4,Needs Attention,314
7059,148,1,40,3,1,2,Needs Attention,312
7060,144,1,1715,3,1,4,Needs Attention,314
7061,150,1,1701,3,1,4,Needs Attention,314
7062,199,1,5,3,1,1,Needs Attention,311
7063,129,1,64,4,1,2,New Customers,412
7064,309,1,55,1,1,2,Hibernating,112
7065,313,1,59,1,1,2,Hibernating,112
7066,110,2,156,4,3,3,Potential Loyalists,433
7067,78,1,2345,4,1,4,New Customers,414
7068,73,1,2381,5,1,4,New Customers,514
7069,90,1,2440,4,1,4,New Customers,414
7070,181,1,5,3,1,1,Needs Attention,311
7071,6,1,5,5,1,1,New Customers,511
7072,279,1,69,2,1,2,Hibernating,212
7073,144,1,5,3,1,1,Needs Attention,311
7074,9,1,14,5,1,1,New Customers,511
7075,194,1,59,3,1,2,Needs Attention,312
7076,85,1,2395,4,1,4,New Customers,414
7077,92,1,68,4,1,2,New Customers,412
7078,20,2,160,5,3,3,Potential Loyalists,533
7079,129,2,201,4,3,3,Potential Loyalists,433
7080,135,1,1701,3,1,4,Needs Attention,314
7081,147,1,1738,3,1,4,Needs Attention,314
7082,183,2,52,3,3,2,Potential Loyalists,332
7083,82,1,68,4,1,2,New Customers,412
7084,213,1,90,2,1,2,Hibernating,212
7085,132,1,1775,4,1,4,New Customers,414
7086,124,1,1765,4,1,4,New Customers,414
7087,140,1,1724,3,1,4,Needs Attention,314
7088,153,1,14,3,1,1,Needs Attention,311
7089,139,1,1736,3,1,4,Needs Attention,314
7090,61,1,1736,5,1,4,New Customers,514
7091,253,2,65,2,3,2,Hibernating,232
7092,55,1,1751,5,1,4,New Customers,514
7093,58,1,1789,5,1,4,New Customers,514
7094,227,1,14,2,1,1,Hibernating,211
7095,344,1,69,1,1,2,Hibernating,112
7096,358,1,59,1,1,2,Hibernating,112
7097,145,1,1736,3,1,4,Needs Attention,314
7098,313,1,40,1,1,2,Hibernating,112
7099,145,1,1755,3,1,4,Needs Attention,314
7100,233,1,5,2,1,1,Hibernating,211
7101,196,1,60,3,1,2,Needs Attention,312
7102,72,1,64,5,1,2,New Customers,512
7103,359,1,5,1,1,1,Hibernating,111
7104,50,1,1736,5,1,4,New Customers,514
7105,302,1,14,1,1,1,Hibernating,111
7106,309,1,40,1,1,2,Hibernating,112
7107,283,1,5,2,1,1,Hibernating,211
7108,26,1,14,5,1,1,New Customers,511
7109,150,1,1736,3,1,4,Needs Attention,314
7110,340,1,124,1,1,3,Hibernating,113
7111,360,1,21,1,1,1,Hibernating,111
7112,348,1,5,1,1,1,Hibernating,111
7113,233,1,64,2,1,2,Hibernating,212
7114,83,1,2392,4,1,4,New Customers,414
7115,15,1,59,5,1,2,New Customers,512
7116,67,1,14,5,1,1,New Customers,511
7117,109,1,2377,4,1,4,New Customers,414
7118,37,1,14,5,1,1,New Customers,511
7119,61,1,1751,5,1,4,New Customers,514
7120,102,1,14,4,1,1,New Customers,411
7121,145,1,1726,3,1,4,Needs Attention,314
7122,135,1,1794,3,1,4,Needs Attention,314
7123,96,1,2440,4,1,4,New Customers,414
7124,332,1,5,1,1,1,Hibernating,111
7125,135,1,57,3,1,2,Needs Attention,312
7126,180,3,5739,3,4,5,Loyal,345
7127,68,3,6946,5,4,5,Champions,545
7128,71,3,6982,5,4,5,Champions,545
7129,289,1,86,1,1,2,Hibernating,112
7130,238,1,96,2,1,3,Hibernating,213
7131,173,3,5743,3,4,5,Loyal,345
7132,143,2,3021,3,3,4,Potential Loyalists,334
7133,142,2,3034,3,3,4,Potential Loyalists,334
7134,142,3,5780,3,4,5,Loyal,345
7135,137,3,5732,3,4,5,Loyal,345
7136,73,3,6922,5,4,5,Champions,545
7137,69,3,6905,5,4,5,Champions,545
7138,143,2,3043,3,3,4,Potential Loyalists,334
7139,54,1,76,5,1,2,New Customers,512
7140,143,3,5764,3,4,5,Loyal,345
7141,136,3,5741,3,4,5,Loyal,345
7142,44,3,6973,5,4,5,Champions,545
7143,93,1,24,4,1,1,New Customers,411
7144,144,2,3063,3,3,4,Potential Loyalists,334
7145,60,1,32,5,1,1,New Customers,511
7146,353,1,72,1,1,2,Hibernating,112
7147,98,1,32,4,1,1,New Customers,411
7148,41,3,6931,5,4,5,Champions,545
7149,265,2,1518,2,3,4,At Risk (high value),234
7150,90,2,50,4,3,2,Potential Loyalists,432
7151,342,1,77,1,1,2,Hibernating,112
7152,312,1,77,1,1,2,Hibernating,112
7153,337,1,77,1,1,2,Hibernating,112
7154,27,1,5,5,1,1,New Customers,511
7155,247,1,66,2,1,2,Hibernating,212
7156,22,2,135,5,3,3,Potential Loyalists,533
7157,35,2,82,5,3,2,Potential Loyalists,532
7158,140,2,3399,3,3,5,Potential Loyalists,335
7159,57,3,6870,5,4,5,Champions,545
7160,6,1,22,5,1,1,New Customers,511
7161,47,3,4620,5,4,5,Champions,545
7162,250,1,7,2,1,1,Hibernating,211
7163,111,1,7,4,1,1,New Customers,411
7164,130,2,3044,4,3,4,Potential Loyalists,434
7165,124,2,3330,4,3,5,Potential Loyalists,435
7166,117,2,82,4,3,2,Potential Loyalists,432
7167,49,3,7200,5,4,5,Champions,545
7168,146,2,3405,3,3,5,Potential Loyalists,335
7169,42,3,6908,5,4,5,Champions,545
7170,309,1,7,1,1,1,Hibernating,111
7171,327,1,40,1,1,2,Hibernating,112
7172,151,2,3319,3,3,5,Potential Loyalists,335
7173,4,2,77,5,3,2,Potential Loyalists,532
7174,55,3,7189,5,4,5,Champions,545
7175,364,1,7,1,1,1,Hibernating,111
7176,126,2,3064,4,3,4,Potential Loyalists,434
7177,133,2,3345,4,3,5,Potential Loyalists,435
7178,51,3,7044,5,4,5,Champions,545
7179,1,2,51,5,3,2,Potential Loyalists,532
7180,287,1,5,2,1,1,Hibernating,211
7181,264,1,13,2,1,1,Hibernating,211
7182,237,2,186,2,3,3,Hibernating,233
7183,295,1,5,1,1,1,Hibernating,111
7184,142,2,3343,3,3,5,Potential Loyalists,335
7185,105,1,90,4,1,2,New Customers,412
7186,140,2,3332,3,3,5,Potential Loyalists,335
7187,176,2,140,3,3,3,Potential Loyalists,333
7188,240,1,45,2,1,2,Hibernating,212
7189,174,2,6093,3,3,5,Potential Loyalists,335
7190,248,2,4118,2,3,5,At Risk (high value),235
7191,131,2,31,4,3,1,Potential Loyalists,431
7192,82,2,95,4,3,3,Potential Loyalists,433
7193,168,2,64,3,3,2,Potential Loyalists,332
7194,180,2,4145,3,3,5,Potential Loyalists,335
7195,177,2,86,3,3,2,Potential Loyalists,332
7196,63,2,95,5,3,3,Potential Loyalists,533
7197,160,2,4133,3,3,5,Potential Loyalists,335
7198,131,2,31,4,3,1,Potential Loyalists,431
7199,97,2,4143,4,3,5,Potential Loyalists,435
7200,211,2,100,2,3,3,Hibernating,233
7201,122,2,4150,4,3,5,Potential Loyalists,435
7202,105,2,4157,4,3,5,Potential Loyalists,435
7203,74,2,4143,4,3,5,Potential Loyalists,435
7204,74,2,4172,4,3,5,Potential Loyalists,435
7205,77,2,4133,4,3,5,Potential Loyalists,435
7206,385,2,6056,1,3,5,At Risk (high value),135
7207,208,2,66,2,3,2,Hibernating,232
7208,372,2,6089,1,3,5,At Risk (high value),135
7209,395,2,6035,1,3,5,At Risk (high value),135
7210,385,2,6056,1,3,5,At Risk (high value),135
7211,374,2,6044,1,3,5,At Risk (high value),135
7212,191,2,66,3,3,2,Potential Loyalists,332
7213,391,2,6029,1,3,5,At Risk (high value),135
7214,378,2,6070,1,3,5,At Risk (high value),135
7215,383,2,6093,1,3,5,At Risk (high value),135
7216,90,2,151,4,3,3,Potential Loyalists,433
7217,86,2,39,4,3,1,Potential Loyalists,431
7218,382,2,6056,1,3,5,At Risk (high value),135
7219,385,2,6021,1,3,5,At Risk (high value),135
7220,375,2,6038,1,3,5,At Risk (high value),135
7221,387,2,6021,1,3,5,At Risk (high value),135
7222,156,2,46,3,3,2,Potential Loyalists,332
7223,375,2,6044,1,3,5,At Risk (high value),135
7224,338,1,40,1,1,2,Hibernating,112
7225,85,1,2394,4,1,4,New Customers,414
7226,85,1,2350,4,1,4,New Customers,414
7227,101,1,1726,4,1,4,New Customers,414
7228,122,1,1730,4,1,4,New Customers,414
7229,117,1,1710,4,1,4,New Customers,414
7230,95,1,1701,4,1,4,New Customers,414
7231,68,1,5,5,1,1,New Customers,511
7232,63,1,2415,5,1,4,New Customers,514
7233,82,1,2370,4,1,4,New Customers,414
7234,122,1,1732,4,1,4,New Customers,414
7235,114,1,1755,4,1,4,New Customers,414
7236,151,1,40,3,1,2,Needs Attention,312
7237,103,1,2415,4,1,4,New Customers,414
7238,121,1,2319,4,1,4,New Customers,414
7239,369,2,6030,1,3,5,At Risk (high value),135
7240,397,2,6030,1,3,5,At Risk (high value),135
7241,386,2,6098,1,3,5,At Risk (high value),135
7242,376,2,6058,1,3,5,At Risk (high value),135
7243,369,2,6122,1,3,5,At Risk (high value),135
7244,387,2,6058,1,3,5,At Risk (high value),135
7245,381,2,6021,1,3,5,At Risk (high value),135
7246,159,2,6021,3,3,5,Potential Loyalists,335
7247,388,2,6030,1,3,5,At Risk (high value),135
7248,98,2,85,4,3,2,Potential Loyalists,432
7249,338,2,6037,1,3,5,At Risk (high value),135
7250,358,2,6044,1,3,5,At Risk (high value),135
7251,364,2,6058,1,3,5,At Risk (high value),135
7252,360,2,6035,1,3,5,At Risk (high value),135
7253,355,2,6021,1,3,5,At Risk (high value),135
7254,168,2,46,3,3,2,Potential Loyalists,332
7255,360,2,6021,1,3,5,At Risk (high value),135
7256,182,2,6067,3,3,5,Potential Loyalists,335
7257,127,2,99,4,3,3,Potential Loyalists,433
7258,164,2,116,3,3,3,Potential Loyalists,333
7259,92,2,46,4,3,2,Potential Loyalists,432
7260,213,2,31,2,3,1,Hibernating,231
7261,337,2,6035,1,3,5,At Risk (high value),135
7262,149,2,86,3,3,2,Potential Loyalists,332
7263,37,2,142,5,3,3,Potential Loyalists,533
7264,56,2,127,5,3,3,Potential Loyalists,533
7265,103,2,70,4,3,2,Potential Loyalists,432
7266,91,2,65,4,3,2,Potential Loyalists,432
7267,163,2,72,3,3,2,Potential Loyalists,332
7268,58,2,65,5,3,2,Potential Loyalists,532
7269,155,2,6102,3,3,5,Potential Loyalists,335
7270,134,2,6113,3,3,5,Potential Loyalists,335
7271,202,2,95,3,3,3,Potential Loyalists,333
7272,36,2,120,5,3,3,Potential Loyalists,533
7273,361,2,6056,1,3,5,At Risk (high value),135
7274,344,2,6104,1,3,5,At Risk (high value),135
7275,95,2,31,4,3,1,Potential Loyalists,431
7276,359,2,6021,1,3,5,At Risk (high value),135
7277,152,2,6106,3,3,5,Potential Loyalists,335
7278,144,2,6070,3,3,5,Potential Loyalists,335
7279,197,2,159,3,3,3,Potential Loyalists,333
7280,49,2,162,5,3,3,Potential Loyalists,533
7281,38,2,127,5,3,3,Potential Loyalists,533
7282,135,2,6080,3,3,5,Potential Loyalists,335
7283,134,2,31,3,3,1,Potential Loyalists,331
7284,29,2,129,5,3,3,Potential Loyalists,533
7285,337,2,6029,1,3,5,At Risk (high value),135
7286,164,2,142,3,3,3,Potential Loyalists,333
7287,56,2,142,5,3,3,Potential Loyalists,533
7288,316,2,72,1,3,2,Hibernating,132
7289,358,2,6093,1,3,5,At Risk (high value),135
7290,14,2,95,5,3,3,Potential Loyalists,533
7291,95,2,85,4,3,2,Potential Loyalists,432
7292,108,2,31,4,3,1,Potential Loyalists,431
7293,119,2,39,4,3,1,Potential Loyalists,431
7294,363,2,74,1,3,2,Hibernating,132
7295,73,2,78,5,3,2,Potential Loyalists,532
7296,262,2,144,2,3,3,Hibernating,233
7297,347,2,6117,1,3,5,At Risk (high value),135
7298,337,2,6119,1,3,5,At Risk (high value),135
7299,155,2,24,3,3,1,Potential Loyalists,331
7300,181,2,32,3,3,1,Potential Loyalists,331
7301,168,2,65,3,3,2,Potential Loyalists,332
7302,366,2,6056,1,3,5,At Risk (high value),135
7303,358,2,6029,1,3,5,At Risk (high value),135
7304,344,2,6030,1,3,5,At Risk (high value),135
7305,28,2,26,5,3,1,Potential Loyalists,531
7306,112,2,161,4,3,3,Potential Loyalists,433
7307,190,2,88,3,3,2,Potential Loyalists,332
7308,356,2,6021,1,3,5,At Risk (high value),135
7309,360,2,6037,1,3,5,At Risk (high value),135
7310,365,2,6090,1,3,5,At Risk (high value),135
7311,231,1,21,2,1,1,Hibernating,211
7312,45,1,14,5,1,1,New Customers,511
7313,302,1,15,1,1,1,Hibernating,111
7314,60,1,7,5,1,1,New Customers,511
7315,210,3,115,2,4,3,Loyal,243
7316,216,1,7,2,1,1,Hibernating,211
7317,96,1,7,4,1,1,New Customers,411
7318,10,3,84,5,4,2,Potential Loyalists,542
7319,120,1,1760,4,1,4,New Customers,414
7320,280,1,60,2,1,2,Hibernating,212
7321,30,3,222,5,4,3,Loyal,543
7322,308,1,13,1,1,1,Hibernating,111
7323,40,3,148,5,4,3,Loyal,543
7324,194,1,40,3,1,2,Needs Attention,312
7325,42,1,1736,5,1,4,New Customers,514
7326,254,2,109,2,3,3,Hibernating,233
7327,20,2,98,5,3,3,Potential Loyalists,533
7328,307,1,14,1,1,1,Hibernating,111
7329,112,1,7,4,1,1,New Customers,411
7330,97,3,146,4,4,3,Loyal,443
7331,24,2,89,5,3,2,Potential Loyalists,532
7332,72,2,4752,5,3,5,Potential Loyalists,535
7333,68,2,4752,5,3,5,Potential Loyalists,535
7334,36,1,27,5,1,1,New Customers,511
7335,92,2,4698,4,3,5,Potential Loyalists,435
7336,70,2,6035,5,3,5,Potential Loyalists,535
7337,41,2,6144,5,3,5,Potential Loyalists,535
7338,57,2,6021,5,3,5,Potential Loyalists,535
7339,48,2,6124,5,3,5,Potential Loyalists,535
7340,108,1,14,4,1,1,New Customers,411
7341,82,1,40,4,1,2,New Customers,412
7342,17,1,68,5,1,2,New Customers,512
7343,248,1,40,2,1,2,Hibernating,212
7344,166,1,40,3,1,2,Needs Attention,312
7345,102,1,1760,4,1,4,New Customers,414
7346,90,2,116,4,3,3,Potential Loyalists,433
7347,343,1,14,1,1,1,Hibernating,111
7348,195,1,40,3,1,2,Needs Attention,312
7349,338,1,29,1,1,1,Hibernating,111
7350,310,1,40,1,1,2,Hibernating,112
7351,101,1,1736,4,1,4,New Customers,414
7352,67,1,2320,5,1,4,New Customers,514
7353,81,1,2335,4,1,4,New Customers,414
7354,83,1,2317,4,1,4,New Customers,414
7355,281,1,133,2,1,3,Hibernating,213
7356,39,2,151,5,3,3,Potential Loyalists,533
7357,31,2,150,5,3,3,Potential Loyalists,533
7358,90,1,2310,4,1,4,New Customers,414
7359,294,1,40,1,1,2,Hibernating,112
7360,18,1,69,5,1,2,New Customers,512
7361,122,1,1751,4,1,4,New Customers,414
7362,114,1,1751,4,1,4,New Customers,414
7363,60,1,1725,5,1,4,New Customers,514
7364,40,1,1701,5,1,4,New Customers,514
7365,325,1,125,1,1,3,Hibernating,113
7366,240,1,40,2,1,2,Hibernating,212
7367,106,1,1775,4,1,4,New Customers,414
7368,13,1,21,5,1,1,New Customers,511
7369,41,1,1755,5,1,4,New Customers,514
7370,109,1,1726,4,1,4,New Customers,414
7371,107,1,1701,4,1,4,New Customers,414
7372,111,1,1755,4,1,4,New Customers,414
7373,48,1,1760,5,1,4,New Customers,514
7374,108,1,1764,4,1,4,New Customers,414
7375,318,1,13,1,1,1,Hibernating,111
7376,40,1,2345,5,1,4,New Customers,514
7377,44,1,2370,5,1,4,New Customers,514
7378,115,1,2395,4,1,4,New Customers,414
7379,59,1,2440,5,1,4,New Customers,514
7380,96,1,2362,4,1,4,New Customers,414
7381,208,1,13,2,1,1,Hibernating,211
7382,51,1,2359,5,1,4,New Customers,514
7383,124,2,205,4,3,3,Potential Loyalists,433
7384,180,1,14,3,1,1,Needs Attention,311
7385,354,1,104,1,1,3,Hibernating,113
7386,15,1,5,5,1,1,New Customers,511
7387,50,1,2310,5,1,4,New Customers,514
7388,301,1,5,1,1,1,Hibernating,111
7389,41,1,2337,5,1,4,New Customers,514
7390,111,1,2401,4,1,4,New Customers,414
7391,88,2,142,4,3,3,Potential Loyalists,433
7392,299,2,101,1,3,3,Hibernating,133
7393,102,1,2343,4,1,4,New Customers,414
7394,58,1,2295,5,1,4,New Customers,514
7395,44,1,2297,5,1,4,New Customers,514
7396,54,1,2375,5,1,4,New Customers,514
7397,138,1,29,3,1,1,Needs Attention,311
7398,83,1,5,4,1,1,New Customers,411
7399,50,1,2351,5,1,4,New Customers,514
7400,57,1,2335,5,1,4,New Customers,514
7401,32,1,2410,5,1,4,New Customers,514
7402,94,1,2295,4,1,4,New Customers,414
7403,153,1,5,3,1,1,Needs Attention,311
7404,34,1,2319,5,1,4,New Customers,514
7405,138,1,5,3,1,1,Needs Attention,311
7406,191,1,5,3,1,1,Needs Attention,311
7407,36,1,2355,5,1,4,New Customers,514
7408,106,2,63,4,3,2,Potential Loyalists,432
7409,84,1,13,4,1,1,New Customers,411
7410,122,1,1728,4,1,4,New Customers,414
7411,121,1,59,4,1,2,New Customers,412
7412,191,2,57,3,3,2,Potential Loyalists,332
7413,40,1,2320,5,1,4,New Customers,514
7414,36,1,2396,5,1,4,New Customers,514
7415,114,1,1760,4,1,4,New Customers,414
7416,37,1,2455,5,1,4,New Customers,514
7417,56,1,2370,5,1,4,New Customers,514
7418,179,1,40,3,1,2,Needs Attention,312
7419,32,1,2322,5,1,4,New Customers,514
7420,13,1,40,5,1,2,New Customers,512
7421,53,1,2415,5,1,4,New Customers,514
7422,95,1,5,4,1,1,New Customers,411
7423,52,1,2352,5,1,4,New Customers,514
7424,310,1,5,1,1,1,Hibernating,111
7425,327,1,5,1,1,1,Hibernating,111
7426,140,1,5,3,1,1,Needs Attention,311
7427,35,1,2362,5,1,4,New Customers,514
7428,49,1,2334,5,1,4,New Customers,514
7429,52,1,2332,5,1,4,New Customers,514
7430,51,1,2342,5,1,4,New Customers,514
7431,99,1,1775,4,1,4,New Customers,414
7432,101,1,1755,4,1,4,New Customers,414
7433,53,1,2351,5,1,4,New Customers,514
7434,109,1,2330,4,1,4,New Customers,414
7435,33,1,5,5,1,1,New Customers,511
7436,53,1,2377,5,1,4,New Customers,514
7437,47,1,2295,5,1,4,New Customers,514
7438,57,1,2360,5,1,4,New Customers,514
7439,98,1,1710,4,1,4,New Customers,414
7440,119,1,1701,4,1,4,New Customers,414
7441,107,1,1775,4,1,4,New Customers,414
7442,48,1,2381,5,1,4,New Customers,514
7443,45,1,2312,5,1,4,New Customers,514
7444,43,1,60,5,1,2,New Customers,512
7445,31,1,25,5,1,1,New Customers,511
7446,232,1,21,2,1,1,Hibernating,211
7447,129,1,21,4,1,1,New Customers,411
7448,257,1,21,2,1,1,Hibernating,211
7449,108,1,1736,4,1,4,New Customers,414
7450,209,2,101,2,3,3,Hibernating,233
7451,92,1,25,4,1,1,New Customers,411
7452,69,1,75,5,1,2,New Customers,512
7453,81,2,4752,4,3,5,Potential Loyalists,435
7454,86,1,5,4,1,1,New Customers,411
7455,365,1,69,1,1,2,Hibernating,112
7456,74,1,64,4,1,2,New Customers,412
7457,86,1,13,4,1,1,New Customers,411
7458,53,2,4826,5,3,5,Potential Loyalists,535
7459,47,2,4733,5,3,5,Potential Loyalists,535
7460,242,1,589,2,1,3,Hibernating,213
7461,55,1,2342,5,1,4,New Customers,514
7462,53,2,4747,5,3,5,Potential Loyalists,535
7463,48,2,4752,5,3,5,Potential Loyalists,535
7464,58,2,4725,5,3,5,Potential Loyalists,535
7465,43,2,4698,5,3,5,Potential Loyalists,535
7466,42,2,4752,5,3,5,Potential Loyalists,535
7467,20,2,98,5,3,3,Potential Loyalists,533
7468,394,2,5279,1,3,5,At Risk (high value),135
7469,391,2,5333,1,3,5,At Risk (high value),135
7470,349,2,6021,1,3,5,At Risk (high value),135
7471,364,2,6021,1,3,5,At Risk (high value),135
7472,195,1,540,3,1,3,Needs Attention,313
7473,25,1,79,5,1,2,New Customers,512
7474,176,1,127,3,1,3,Needs Attention,313
7475,119,1,40,4,1,2,New Customers,412
7476,209,1,617,2,1,3,Hibernating,213
7477,209,1,617,2,1,3,Hibernating,213
7478,340,1,14,1,1,1,Hibernating,111
7479,53,1,2381,5,1,4,New Customers,514
7480,42,1,2352,5,1,4,New Customers,514
7481,42,1,2330,5,1,4,New Customers,514
7482,56,1,2319,5,1,4,New Customers,514
7483,359,2,6030,1,3,5,At Risk (high value),135
7484,350,2,6056,1,3,5,At Risk (high value),135
7485,358,2,6093,1,3,5,At Risk (high value),135
7486,337,2,6063,1,3,5,At Risk (high value),135
7487,332,2,6021,1,3,5,At Risk (high value),135
7488,316,2,6021,1,3,5,At Risk (high value),135
7489,331,2,6056,1,3,5,At Risk (high value),135
7490,333,2,6080,1,3,5,At Risk (high value),135
7491,309,2,6029,1,3,5,At Risk (high value),135
7492,306,2,6056,1,3,5,At Risk (high value),135
7493,179,2,218,3,3,3,Potential Loyalists,333
7494,316,2,6029,1,3,5,At Risk (high value),135
7495,325,2,6037,1,3,5,At Risk (high value),135
7496,317,2,6021,1,3,5,At Risk (high value),135
7497,317,2,6122,1,3,5,At Risk (high value),135
7498,50,1,2330,5,1,4,New Customers,514
7499,143,1,55,3,1,2,Needs Attention,312
7500,11,1,5,5,1,1,New Customers,511
7501,49,1,40,5,1,2,New Customers,512
7502,119,1,1751,4,1,4,New Customers,414
7503,117,1,1760,4,1,4,New Customers,414
7504,4,1,124,5,1,3,New Customers,513
7505,204,1,129,3,1,3,Needs Attention,313
7506,8,1,14,5,1,1,New Customers,511
7507,118,2,102,4,3,3,Potential Loyalists,433
7508,26,1,104,5,1,3,New Customers,513
7509,47,1,2360,5,1,4,New Customers,514
7510,253,1,60,2,1,2,Hibernating,212
7511,273,1,5,2,1,1,Hibernating,211
7512,45,1,2466,5,1,4,New Customers,514
7513,54,1,2350,5,1,4,New Customers,514
7514,55,1,2342,5,1,4,New Customers,514
7515,53,1,2390,5,1,4,New Customers,514
7516,45,1,2397,5,1,4,New Customers,514
7517,34,1,2405,5,1,4,New Customers,514
7518,135,1,79,3,1,2,Needs Attention,312
7519,38,1,2380,5,1,4,New Customers,514
7520,53,1,2362,5,1,4,New Customers,514
7521,288,1,79,2,1,2,Hibernating,212
7522,317,1,120,1,1,3,Hibernating,113
7523,311,1,70,1,1,2,Hibernating,112
7524,178,2,161,3,3,3,Potential Loyalists,333
7525,58,2,196,5,3,3,Potential Loyalists,533
7526,54,1,1736,5,1,4,New Customers,514
7527,36,1,2318,5,1,4,New Customers,514
7528,61,1,2320,5,1,4,New Customers,514
7529,55,1,2382,5,1,4,New Customers,514
7530,1,1,40,5,1,2,New Customers,512
7531,345,1,114,1,1,3,Hibernating,113
7532,142,1,5,3,1,1,Needs Attention,311
7533,44,1,2345,5,1,4,New Customers,514
7534,37,1,2406,5,1,4,New Customers,514
7535,332,1,55,1,1,2,Hibernating,112
7536,4,2,52,5,3,2,Potential Loyalists,532
7537,82,1,55,4,1,2,New Customers,412
7538,54,1,2295,5,1,4,New Customers,514
7539,37,1,2320,5,1,4,New Customers,514
7540,34,1,2357,5,1,4,New Customers,514
7541,35,1,2401,5,1,4,New Customers,514
7542,117,2,94,4,3,3,Potential Loyalists,433
7543,205,1,124,3,1,3,Needs Attention,313
7544,112,1,1736,4,1,4,New Customers,414
7545,393,1,1155,1,1,3,Hibernating,113
7546,116,1,1726,4,1,4,New Customers,414
7547,291,1,29,1,1,1,Hibernating,111
7548,36,1,2352,5,1,4,New Customers,514
7549,115,1,1755,4,1,4,New Customers,414
7550,343,1,1169,1,1,4,At Risk (high value),114
7551,54,1,64,5,1,2,New Customers,512
7552,122,1,1710,4,1,4,New Customers,414
7553,318,1,5,1,1,1,Hibernating,111
7554,116,1,1701,4,1,4,New Customers,414
7555,301,2,156,1,3,3,Hibernating,133
7556,21,1,5,5,1,1,New Customers,511
7557,93,1,1701,4,1,4,New Customers,414
7558,352,1,1179,1,1,4,At Risk (high value),114
7559,104,1,1751,4,1,4,New Customers,414
7560,101,1,1736,4,1,4,New Customers,414
7561,55,1,2367,5,1,4,New Customers,514
7562,33,1,2390,5,1,4,New Customers,514
7563,111,1,1732,4,1,4,New Customers,414
7564,65,1,1751,5,1,4,New Customers,514
7565,92,1,1715,4,1,4,New Customers,414
7566,68,1,1789,5,1,4,New Customers,514
7567,45,1,2379,5,1,4,New Customers,514
7568,74,1,1701,4,1,4,New Customers,414
7569,74,1,1732,4,1,4,New Customers,414
7570,357,1,5,1,1,1,Hibernating,111
7571,326,1,1174,1,1,4,At Risk (high value),114
7572,316,1,1120,1,1,3,Hibernating,113
7573,262,1,14,2,1,1,Hibernating,211
7574,215,2,83,2,3,2,Hibernating,232
7575,306,1,40,1,1,2,Hibernating,112
7576,106,1,79,4,1,2,New Customers,412
7577,74,1,79,4,1,2,New Customers,412
7578,330,1,70,1,1,2,Hibernating,112
7579,50,1,2352,5,1,4,New Customers,514
7580,93,1,70,4,1,2,New Customers,412
7581,291,1,1170,1,1,4,At Risk (high value),114
7582,48,1,2352,5,1,4,New Customers,514
7583,43,1,2319,5,1,4,New Customers,514
7584,355,1,120,1,1,3,Hibernating,113
7585,327,1,124,1,1,3,Hibernating,113
7586,94,1,79,4,1,2,New Customers,412
7587,34,1,2322,5,1,4,New Customers,514
7588,104,1,70,4,1,2,New Customers,412
7589,118,1,120,4,1,3,New Customers,413
7590,75,1,1769,4,1,4,New Customers,414
7591,252,1,120,2,1,3,Hibernating,213
7592,329,1,120,1,1,3,Hibernating,113
7593,61,1,2295,5,1,4,New Customers,514
7594,331,1,70,1,1,2,Hibernating,112
7595,44,1,2326,5,1,4,New Customers,514
7596,95,1,2330,4,1,4,New Customers,414
7597,73,1,1775,5,1,4,New Customers,514
7598,74,1,1760,4,1,4,New Customers,414
7599,74,1,1701,4,1,4,New Customers,414
7600,264,1,79,2,1,2,Hibernating,212
7601,199,2,52,3,3,2,Potential Loyalists,332
7602,317,1,70,1,1,2,Hibernating,112
7603,294,1,120,1,1,3,Hibernating,113
7604,300,1,1205,1,1,4,At Risk (high value),114
7605,43,2,59,5,3,2,Potential Loyalists,532
7606,87,1,1736,4,1,4,New Customers,414
7607,79,1,1751,4,1,4,New Customers,414
7608,64,1,1751,5,1,4,New Customers,514
7609,65,1,1715,5,1,4,New Customers,514
7610,75,1,1786,4,1,4,New Customers,414
7611,34,1,2297,5,1,4,New Customers,514
7612,55,1,2392,5,1,4,New Customers,514
7613,162,1,120,3,1,3,Needs Attention,313
7614,44,1,2342,5,1,4,New Customers,514
7615,40,1,2320,5,1,4,New Customers,514
7616,47,1,2335,5,1,4,New Customers,514
7617,64,1,1730,5,1,4,New Customers,514
7618,292,1,1147,1,1,3,Hibernating,113
7619,8,1,32,5,1,1,New Customers,511
7620,200,1,39,3,1,1,Needs Attention,311
7621,45,2,3001,5,3,4,Potential Loyalists,534
7622,326,2,3033,1,3,4,At Risk (high value),134
7623,66,1,65,5,1,2,New Customers,512
7624,172,1,37,3,1,1,Needs Attention,311
7625,334,1,30,1,1,1,Hibernating,111
7626,102,2,2754,4,3,4,Potential Loyalists,434
7627,90,3,4644,4,4,5,Champions,445
7628,215,2,3027,2,3,4,At Risk (high value),234
7629,241,1,129,2,1,3,Hibernating,213
7630,162,1,25,3,1,1,Needs Attention,311
7631,44,1,49,5,1,2,New Customers,512
7632,56,1,25,5,1,1,New Customers,511
7633,343,1,32,1,1,1,Hibernating,111
7634,106,2,2794,4,3,4,Potential Loyalists,434
7635,94,2,2427,4,3,4,Potential Loyalists,434
7636,349,1,163,1,1,3,Hibernating,113
7637,154,1,59,3,1,2,Needs Attention,312
7638,95,2,122,4,3,3,Potential Loyalists,433
7639,68,1,1760,5,1,4,New Customers,514
7640,64,1,1701,5,1,4,New Customers,514
7641,327,1,40,1,1,2,Hibernating,112
7642,298,1,1120,1,1,3,Hibernating,113
7643,24,2,216,5,3,3,Potential Loyalists,533
7644,49,1,2320,5,1,4,New Customers,514
7645,204,2,136,3,3,3,Potential Loyalists,333
7646,83,1,1701,4,1,4,New Customers,414
7647,74,1,1736,4,1,4,New Customers,414
7648,207,1,599,2,1,3,Hibernating,213
7649,165,1,557,3,1,3,Needs Attention,313
7650,163,1,604,3,1,3,Needs Attention,313
7651,157,1,561,3,1,3,Needs Attention,313
7652,171,1,608,3,1,3,Needs Attention,313
7653,214,1,14,2,1,1,Hibernating,211
7654,146,1,554,3,1,3,Needs Attention,313
7655,79,1,1776,4,1,4,New Customers,414
7656,62,1,1736,5,1,4,New Customers,514
7657,147,1,564,3,1,3,Needs Attention,313
7658,294,1,5,1,1,1,Hibernating,111
7659,187,1,59,3,1,2,Needs Attention,312
7660,263,1,79,2,1,2,Hibernating,212
7661,74,1,70,4,1,2,New Customers,412
7662,114,1,5,4,1,1,New Customers,411
7663,81,1,40,4,1,2,New Customers,412
7664,189,1,14,3,1,1,Needs Attention,311
7665,361,1,14,1,1,1,Hibernating,111
7666,181,1,68,3,1,2,Needs Attention,312
7667,216,1,59,2,1,2,Hibernating,212
7668,119,1,13,4,1,1,New Customers,411
7669,5,1,5,5,1,1,New Customers,511
7670,174,1,70,3,1,2,Needs Attention,312
7671,80,1,1724,4,1,4,New Customers,414
7672,327,1,70,1,1,2,Hibernating,112
7673,160,1,129,3,1,3,Needs Attention,313
7674,203,1,129,3,1,3,Needs Attention,313
7675,3,2,146,5,3,3,Potential Loyalists,533
7676,290,1,129,1,1,3,Hibernating,113
7677,269,1,120,2,1,3,Hibernating,213
7678,265,2,61,2,3,2,Hibernating,232
7679,228,1,79,2,1,2,Hibernating,212
7680,70,1,1701,5,1,4,New Customers,514
7681,87,1,1736,4,1,4,New Customers,414
7682,311,1,70,1,1,2,Hibernating,112
7683,125,1,70,4,1,2,New Customers,412
7684,236,1,79,2,1,2,Hibernating,212
7685,77,1,1755,4,1,4,New Customers,414
7686,46,2,125,5,3,3,Potential Loyalists,533
7687,178,2,92,3,3,2,Potential Loyalists,332
7688,354,1,94,1,1,3,Hibernating,113
7689,166,1,79,3,1,2,Needs Attention,312
7690,235,1,79,2,1,2,Hibernating,212
7691,104,1,120,4,1,3,New Customers,413
7692,314,2,6070,1,3,5,At Risk (high value),135
7693,335,2,6035,1,3,5,At Risk (high value),135
7694,317,2,6021,1,3,5,At Risk (high value),135
7695,332,2,6035,1,3,5,At Risk (high value),135
7696,310,2,6029,1,3,5,At Risk (high value),135
7697,329,2,6149,1,3,5,At Risk (high value),135
7698,391,2,5279,1,3,5,At Risk (high value),135
7699,375,2,5314,1,3,5,At Risk (high value),135
7700,363,2,5308,1,3,5,At Risk (high value),135
7701,360,2,5328,1,3,5,At Risk (high value),135
7702,355,2,5357,1,3,5,At Risk (high value),135
7703,338,2,5333,1,3,5,At Risk (high value),135
7704,306,2,5314,1,3,5,At Risk (high value),135
7705,155,2,33,3,3,1,Potential Loyalists,331
7706,188,2,59,3,3,2,Potential Loyalists,332
7707,313,2,6060,1,3,5,At Risk (high value),135
7708,136,2,123,3,3,3,Potential Loyalists,333
7709,326,2,6056,1,3,5,At Risk (high value),135
7710,311,2,6098,1,3,5,At Risk (high value),135
7711,318,2,6098,1,3,5,At Risk (high value),135
7712,19,2,86,5,3,2,Potential Loyalists,532
7713,154,2,24,3,3,1,Potential Loyalists,331
7714,37,2,237,5,3,3,Potential Loyalists,533
7715,217,2,24,2,3,1,Hibernating,231
7716,55,2,124,5,3,3,Potential Loyalists,533
7717,333,2,6021,1,3,5,At Risk (high value),135
7718,86,2,87,4,3,2,Potential Loyalists,432
7719,315,2,6035,1,3,5,At Risk (high value),135
7720,20,2,89,5,3,2,Potential Loyalists,532
7721,36,2,86,5,3,2,Potential Loyalists,532
7722,307,2,5333,1,3,5,At Risk (high value),135
7723,316,2,5333,1,3,5,At Risk (high value),135
7724,335,2,5279,1,3,5,At Risk (high value),135
7725,330,2,6056,1,3,5,At Risk (high value),135
7726,309,2,6044,1,3,5,At Risk (high value),135
7727,331,2,5314,1,3,5,At Risk (high value),135
7728,38,2,86,5,3,2,Potential Loyalists,532
7729,105,2,56,4,3,2,Potential Loyalists,432
7730,325,2,5333,1,3,5,At Risk (high value),135
7731,25,2,39,5,3,1,Potential Loyalists,531
7732,315,2,6053,1,3,5,At Risk (high value),135
7733,2,1,114,5,1,3,New Customers,513
7734,292,2,24,1,3,1,Hibernating,131
7735,67,2,24,5,3,1,Potential Loyalists,531
7736,334,2,6021,1,3,5,At Risk (high value),135
7737,314,2,6035,1,3,5,At Risk (high value),135
7738,318,2,6021,1,3,5,At Risk (high value),135
7739,313,2,6089,1,3,5,At Risk (high value),135
7740,318,2,5372,1,3,5,At Risk (high value),135
7741,324,2,6056,1,3,5,At Risk (high value),135
7742,73,1,60,5,1,2,New Customers,512
7743,18,2,24,5,3,1,Potential Loyalists,531
7744,92,2,67,4,3,2,Potential Loyalists,432
7745,37,2,32,5,3,1,Potential Loyalists,531
7746,51,2,78,5,3,2,Potential Loyalists,532
7747,329,2,6134,1,3,5,At Risk (high value),135
7748,318,2,6089,1,3,5,At Risk (high value),135
7749,15,1,60,5,1,2,New Customers,512
7750,1,3,204,5,4,3,Loyal,543
7751,122,1,5,4,1,1,New Customers,411
7752,348,1,40,1,1,2,Hibernating,112
7753,313,1,120,1,1,3,Hibernating,113
7754,204,1,124,3,1,3,Needs Attention,313
7755,324,1,70,1,1,2,Hibernating,112
7756,308,2,87,1,3,2,Hibernating,132
7757,153,2,129,3,3,3,Potential Loyalists,333
7758,355,1,79,1,1,2,Hibernating,112
7759,248,3,158,2,4,3,Loyal,243
7760,1,3,302,5,4,3,Loyal,543
7761,336,1,55,1,1,2,Hibernating,112
7762,159,1,14,3,1,1,Needs Attention,311
7763,73,1,1765,5,1,4,New Customers,514
7764,83,2,124,4,3,3,Potential Loyalists,433
7765,193,1,70,3,1,2,Needs Attention,312
7766,119,1,120,4,1,3,New Customers,413
7767,43,2,4752,5,3,5,Potential Loyalists,535
7768,284,2,5314,2,3,5,At Risk (high value),235
7769,276,2,5314,2,3,5,At Risk (high value),235
7770,302,2,5304,1,3,5,At Risk (high value),135
7771,160,1,94,3,1,3,Needs Attention,313
7772,99,1,70,4,1,2,New Customers,412
7773,222,1,79,2,1,2,Hibernating,212
7774,255,1,79,2,1,2,Hibernating,212
7775,3,1,133,5,1,3,New Customers,513
7776,361,1,70,1,1,2,Hibernating,112
7777,243,1,68,2,1,2,Hibernating,212
7778,321,1,29,1,1,1,Hibernating,111
7779,129,1,40,4,1,2,New Customers,412
7780,87,1,5,4,1,1,New Customers,411
7781,86,1,1760,4,1,4,New Customers,414
7782,34,1,2362,5,1,4,New Customers,514
7783,42,1,2398,5,1,4,New Customers,514
7784,34,1,2362,5,1,4,New Customers,514
7785,106,1,129,4,1,3,New Customers,413
7786,62,1,2351,5,1,4,New Customers,514
7787,301,1,120,1,1,3,Hibernating,113
7788,134,1,79,3,1,2,Needs Attention,312
7789,69,1,2352,5,1,4,New Customers,514
7790,39,1,2295,5,1,4,New Customers,514
7791,72,1,1728,5,1,4,New Customers,514
7792,39,1,70,5,1,2,New Customers,512
7793,66,1,1775,5,1,4,New Customers,514
7794,66,1,30,5,1,1,New Customers,511
7795,88,1,1736,4,1,4,New Customers,414
7796,266,1,1198,2,1,4,At Risk (high value),214
7797,112,1,23,4,1,1,New Customers,411
7798,8,1,79,5,1,2,New Customers,512
7799,90,1,1728,4,1,4,New Customers,414
7800,300,1,120,1,1,3,Hibernating,113
7801,84,1,1755,4,1,4,New Customers,414
7802,91,1,1800,4,1,4,New Customers,414
7803,64,1,1794,5,1,4,New Customers,514
7804,54,1,1751,5,1,4,New Customers,514
7805,44,1,1810,5,1,4,New Customers,514
7806,2,1,134,5,1,3,New Customers,513
7807,60,1,1786,5,1,4,New Customers,514
7808,308,1,120,1,1,3,Hibernating,113
7809,43,1,2412,5,1,4,New Customers,514
7810,303,1,120,1,1,3,Hibernating,113
7811,81,1,134,4,1,3,New Customers,413
7812,311,2,101,1,3,3,Hibernating,133
7813,29,2,186,5,3,3,Potential Loyalists,533
7814,9,1,129,5,1,3,New Customers,513
7815,203,1,70,3,1,2,Needs Attention,312
7816,131,1,70,4,1,2,New Customers,412
7817,335,1,148,1,1,3,Hibernating,113
7818,36,1,2357,5,1,4,New Customers,514
7819,40,1,2319,5,1,4,New Customers,514
7820,55,1,2345,5,1,4,New Customers,514
7821,205,1,79,3,1,2,Needs Attention,312
7822,84,2,92,4,3,2,Potential Loyalists,432
7823,172,1,120,3,1,3,Needs Attention,313
7824,237,1,94,2,1,3,Hibernating,213
7825,61,1,2395,5,1,4,New Customers,514
7826,142,1,79,3,1,2,Needs Attention,312
7827,73,2,166,5,3,3,Potential Loyalists,533
7828,33,1,2330,5,1,4,New Customers,514
7829,136,1,120,3,1,3,Needs Attention,313
7830,57,1,2355,5,1,4,New Customers,514
7831,73,1,120,5,1,3,New Customers,513
7832,34,1,2419,5,1,4,New Customers,514
7833,48,1,2335,5,1,4,New Customers,514
7834,51,1,79,5,1,2,New Customers,512
7835,32,1,120,5,1,3,New Customers,513
7836,365,1,79,1,1,2,Hibernating,112
7837,308,1,129,1,1,3,Hibernating,113
7838,238,1,94,2,1,3,Hibernating,213
7839,43,1,2377,5,1,4,New Customers,514
7840,80,1,2385,4,1,4,New Customers,414
7841,61,1,2295,5,1,4,New Customers,514
7842,272,1,1145,2,1,3,Hibernating,213
7843,264,1,1155,2,1,3,Hibernating,213
7844,70,1,70,5,1,2,New Customers,512
7845,222,1,124,2,1,3,Hibernating,213
7846,282,1,70,2,1,2,Hibernating,212
7847,26,1,133,5,1,3,New Customers,513
7848,163,1,70,3,1,2,Needs Attention,312
7849,47,1,2496,5,1,4,New Customers,514
7850,57,1,2367,5,1,4,New Customers,514
7851,55,1,2376,5,1,4,New Customers,514
7852,48,1,70,5,1,2,New Customers,512
7853,144,2,268,3,3,3,Potential Loyalists,333
7854,278,1,70,2,1,2,Hibernating,212
7855,41,1,1755,5,1,4,New Customers,514
7856,255,1,1155,2,1,3,Hibernating,213
7857,37,1,1736,5,1,4,New Customers,514
7858,40,1,1736,5,1,4,New Customers,514
7859,41,1,1810,5,1,4,New Customers,514
7860,225,1,1155,2,1,3,Hibernating,213
7861,54,1,2395,5,1,4,New Customers,514
7862,111,1,134,4,1,3,New Customers,413
7863,56,1,2354,5,1,4,New Customers,514
7864,40,1,2415,5,1,4,New Customers,514
7865,55,1,2332,5,1,4,New Customers,514
7866,48,1,1779,5,1,4,New Customers,514
7867,48,1,1701,5,1,4,New Customers,514
7868,57,1,1751,5,1,4,New Customers,514
7869,61,1,1760,5,1,4,New Customers,514
7870,60,1,1736,5,1,4,New Customers,514
7871,8,1,70,5,1,2,New Customers,512
7872,344,2,87,1,3,2,Hibernating,132
7873,101,1,79,4,1,2,New Customers,412
7874,171,1,129,3,1,3,Needs Attention,313
7875,179,1,70,3,1,2,Needs Attention,312
7876,139,2,115,3,3,3,Potential Loyalists,333
7877,45,1,2330,5,1,4,New Customers,514
7878,266,1,70,2,1,2,Hibernating,212
7879,59,1,2391,5,1,4,New Customers,514
7880,85,1,70,4,1,2,New Customers,412
7881,107,1,70,4,1,2,New Customers,412
7882,37,1,2360,5,1,4,New Customers,514
7883,64,1,2322,5,1,4,New Customers,514
7884,91,2,87,4,3,2,Potential Loyalists,432
7885,101,2,134,4,3,3,Potential Loyalists,433
7886,354,1,110,1,1,3,Hibernating,113
7887,125,1,70,4,1,2,New Customers,412
7888,33,1,134,5,1,3,New Customers,513
7889,280,1,124,2,1,3,Hibernating,213
7890,362,1,79,1,1,2,Hibernating,112
7891,196,1,79,3,1,2,Needs Attention,312
7892,29,1,120,5,1,3,New Customers,513
7893,75,1,70,4,1,2,New Customers,412
7894,319,1,70,1,1,2,Hibernating,112
7895,46,1,2317,5,1,4,New Customers,514
7896,337,1,27,1,1,1,Hibernating,111
7897,285,1,75,2,1,2,Hibernating,212
7898,150,1,37,3,1,1,Needs Attention,311
7899,327,1,75,1,1,2,Hibernating,112
7900,379,2,4118,1,3,5,At Risk (high value),135
7901,373,2,4132,1,3,5,At Risk (high value),135
7902,228,1,35,2,1,1,Hibernating,211
7903,371,2,4186,1,3,5,At Risk (high value),135
7904,383,2,4143,1,3,5,At Risk (high value),135
7905,134,1,608,3,1,3,Needs Attention,313
7906,40,1,2416,5,1,4,New Customers,514
7907,396,2,4217,1,3,5,At Risk (high value),135
7908,379,2,4167,1,3,5,At Risk (high value),135
7909,324,2,6090,1,3,5,At Risk (high value),135
7910,306,2,6035,1,3,5,At Risk (high value),135
7911,79,1,60,4,1,2,New Customers,412
7912,68,1,64,5,1,2,New Customers,512
7913,236,1,70,2,1,2,Hibernating,212
7914,116,1,79,4,1,2,New Customers,412
7915,48,1,1726,5,1,4,New Customers,514
7916,180,1,94,3,1,3,Needs Attention,313
7917,147,1,659,3,1,3,Needs Attention,313
7918,131,1,608,4,1,3,New Customers,413
7919,164,1,79,3,1,2,Needs Attention,312
7920,317,2,301,1,3,3,Hibernating,133
7921,11,1,129,5,1,3,New Customers,513
7922,184,1,94,3,1,3,Needs Attention,313
7923,62,1,2327,5,1,4,New Customers,514
7924,308,1,804,1,1,3,Hibernating,113
7925,238,1,839,2,1,3,Hibernating,213
7926,131,2,82,4,3,2,Potential Loyalists,432
7927,3,2,244,5,3,3,Potential Loyalists,533
7928,165,2,89,3,3,2,Potential Loyalists,332
7929,280,2,6094,2,3,5,At Risk (high value),235
7930,289,2,6029,1,3,5,At Risk (high value),135
7931,282,2,6035,2,3,5,At Risk (high value),235
7932,288,2,6060,2,3,5,At Risk (high value),235
7933,259,2,59,2,3,2,Hibernating,232
7934,173,1,60,3,1,2,Needs Attention,312
7935,133,1,124,4,1,3,New Customers,413
7936,362,1,70,1,1,2,Hibernating,112
7937,240,1,839,2,1,3,Hibernating,213
7938,59,1,70,5,1,2,New Customers,512
7939,103,1,70,4,1,2,New Customers,412
7940,7,1,70,5,1,2,New Customers,512
7941,83,1,79,4,1,2,New Customers,412
7942,35,1,124,5,1,3,New Customers,513
7943,198,1,889,3,1,3,Needs Attention,313
7944,155,1,903,3,1,3,Needs Attention,313
7945,41,2,147,5,3,3,Potential Loyalists,533
7946,32,1,79,5,1,2,New Customers,512
7947,170,1,70,3,1,2,Needs Attention,312
7948,182,1,804,3,1,3,Needs Attention,313
7949,162,1,806,3,1,3,Needs Attention,313
7950,163,1,801,3,1,3,Needs Attention,313
7951,84,1,2352,4,1,4,New Customers,414
7952,63,1,2335,5,1,4,New Customers,514
7953,16,1,79,5,1,2,New Customers,512
7954,136,1,777,3,1,3,Needs Attention,313
7955,69,1,893,5,1,3,New Customers,513
7956,61,1,1755,5,1,4,New Customers,514
7957,39,1,848,5,1,3,New Customers,513
7958,370,1,589,1,1,3,Hibernating,113
7959,389,1,565,1,1,3,Hibernating,113
7960,87,1,2341,4,1,4,New Customers,414
7961,363,1,619,1,1,3,Hibernating,113
7962,74,1,2370,4,1,4,New Customers,414
7963,360,1,567,1,1,3,Hibernating,113
7964,344,1,590,1,1,3,Hibernating,113
7965,284,1,70,2,1,2,Hibernating,212
7966,10,1,124,5,1,3,New Customers,513
7967,327,1,79,1,1,2,Hibernating,112
7968,354,1,133,1,1,3,Hibernating,113
7969,64,2,151,5,3,3,Potential Loyalists,533
7970,16,1,70,5,1,2,New Customers,512
7971,73,1,134,5,1,3,New Customers,513
7972,73,1,2352,5,1,4,New Customers,514
7973,88,1,2370,4,1,4,New Customers,414
7974,341,1,567,1,1,3,Hibernating,113
7975,338,1,586,1,1,3,Hibernating,113
7976,237,1,90,2,1,2,Hibernating,212
7977,60,1,1751,5,1,4,New Customers,514
7978,54,1,129,5,1,3,New Customers,513
7979,139,2,118,3,3,3,Potential Loyalists,333
7980,51,1,1750,5,1,4,New Customers,514
7981,54,1,1751,5,1,4,New Customers,514
7982,176,1,79,3,1,2,Needs Attention,312
7983,58,1,1784,5,1,4,New Customers,514
7984,226,1,94,2,1,3,Hibernating,213
7985,312,1,94,1,1,3,Hibernating,113
7986,68,1,94,5,1,3,New Customers,513
7987,353,1,57,1,1,2,Hibernating,112
7988,364,1,120,1,1,3,Hibernating,113
7989,89,1,70,4,1,2,New Customers,412
7990,152,1,134,3,1,3,Needs Attention,313
7991,350,1,562,1,1,3,Hibernating,113
7992,59,1,70,5,1,2,New Customers,512
7993,230,1,120,2,1,3,Hibernating,213
7994,52,1,129,5,1,3,New Customers,513
7995,84,1,124,4,1,3,New Customers,413
7996,97,1,120,4,1,3,New Customers,413
7997,33,1,70,5,1,2,New Customers,512
7998,151,1,70,3,1,2,Needs Attention,312
7999,54,1,1785,5,1,4,New Customers,514
8000,48,1,1755,5,1,4,New Customers,514
8001,13,2,54,5,3,2,Potential Loyalists,532
8002,178,2,92,3,3,2,Potential Loyalists,332
8003,50,1,1730,5,1,4,New Customers,514
8004,38,1,1765,5,1,4,New Customers,514
8005,33,1,1765,5,1,4,New Customers,514
8006,341,1,94,1,1,3,Hibernating,113
8007,41,1,70,5,1,2,New Customers,512
8008,147,1,70,3,1,2,Needs Attention,312
8009,56,1,1760,5,1,4,New Customers,514
8010,17,1,79,5,1,2,New Customers,512
8011,347,1,79,1,1,2,Hibernating,112
8012,200,1,79,3,1,2,Needs Attention,312
8013,171,1,120,3,1,3,Needs Attention,313
8014,310,1,636,1,1,3,Hibernating,113
8015,195,2,66,3,3,2,Potential Loyalists,332
8016,264,2,125,2,3,3,Hibernating,233
8017,46,1,1751,5,1,4,New Customers,514
8018,85,1,70,4,1,2,New Customers,412
8019,209,1,134,2,1,3,Hibernating,213
8020,285,1,79,2,1,2,Hibernating,212
8021,154,1,124,3,1,3,Needs Attention,313
8022,317,1,615,1,1,3,Hibernating,113
8023,120,1,70,4,1,2,New Customers,412
8024,327,1,580,1,1,3,Hibernating,113
8025,310,1,700,1,1,3,Hibernating,113
8026,321,1,120,1,1,3,Hibernating,113
8027,70,2,113,5,3,3,Potential Loyalists,533
8028,119,2,3029,4,3,4,Potential Loyalists,434
8029,108,2,3063,4,3,4,Potential Loyalists,434
8030,141,2,3339,3,3,5,Potential Loyalists,335
8031,131,2,3310,4,3,5,Potential Loyalists,435
8032,49,3,7226,5,4,5,Champions,545
8033,47,3,6939,5,4,5,Champions,545
8034,96,2,3139,4,3,4,Potential Loyalists,434
8035,130,2,3322,4,3,5,Potential Loyalists,435
8036,100,2,3320,4,3,5,Potential Loyalists,435
8037,111,2,4763,4,3,5,Potential Loyalists,435
8038,117,2,4858,4,3,5,Potential Loyalists,435
8039,119,2,3318,4,3,5,Potential Loyalists,435
8040,197,1,7,3,1,1,Needs Attention,311
8041,121,2,3310,4,3,5,Potential Loyalists,435
8042,111,2,3089,4,3,4,Potential Loyalists,434
8043,160,1,65,3,1,2,Needs Attention,312
8044,9,1,25,5,1,1,New Customers,511
8045,80,1,30,4,1,1,New Customers,411
8046,247,1,49,2,1,2,Hibernating,212
8047,104,2,3320,4,3,5,Potential Loyalists,435
8048,299,1,72,1,1,2,Hibernating,112
8049,72,2,4765,5,3,5,Potential Loyalists,535
8050,89,2,4838,4,3,5,Potential Loyalists,435
8051,116,1,57,4,1,2,New Customers,412
8052,100,2,3105,4,3,4,Potential Loyalists,434
8053,94,2,3140,4,3,4,Potential Loyalists,434
8054,47,1,25,5,1,1,New Customers,511
8055,51,1,22,5,1,1,New Customers,511
8056,50,1,46,5,1,2,New Customers,512
8057,345,1,38,1,1,1,Hibernating,111
8058,115,2,3322,4,3,5,Potential Loyalists,435
8059,72,2,4525,5,3,5,Potential Loyalists,535
8060,15,1,86,5,1,2,New Customers,512
8061,322,1,30,1,1,1,Hibernating,111
8062,173,1,65,3,1,2,Needs Attention,312
8063,187,1,80,3,1,2,Needs Attention,312
8064,11,1,65,5,1,2,New Customers,512
8065,310,1,32,1,1,1,Hibernating,111
8066,119,2,3295,4,3,5,Potential Loyalists,435
8067,120,1,85,4,1,2,New Customers,412
8068,117,2,3381,4,3,5,Potential Loyalists,435
8069,177,1,65,3,1,2,Needs Attention,312
8070,107,2,3113,4,3,4,Potential Loyalists,434
8071,74,2,4748,4,3,5,Potential Loyalists,435
8072,271,1,116,2,1,3,Hibernating,213
8073,1,1,49,5,1,2,New Customers,512
8074,63,2,4760,5,3,5,Potential Loyalists,535
8075,128,1,30,4,1,1,New Customers,411
8076,277,1,65,2,1,2,Hibernating,212
8077,108,2,3178,4,3,4,Potential Loyalists,434
8078,229,1,40,2,1,2,Hibernating,212
8079,313,1,32,1,1,1,Hibernating,111
8080,173,1,25,3,1,1,Needs Attention,311
8081,356,1,30,1,1,1,Hibernating,111
8082,84,1,32,4,1,1,New Customers,411
8083,209,1,40,2,1,2,Hibernating,212
8084,293,2,6021,1,3,5,At Risk (high value),135
8085,298,2,6093,1,3,5,At Risk (high value),135
8086,172,2,78,3,3,2,Potential Loyalists,332
8087,6,2,78,5,3,2,Potential Loyalists,532
8088,357,2,47,1,3,2,Hibernating,132
8089,85,2,24,4,3,1,Potential Loyalists,431
8090,281,2,6093,2,3,5,At Risk (high value),235
8091,76,2,59,4,3,2,Potential Loyalists,432
8092,28,2,24,5,3,1,Potential Loyalists,531
8093,74,2,78,4,3,2,Potential Loyalists,432
8094,304,2,6035,1,3,5,At Risk (high value),135
8095,301,2,6021,1,3,5,At Risk (high value),135
8096,295,2,6056,1,3,5,At Risk (high value),135
8097,279,2,6090,2,3,5,At Risk (high value),235
8098,130,2,24,4,3,1,Potential Loyalists,431
8099,48,2,122,5,3,3,Potential Loyalists,533
8100,286,2,6038,2,3,5,At Risk (high value),235
8101,34,2,79,5,3,2,Potential Loyalists,532
8102,110,2,104,4,3,3,Potential Loyalists,433
8103,276,2,6029,2,3,5,At Risk (high value),235
8104,155,2,64,3,3,2,Potential Loyalists,332
8105,9,2,100,5,3,3,Potential Loyalists,533
8106,278,2,6056,2,3,5,At Risk (high value),235
8107,262,2,65,2,3,2,Hibernating,232
8108,264,1,70,2,1,2,Hibernating,212
8109,52,1,1701,5,1,4,New Customers,514
8110,45,1,1728,5,1,4,New Customers,514
8111,333,1,605,1,1,3,Hibernating,113
8112,298,1,610,1,1,3,Hibernating,113
8113,33,1,1765,5,1,4,New Customers,514
8114,221,1,1184,2,1,4,At Risk (high value),214
8115,36,1,1736,5,1,4,New Customers,514
8116,84,1,148,4,1,3,New Customers,413
8117,241,1,1183,2,1,4,At Risk (high value),214
8118,42,1,1751,5,1,4,New Customers,514
8119,238,1,1120,2,1,3,Hibernating,213
8120,46,1,1765,5,1,4,New Customers,514
8121,48,1,1730,5,1,4,New Customers,514
8122,301,1,657,1,1,3,Hibernating,113
8123,301,1,589,1,1,3,Hibernating,113
8124,214,1,1170,2,1,4,At Risk (high value),214
8125,36,1,1755,5,1,4,New Customers,514
8126,59,1,1736,5,1,4,New Customers,514
8127,125,1,70,4,1,2,New Customers,412
8128,287,1,580,2,1,3,Hibernating,213
8129,291,1,643,1,1,3,Hibernating,113
8130,301,1,639,1,1,3,Hibernating,113
8131,270,1,665,2,1,3,Hibernating,213
8132,48,1,1725,5,1,4,New Customers,514
8133,40,1,70,5,1,2,New Customers,512
8134,49,1,1701,5,1,4,New Customers,514
8135,158,1,70,3,1,2,Needs Attention,312
8136,298,1,70,1,1,2,Hibernating,112
8137,271,1,79,2,1,2,Hibernating,212
8138,48,1,1736,5,1,4,New Customers,514
8139,60,1,70,5,1,2,New Customers,512
8140,253,1,70,2,1,2,Hibernating,212
8141,264,1,565,2,1,3,Hibernating,213
8142,272,1,580,2,1,3,Hibernating,213
8143,257,1,619,2,1,3,Hibernating,213
8144,253,1,605,2,1,3,Hibernating,213
8145,253,1,615,2,1,3,Hibernating,213
8146,131,1,134,4,1,3,New Customers,413
8147,35,1,1765,5,1,4,New Customers,514
8148,120,2,133,4,3,3,Potential Loyalists,433
8149,46,1,1751,5,1,4,New Customers,514
8150,205,1,124,3,1,3,Needs Attention,313
8151,22,2,66,5,3,2,Potential Loyalists,532
8152,123,1,70,4,1,2,New Customers,412
8153,297,1,79,1,1,2,Hibernating,112
8154,241,1,70,2,1,2,Hibernating,212
8155,39,1,70,5,1,2,New Customers,512
8156,269,1,79,2,1,2,Hibernating,212
8157,52,1,1728,5,1,4,New Customers,514
8158,34,1,1701,5,1,4,New Customers,514
8159,48,1,1736,5,1,4,New Customers,514
8160,381,1,1120,1,1,3,Hibernating,113
8161,375,1,1183,1,1,4,At Risk (high value),114
8162,273,1,585,2,1,3,Hibernating,213
8163,274,1,564,2,1,3,Hibernating,213
8164,250,1,540,2,1,3,Hibernating,213
8165,257,1,630,2,1,3,Hibernating,213
8166,245,1,634,2,1,3,Hibernating,213
8167,138,1,70,3,1,2,Needs Attention,312
8168,393,1,1120,1,1,3,Hibernating,113
8169,360,1,120,1,1,3,Hibernating,113
8170,369,1,1170,1,1,4,At Risk (high value),114
8171,378,1,1151,1,1,3,Hibernating,113
8172,383,1,1174,1,1,4,At Risk (high value),114
8173,237,2,1609,2,3,4,At Risk (high value),234
8174,192,2,1594,3,3,4,Potential Loyalists,334
8175,69,2,2484,5,3,4,Potential Loyalists,534
8176,196,1,25,3,1,1,Needs Attention,311
8177,63,1,64,5,1,2,New Customers,512
8178,343,1,39,1,1,1,Hibernating,111
8179,284,1,25,2,1,1,Hibernating,211
8180,84,1,13,4,1,1,New Customers,411
8181,116,1,40,4,1,2,New Customers,412
8182,73,2,2519,5,3,4,Potential Loyalists,534
8183,314,1,40,1,1,2,Hibernating,112
8184,144,1,49,3,1,2,Needs Attention,312
8185,296,1,25,1,1,1,Hibernating,111
8186,348,1,59,1,1,2,Hibernating,112
8187,93,2,1562,4,3,4,Potential Loyalists,434
8188,106,1,147,4,1,3,New Customers,413
8189,70,2,2732,5,3,4,Potential Loyalists,534
8190,249,1,29,2,1,1,Hibernating,211
8191,144,1,27,3,1,1,Needs Attention,311
8192,235,1,75,2,1,2,Hibernating,212
8193,130,2,1682,4,3,4,Potential Loyalists,434
8194,108,2,1609,4,3,4,Potential Loyalists,434
8195,229,2,1589,2,3,4,At Risk (high value),234
8196,95,2,1637,4,3,4,Potential Loyalists,434
8197,81,3,4657,4,4,5,Champions,445
8198,75,3,4609,4,4,5,Champions,445
8199,378,1,1155,1,1,3,Hibernating,113
8200,370,1,1134,1,1,3,Hibernating,113
8201,31,2,109,5,3,3,Potential Loyalists,533
8202,367,1,1120,1,1,3,Hibernating,113
8203,379,1,1170,1,1,4,At Risk (high value),114
8204,133,1,540,4,1,3,New Customers,413
8205,106,1,540,4,1,3,New Customers,413
8206,46,1,1250,5,1,4,New Customers,514
8207,112,1,554,4,1,3,New Customers,413
8208,257,1,791,2,1,3,Hibernating,213
8209,204,1,99,3,1,3,Needs Attention,313
8210,97,1,575,4,1,3,New Customers,413
8211,43,1,5,5,1,1,New Customers,511
8212,370,1,1120,1,1,3,Hibernating,113
8213,382,1,1174,1,1,4,At Risk (high value),114
8214,375,1,1155,1,1,3,Hibernating,113
8215,327,1,5,1,1,1,Hibernating,111
8216,95,1,124,4,1,3,New Customers,413
8217,275,1,55,2,1,2,Hibernating,212
8218,62,3,185,5,4,3,Loyal,543
8219,324,1,133,1,1,3,Hibernating,113
8220,282,1,79,2,1,2,Hibernating,212
8221,16,3,97,5,4,3,Loyal,543
8222,72,1,60,5,1,2,New Customers,512
8223,48,1,55,5,1,2,New Customers,512
8224,29,3,84,5,4,2,Potential Loyalists,542
8225,89,3,352,4,4,3,Loyal,443
8226,394,1,1219,1,1,4,At Risk (high value),114
8227,6,1,120,5,1,3,New Customers,513
8228,322,1,70,1,1,2,Hibernating,112
8229,131,1,124,4,1,3,New Customers,413
8230,94,1,124,4,1,3,New Customers,413
8231,39,1,79,5,1,2,New Customers,512
8232,215,1,70,2,1,2,Hibernating,212
8233,90,2,61,4,3,2,Potential Loyalists,432
8234,295,1,70,1,1,2,Hibernating,112
8235,49,1,120,5,1,3,New Customers,513
8236,107,1,120,4,1,3,New Customers,413
8237,41,1,120,5,1,3,New Customers,513
8238,59,1,70,5,1,2,New Customers,512
8239,261,1,70,2,1,2,Hibernating,212
8240,40,1,79,5,1,2,New Customers,512
8241,373,1,1155,1,1,3,Hibernating,113
8242,348,1,148,1,1,3,Hibernating,113
8243,276,1,70,2,1,2,Hibernating,212
8244,239,1,70,2,1,2,Hibernating,212
8245,272,1,134,2,1,3,Hibernating,213
8246,207,1,120,2,1,3,Hibernating,213
8247,203,1,70,3,1,2,Needs Attention,312
8248,350,1,25,1,1,1,Hibernating,111
8249,182,1,147,3,1,3,Needs Attention,313
8250,153,1,64,3,1,2,Needs Attention,312
8251,179,1,31,3,1,1,Needs Attention,311
8252,176,1,27,3,1,1,Needs Attention,311
8253,305,1,95,1,1,3,Hibernating,113
8254,101,2,1540,4,3,4,Potential Loyalists,434
8255,66,2,2701,5,3,4,Potential Loyalists,534
8256,79,2,2484,4,3,4,Potential Loyalists,434
8257,74,2,2519,4,3,4,Potential Loyalists,434
8258,92,2,2739,4,3,4,Potential Loyalists,434
8259,82,2,1574,4,3,4,Potential Loyalists,434
8260,281,1,29,2,1,1,Hibernating,211
8261,72,2,1592,5,3,4,Potential Loyalists,534
8262,140,1,83,3,1,2,Needs Attention,312
8263,351,1,25,1,1,1,Hibernating,111
8264,74,2,1587,4,3,4,Potential Loyalists,434
8265,368,2,4132,1,3,5,At Risk (high value),135
8266,65,1,42,5,1,2,New Customers,512
8267,249,1,42,2,1,2,Hibernating,212
8268,45,1,42,5,1,2,New Customers,512
8269,14,1,40,5,1,2,New Customers,512
8270,370,2,4118,1,3,5,At Risk (high value),135
8271,386,2,4127,1,3,5,At Risk (high value),135
8272,374,2,4153,1,3,5,At Risk (high value),135
8273,214,1,14,2,1,1,Hibernating,211
8274,184,1,40,3,1,2,Needs Attention,312
8275,71,2,2701,5,3,4,Potential Loyalists,534
8276,309,1,14,1,1,1,Hibernating,111
8277,34,2,2548,5,3,4,Potential Loyalists,534
8278,353,1,40,1,1,2,Hibernating,112
8279,87,2,1575,4,3,4,Potential Loyalists,434
8280,147,1,64,3,1,2,Needs Attention,312
8281,48,2,2538,5,3,4,Potential Loyalists,534
8282,151,1,68,3,1,2,Needs Attention,312
8283,47,2,2521,5,3,4,Potential Loyalists,534
8284,68,2,2764,5,3,4,Potential Loyalists,534
8285,92,2,2736,4,3,4,Potential Loyalists,434
8286,73,2,2751,5,3,4,Potential Loyalists,534
8287,79,2,2755,4,3,4,Potential Loyalists,434
8288,35,2,2509,5,3,4,Potential Loyalists,534
8289,86,2,2736,4,3,4,Potential Loyalists,434
8290,83,2,2765,4,3,4,Potential Loyalists,434
8291,63,2,1605,5,3,4,Potential Loyalists,534
8292,325,1,29,1,1,1,Hibernating,111
8293,43,2,2519,5,3,4,Potential Loyalists,534
8294,56,2,2534,5,3,4,Potential Loyalists,534
8295,51,2,2820,5,3,4,Potential Loyalists,534
8296,53,2,2484,5,3,4,Potential Loyalists,534
8297,37,2,2548,5,3,4,Potential Loyalists,534
8298,36,2,2543,5,3,4,Potential Loyalists,534
8299,83,3,4535,4,4,5,Champions,445
8300,110,2,1587,4,3,4,Potential Loyalists,434
8301,141,1,37,3,1,1,Needs Attention,311
8302,44,2,1590,5,3,4,Potential Loyalists,534
8303,51,2,1577,5,3,4,Potential Loyalists,534
8304,18,1,40,5,1,2,New Customers,512
8305,15,1,84,5,1,2,New Customers,512
8306,48,2,1622,5,3,4,Potential Loyalists,534
8307,200,1,29,3,1,1,Needs Attention,311
8308,94,1,149,4,1,3,New Customers,413
8309,47,2,1549,5,3,4,Potential Loyalists,534
8310,44,2,2519,5,3,4,Potential Loyalists,534
8311,238,2,1611,2,3,4,At Risk (high value),234
8312,62,3,4640,5,4,5,Champions,545
8313,85,2,1564,4,3,4,Potential Loyalists,434
8314,39,2,2533,5,3,4,Potential Loyalists,534
8315,39,2,2730,5,3,4,Potential Loyalists,534
8316,58,2,2538,5,3,4,Potential Loyalists,534
8317,61,2,2701,5,3,4,Potential Loyalists,534
8318,288,1,5,2,1,1,Hibernating,211
8319,48,2,2538,5,3,4,Potential Loyalists,534
8320,38,2,2562,5,3,4,Potential Loyalists,534
8321,389,2,1981,1,3,4,At Risk (high value),134
8322,59,2,2736,5,3,4,Potential Loyalists,534
8323,51,2,1565,5,3,4,Potential Loyalists,534
8324,185,2,1584,3,3,4,Potential Loyalists,334
8325,202,2,1602,3,3,4,Potential Loyalists,334
8326,76,3,4245,4,4,5,Champions,445
8327,370,2,1903,1,3,4,At Risk (high value),134
8328,354,1,5,1,1,1,Hibernating,111
8329,290,1,27,1,1,1,Hibernating,111
8330,61,2,2459,5,3,4,Potential Loyalists,534
8331,150,1,31,3,1,1,Needs Attention,311
8332,32,1,29,5,1,1,New Customers,511
8333,322,1,83,1,1,2,Hibernating,112
8334,63,1,35,5,1,1,New Customers,511
8335,323,1,64,1,1,2,Hibernating,112
8336,388,2,1957,1,3,4,At Risk (high value),134
8337,349,2,1957,1,3,4,At Risk (high value),134
8338,45,2,1575,5,3,4,Potential Loyalists,534
8339,166,2,1583,3,3,4,Potential Loyalists,334
8340,76,3,4316,4,4,5,Champions,445
8341,52,3,4314,5,4,5,Champions,545
8342,391,2,3498,1,3,5,At Risk (high value),135
8343,268,1,31,2,1,1,Hibernating,211
8344,338,2,1952,1,3,4,At Risk (high value),134
8345,366,1,186,1,1,3,Hibernating,113
8346,304,1,70,1,1,2,Hibernating,112
8347,361,1,21,1,1,1,Hibernating,111
8348,18,1,27,5,1,1,New Customers,511
8349,336,1,21,1,1,1,Hibernating,111
8350,143,1,70,3,1,2,Needs Attention,312
8351,284,1,23,2,1,1,Hibernating,211
8352,282,1,5,2,1,1,Hibernating,211
8353,283,1,14,2,1,1,Hibernating,211
8354,46,2,2400,5,3,4,Potential Loyalists,534
8355,60,1,37,5,1,1,New Customers,511
8356,157,1,25,3,1,1,Needs Attention,311
8357,33,1,79,5,1,2,New Customers,512
8358,53,2,2478,5,3,4,Potential Loyalists,534
8359,141,1,14,3,1,1,Needs Attention,311
8360,387,2,3478,1,3,5,At Risk (high value),135
8361,393,2,3511,1,3,5,At Risk (high value),135
8362,369,2,3478,1,3,5,At Risk (high value),135
8363,375,2,3443,1,3,5,At Risk (high value),135
8364,258,1,5,2,1,1,Hibernating,211
8365,59,3,4313,5,4,5,Champions,545
8366,39,3,4322,5,4,5,Champions,545
8367,138,2,1617,3,3,4,Potential Loyalists,334
8368,38,1,59,5,1,2,New Customers,512
8369,76,1,32,4,1,1,New Customers,411
8370,304,1,64,1,1,2,Hibernating,112
8371,159,1,5,3,1,1,Needs Attention,311
8372,90,1,32,4,1,1,New Customers,411
8373,157,1,29,3,1,1,Needs Attention,311
8374,208,1,90,2,1,2,Hibernating,212
8375,114,1,29,4,1,1,New Customers,411
8376,288,1,121,2,1,3,Hibernating,213
8377,68,1,29,5,1,1,New Customers,511
8378,9,1,116,5,1,3,New Customers,513
8379,37,1,25,5,1,1,New Customers,511
8380,104,1,103,4,1,3,New Customers,413
8381,346,2,1934,1,3,4,At Risk (high value),134
8382,349,2,1953,1,3,4,At Risk (high value),134
8383,374,2,3443,1,3,5,At Risk (high value),135
8384,329,1,120,1,1,3,Hibernating,113
8385,39,1,32,5,1,1,New Customers,511
8386,59,1,117,5,1,3,New Customers,513
8387,325,2,1938,1,3,4,At Risk (high value),134
8388,41,2,2464,5,3,4,Potential Loyalists,534
8389,287,1,45,2,1,2,Hibernating,212
8390,253,1,138,2,1,3,Hibernating,213
8391,180,1,5,3,1,1,Needs Attention,311
8392,127,1,43,4,1,2,New Customers,412
8393,347,1,27,1,1,1,Hibernating,111
8394,387,1,1134,1,1,3,Hibernating,113
8395,231,1,1155,2,1,3,Hibernating,213
8396,339,1,1155,1,1,3,Hibernating,113
8397,336,1,1169,1,1,4,At Risk (high value),114
8398,144,1,79,3,1,2,Needs Attention,312
8399,81,1,70,4,1,2,New Customers,412
8400,232,2,151,2,3,3,Hibernating,233
8401,227,1,1179,2,1,4,At Risk (high value),214
8402,341,1,1170,1,1,4,At Risk (high value),114
8403,353,1,1254,1,1,4,At Risk (high value),114
8404,364,1,1155,1,1,3,Hibernating,113
8405,35,1,5,5,1,1,New Customers,511
8406,354,1,1170,1,1,4,At Risk (high value),114
8407,337,1,1188,1,1,4,At Risk (high value),114
8408,341,1,1155,1,1,3,Hibernating,113
8409,343,1,1129,1,1,3,Hibernating,113
8410,355,1,1183,1,1,4,At Risk (high value),114
8411,338,1,1120,1,1,3,Hibernating,113
8412,21,2,70,5,3,2,Potential Loyalists,532
8413,255,1,619,2,1,3,Hibernating,213
8414,366,1,1145,1,1,3,Hibernating,113
8415,242,1,1145,2,1,3,Hibernating,213
8416,36,2,2435,5,3,4,Potential Loyalists,534
8417,384,2,3476,1,3,5,At Risk (high value),135
8418,390,2,1854,1,3,4,At Risk (high value),134
8419,391,2,3476,1,3,5,At Risk (high value),135
8420,115,2,1602,4,3,4,Potential Loyalists,434
8421,54,3,4315,5,4,5,Champions,545
8422,324,2,1930,1,3,4,At Risk (high value),134
8423,370,2,1819,1,3,4,At Risk (high value),134
8424,323,2,1938,1,3,4,At Risk (high value),134
8425,374,2,3511,1,3,5,At Risk (high value),135
8426,235,1,31,2,1,1,Hibernating,211
8427,294,2,1938,1,3,4,At Risk (high value),134
8428,230,2,1967,2,3,4,At Risk (high value),234
8429,385,2,1878,1,3,4,At Risk (high value),134
8430,338,2,1854,1,3,4,At Risk (high value),134
8431,68,1,64,5,1,2,New Customers,512
8432,129,1,5,4,1,1,New Customers,411
8433,348,2,1869,1,3,4,At Risk (high value),134
8434,378,2,3478,1,3,5,At Risk (high value),135
8435,218,2,1934,2,3,4,At Risk (high value),234
8436,367,2,3457,1,3,5,At Risk (high value),135
8437,240,2,1942,2,3,4,At Risk (high value),234
8438,384,2,3480,1,3,5,At Risk (high value),135
8439,58,3,4338,5,4,5,Champions,545
8440,58,3,4350,5,4,5,Champions,545
8441,342,2,3492,1,3,5,At Risk (high value),135
8442,90,2,1567,4,3,4,Potential Loyalists,434
8443,64,2,1602,5,3,4,Potential Loyalists,534
8444,357,2,1863,1,3,4,At Risk (high value),134
8445,109,1,59,4,1,2,New Customers,412
8446,94,1,64,4,1,2,New Customers,412
8447,48,2,1560,5,3,4,Potential Loyalists,534
8448,58,2,1587,5,3,4,Potential Loyalists,534
8449,348,2,3544,1,3,5,At Risk (high value),135
8450,216,1,45,2,1,2,Hibernating,212
8451,342,2,1887,1,3,4,At Risk (high value),134
8452,351,2,1869,1,3,4,At Risk (high value),134
8453,40,2,1611,5,3,4,Potential Loyalists,534
8454,46,3,4268,5,4,5,Champions,545
8455,34,3,4364,5,4,5,Champions,545
8456,354,2,3478,1,3,5,At Risk (high value),135
8457,40,1,37,5,1,1,New Customers,511
8458,47,1,93,5,1,3,New Customers,513
8459,230,2,1957,2,3,4,At Risk (high value),234
8460,349,2,3478,1,3,5,At Risk (high value),135
8461,327,1,29,1,1,1,Hibernating,111
8462,143,1,25,3,1,1,Needs Attention,311
8463,325,1,29,1,1,1,Hibernating,111
8464,326,1,5,1,1,1,Hibernating,111
8465,104,1,59,4,1,2,New Customers,412
8466,255,1,5,2,1,1,Hibernating,211
8467,254,1,64,2,1,2,Hibernating,212
8468,330,2,3485,1,3,5,At Risk (high value),135
8469,67,1,6,5,1,1,New Customers,511
8470,21,1,39,5,1,1,New Customers,511
8471,150,1,75,3,1,2,Needs Attention,312
8472,323,2,3478,1,3,5,At Risk (high value),135
8473,324,2,1854,1,3,4,At Risk (high value),134
8474,242,2,1917,2,3,4,At Risk (high value),234
8475,53,2,1589,5,3,4,Potential Loyalists,534
8476,377,2,1395,1,3,4,At Risk (high value),134
8477,51,3,4347,5,4,5,Champions,545
8478,364,2,3533,1,3,5,At Risk (high value),135
8479,120,1,23,4,1,1,New Customers,411
8480,333,2,3443,1,3,5,At Risk (high value),135
8481,222,2,1934,2,3,4,At Risk (high value),234
8482,147,1,4,3,1,1,Needs Attention,311
8483,320,2,1854,1,3,4,At Risk (high value),134
8484,156,1,34,3,1,1,Needs Attention,311
8485,73,1,39,5,1,1,New Customers,511
8486,51,1,6,5,1,1,New Customers,511
8487,13,1,119,5,1,3,New Customers,513
8488,147,1,6,3,1,1,Needs Attention,311
8489,104,1,48,4,1,2,New Customers,412
8490,153,1,39,3,1,1,Needs Attention,311
8491,300,1,63,1,1,2,Hibernating,112
8492,10,1,6,5,1,1,New Customers,511
8493,179,1,6,3,1,1,Needs Attention,311
8494,359,2,3515,1,3,5,At Risk (high value),135
8495,107,1,6,4,1,1,New Customers,411
8496,221,1,39,2,1,1,Hibernating,211
8497,314,2,1854,1,3,4,At Risk (high value),134
8498,165,1,29,3,1,1,Needs Attention,311
8499,215,1,31,2,1,1,Hibernating,211
8500,360,2,3492,1,3,5,At Risk (high value),135
8501,312,2,3478,1,3,5,At Risk (high value),135
8502,309,2,1819,1,3,4,At Risk (high value),134
8503,327,2,3565,1,3,5,At Risk (high value),135
8504,334,2,1392,1,3,4,At Risk (high value),134
8505,279,2,1383,2,3,4,At Risk (high value),234
8506,226,1,53,2,1,2,Hibernating,212
8507,248,2,3480,2,3,5,At Risk (high value),235
8508,201,1,6,3,1,1,Needs Attention,311
8509,144,1,6,3,1,1,Needs Attention,311
8510,88,1,44,4,1,2,New Customers,412
8511,263,2,3451,2,3,5,At Risk (high value),235
8512,260,2,3524,2,3,5,At Risk (high value),235
8513,294,1,86,1,1,2,Hibernating,112
8514,165,1,25,3,1,1,Needs Attention,311
8515,190,1,79,3,1,2,Needs Attention,312
8516,307,1,6,1,1,1,Hibernating,111
8517,311,1,4,1,1,1,Hibernating,111
8518,230,2,1938,2,3,4,At Risk (high value),234
8519,278,2,1893,2,3,4,At Risk (high value),234
8520,241,1,39,2,1,1,Hibernating,211
8521,322,1,88,1,1,2,Hibernating,112
8522,349,1,54,1,1,2,Hibernating,112
8523,258,1,64,2,1,2,Hibernating,212
8524,257,1,31,2,1,1,Hibernating,211
8525,218,1,23,2,1,1,Hibernating,211
8526,26,2,80,5,3,2,Potential Loyalists,532
8527,240,1,1179,2,1,4,At Risk (high value),214
8528,215,1,1219,2,1,4,At Risk (high value),214
8529,173,1,79,3,1,2,Needs Attention,312
8530,353,1,1169,1,1,4,At Risk (high value),114
8531,338,1,1120,1,1,3,Hibernating,113
8532,355,1,1179,1,1,4,At Risk (high value),114
8533,363,1,1205,1,1,4,At Risk (high value),114
8534,346,1,1155,1,1,3,Hibernating,113
8535,356,1,1179,1,1,4,At Risk (high value),114
8536,348,1,1170,1,1,4,At Risk (high value),114
8537,225,1,1120,2,1,3,Hibernating,213
8538,315,1,1155,1,1,3,Hibernating,113
8539,327,1,1155,1,1,3,Hibernating,113
8540,323,1,1120,1,1,3,Hibernating,113
8541,89,1,70,4,1,2,New Customers,412
8542,79,2,131,4,3,3,Potential Loyalists,433
8543,233,1,580,2,1,3,Hibernating,213
8544,273,1,134,2,1,3,Hibernating,213
8545,349,1,133,1,1,3,Hibernating,113
8546,326,1,1179,1,1,4,At Risk (high value),114
8547,229,1,1174,2,1,4,At Risk (high value),214
8548,316,1,1179,1,1,4,At Risk (high value),114
8549,323,1,1183,1,1,4,At Risk (high value),114
8550,317,1,1183,1,1,4,At Risk (high value),114
8551,325,1,1269,1,1,4,At Risk (high value),114
8552,124,1,70,4,1,2,New Customers,412
8553,323,1,70,1,1,2,Hibernating,112
8554,229,1,32,2,1,1,Hibernating,211
8555,127,1,87,4,1,2,New Customers,412
8556,288,2,6110,2,3,5,At Risk (high value),235
8557,290,2,6035,1,3,5,At Risk (high value),135
8558,289,2,5358,1,3,5,At Risk (high value),135
8559,285,2,6029,2,3,5,At Risk (high value),235
8560,298,2,6056,1,3,5,At Risk (high value),135
8561,289,2,6117,1,3,5,At Risk (high value),135
8562,294,2,6021,1,3,5,At Risk (high value),135
8563,256,2,5314,2,3,5,At Risk (high value),235
8564,274,2,5333,2,3,5,At Risk (high value),235
8565,248,2,5293,2,3,5,At Risk (high value),235
8566,246,2,5308,2,3,5,At Risk (high value),235
8567,227,2,165,2,3,3,Hibernating,233
8568,251,2,105,2,3,3,Hibernating,233
8569,278,2,6060,2,3,5,At Risk (high value),235
8570,72,2,112,5,3,3,Potential Loyalists,533
8571,141,2,75,3,3,2,Potential Loyalists,332
8572,114,2,91,4,3,2,Potential Loyalists,432
8573,225,2,81,2,3,2,Hibernating,232
8574,11,2,57,5,3,2,Potential Loyalists,532
8575,263,2,96,2,3,3,Hibernating,233
8576,84,2,59,4,3,2,Potential Loyalists,432
8577,289,2,6058,1,3,5,At Risk (high value),135
8578,278,2,6037,2,3,5,At Risk (high value),235
8579,54,2,91,5,3,2,Potential Loyalists,532
8580,76,2,84,4,3,2,Potential Loyalists,432
8581,54,2,174,5,3,3,Potential Loyalists,533
8582,15,2,109,5,3,3,Potential Loyalists,533
8583,5,2,61,5,3,2,Potential Loyalists,532
8584,15,2,119,5,3,3,Potential Loyalists,533
8585,300,2,116,1,3,3,Hibernating,133
8586,1,2,89,5,3,2,Potential Loyalists,532
8587,302,2,6056,1,3,5,At Risk (high value),135
8588,25,2,114,5,3,3,Potential Loyalists,533
8589,302,2,6056,1,3,5,At Risk (high value),135
8590,145,2,95,3,3,3,Potential Loyalists,333
8591,334,1,32,1,1,1,Hibernating,111
8592,215,2,63,2,3,2,Hibernating,232
8593,261,2,5377,2,3,5,At Risk (high value),235
8594,246,2,5306,2,3,5,At Risk (high value),235
8595,292,2,6021,1,3,5,At Risk (high value),135
8596,292,2,6094,1,3,5,At Risk (high value),135
8597,279,2,6056,2,3,5,At Risk (high value),235
8598,30,2,59,5,3,2,Potential Loyalists,532
8599,226,2,5310,2,3,5,At Risk (high value),235
8600,224,2,5279,2,3,5,At Risk (high value),235
8601,284,1,94,2,1,3,Hibernating,213
8602,231,2,5314,2,3,5,At Risk (high value),235
8603,245,2,6093,2,3,5,At Risk (high value),235
8604,21,2,59,5,3,2,Potential Loyalists,532
8605,73,2,171,5,3,3,Potential Loyalists,533
8606,219,2,5314,2,3,5,At Risk (high value),235
8607,312,1,84,1,1,2,Hibernating,112
8608,268,2,6054,2,3,5,At Risk (high value),235
8609,182,2,68,3,3,2,Potential Loyalists,332
8610,253,2,6093,2,3,5,At Risk (high value),235
8611,166,2,118,3,3,3,Potential Loyalists,333
8612,246,2,6054,2,3,5,At Risk (high value),235
8613,251,2,6029,2,3,5,At Risk (high value),235
8614,260,2,6093,2,3,5,At Risk (high value),235
8615,265,2,6217,2,3,5,At Risk (high value),235
8616,232,2,5279,2,3,5,At Risk (high value),235
8617,231,2,5279,2,3,5,At Risk (high value),235
8618,38,2,61,5,3,2,Potential Loyalists,532
8619,183,2,119,3,3,3,Potential Loyalists,333
8620,194,2,112,3,3,3,Potential Loyalists,333
8621,234,2,5279,2,3,5,At Risk (high value),235
8622,269,2,6021,2,3,5,At Risk (high value),235
8623,185,2,61,3,3,2,Potential Loyalists,332
8624,53,2,153,5,3,3,Potential Loyalists,533
8625,13,2,112,5,3,3,Potential Loyalists,533
8626,295,2,52,1,3,2,Hibernating,132
8627,191,2,39,3,3,1,Potential Loyalists,331
8628,278,2,41,2,3,2,Hibernating,232
8629,266,2,6035,2,3,5,At Risk (high value),235
8630,180,2,109,3,3,3,Potential Loyalists,333
8631,249,2,74,2,3,2,Hibernating,232
8632,240,2,5279,2,3,5,At Risk (high value),235
8633,342,1,57,1,1,2,Hibernating,112
8634,228,1,60,2,1,2,Hibernating,212
8635,132,1,70,4,1,2,New Customers,412
8636,64,1,94,5,1,3,New Customers,513
8637,149,1,134,3,1,3,Needs Attention,313
8638,159,1,79,3,1,2,Needs Attention,312
8639,34,1,5,5,1,1,New Customers,511
8640,349,1,64,1,1,2,Hibernating,112
8641,4,3,252,5,4,3,Loyal,543
8642,291,1,69,1,1,2,Hibernating,112
8643,65,3,134,5,4,3,Loyal,543
8644,346,1,124,1,1,3,Hibernating,113
8645,140,1,5,3,1,1,Needs Attention,311
8646,222,2,134,2,3,3,Hibernating,233
8647,40,3,198,5,4,3,Loyal,543
8648,44,3,282,5,4,3,Loyal,543
8649,161,3,101,3,4,3,Loyal,343
8650,126,1,79,4,1,2,New Customers,412
8651,45,1,42,5,1,2,New Customers,512
8652,24,1,59,5,1,2,New Customers,512
8653,233,2,5314,2,3,5,At Risk (high value),235
8654,238,2,5314,2,3,5,At Risk (high value),235
8655,214,1,79,2,1,2,Hibernating,212
8656,257,1,129,2,1,3,Hibernating,213
8657,153,1,14,3,1,1,Needs Attention,311
8658,221,1,756,2,1,3,Hibernating,213
8659,227,1,540,2,1,3,Hibernating,213
8660,227,1,557,2,1,3,Hibernating,213
8661,245,1,120,2,1,3,Hibernating,213
8662,79,1,2521,4,1,4,New Customers,414
8663,188,1,76,3,1,2,Needs Attention,312
8664,157,1,70,3,1,2,Needs Attention,312
8665,38,1,79,5,1,2,New Customers,512
8666,82,1,70,4,1,2,New Customers,412
8667,112,1,35,4,1,1,New Customers,411
8668,71,1,151,5,1,3,New Customers,513
8669,42,1,120,5,1,3,New Customers,513
8670,219,1,79,2,1,2,Hibernating,212
8671,322,1,1134,1,1,3,Hibernating,113
8672,309,1,1170,1,1,4,At Risk (high value),114
8673,99,1,75,4,1,2,New Customers,412
8674,158,1,37,3,1,1,Needs Attention,311
8675,120,1,42,4,1,2,New Customers,412
8676,141,1,199,3,1,3,Needs Attention,313
8677,254,1,68,2,1,2,Hibernating,212
8678,285,1,59,2,1,2,Hibernating,212
8679,314,1,1120,1,1,3,Hibernating,113
8680,325,1,1155,1,1,3,Hibernating,113
8681,312,1,1170,1,1,4,At Risk (high value),114
8682,198,1,1179,3,1,4,Needs Attention,314
8683,321,1,1155,1,1,3,Hibernating,113
8684,334,1,1143,1,1,3,Hibernating,113
8685,312,1,79,1,1,2,Hibernating,112
8686,107,1,79,4,1,2,New Customers,412
8687,169,1,70,3,1,2,Needs Attention,312
8688,244,1,592,2,1,3,Hibernating,213
8689,204,1,120,3,1,3,Needs Attention,313
8690,228,1,681,2,1,3,Hibernating,213
8691,239,1,572,2,1,3,Hibernating,213
8692,242,1,570,2,1,3,Hibernating,213
8693,241,1,94,2,1,3,Hibernating,213
8694,254,1,72,2,1,2,Hibernating,212
8695,186,1,70,3,1,2,Needs Attention,312
8696,356,1,94,1,1,3,Hibernating,113
8697,241,1,597,2,1,3,Hibernating,213
8698,217,1,540,2,1,3,Hibernating,213
8699,225,1,726,2,1,3,Hibernating,213
8700,108,1,134,4,1,3,New Customers,413
8701,152,1,120,3,1,3,Needs Attention,313
8702,313,1,1184,1,1,4,At Risk (high value),114
8703,253,1,70,2,1,2,Hibernating,212
8704,345,1,70,1,1,2,Hibernating,112
8705,187,1,1143,3,1,3,Needs Attention,313
8706,85,1,2342,4,1,4,New Customers,414
8707,217,1,618,2,1,3,Hibernating,213
8708,241,1,79,2,1,2,Hibernating,212
8709,233,1,565,2,1,3,Hibernating,213
8710,36,2,197,5,3,3,Potential Loyalists,533
8711,71,1,2352,5,1,4,New Customers,514
8712,20,1,79,5,1,2,New Customers,512
8713,224,1,120,2,1,3,Hibernating,213
8714,362,1,79,1,1,2,Hibernating,112
8715,199,1,549,3,1,3,Needs Attention,313
8716,200,1,124,3,1,3,Needs Attention,313
8717,306,1,1155,1,1,3,Hibernating,113
8718,320,1,1137,1,1,3,Hibernating,113
8719,199,1,580,3,1,3,Needs Attention,313
8720,210,1,660,2,1,3,Hibernating,213
8721,175,1,79,3,1,2,Needs Attention,312
8722,198,1,564,3,1,3,Needs Attention,313
8723,183,1,586,3,1,3,Needs Attention,313
8724,196,1,575,3,1,3,Needs Attention,313
8725,335,1,1155,1,1,3,Hibernating,113
8726,315,1,1179,1,1,4,At Risk (high value),114
8727,337,2,64,1,3,2,Hibernating,132
8728,360,1,70,1,1,2,Hibernating,112
8729,335,1,120,1,1,3,Hibernating,113
8730,196,2,37,3,3,1,Potential Loyalists,331
8731,204,1,639,3,1,3,Needs Attention,313
8732,56,1,79,5,1,2,New Customers,512
8733,272,1,79,2,1,2,Hibernating,212
8734,359,1,70,1,1,2,Hibernating,112
8735,94,1,120,4,1,3,New Customers,413
8736,200,1,572,3,1,3,Needs Attention,313
8737,198,1,664,3,1,3,Needs Attention,313
8738,188,1,622,3,1,3,Needs Attention,313
8739,182,1,605,3,1,3,Needs Attention,313
8740,159,1,615,3,1,3,Needs Attention,313
8741,174,1,590,3,1,3,Needs Attention,313
8742,105,1,79,4,1,2,New Customers,412
8743,100,1,94,4,1,3,New Customers,413
8744,294,1,1194,1,1,4,At Risk (high value),114
8745,275,1,1179,2,1,4,At Risk (high value),214
8746,301,1,1174,1,1,4,At Risk (high value),114
8747,80,1,2330,4,1,4,New Customers,414
8748,335,1,148,1,1,3,Hibernating,113
8749,141,1,5,3,1,1,Needs Attention,311
8750,165,1,683,3,1,3,Needs Attention,313
8751,105,2,77,4,3,2,Potential Loyalists,432
8752,155,2,37,3,3,1,Potential Loyalists,331
8753,8,1,59,5,1,2,New Customers,512
8754,111,1,5,4,1,1,New Customers,411
8755,100,1,79,4,1,2,New Customers,412
8756,95,1,70,4,1,2,New Customers,412
8757,168,1,79,3,1,2,Needs Attention,312
8758,153,2,37,3,3,1,Potential Loyalists,331
8759,329,1,79,1,1,2,Hibernating,112
8760,245,1,79,2,1,2,Hibernating,212
8761,248,1,129,2,1,3,Hibernating,213
8762,48,1,68,5,1,2,New Customers,512
8763,193,1,49,3,1,2,Needs Attention,312
8764,386,2,4153,1,3,5,At Risk (high value),135
8765,321,1,13,1,1,1,Hibernating,111
8766,395,2,4132,1,3,5,At Risk (high value),135
8767,353,2,4167,1,3,5,At Risk (high value),135
8768,114,1,94,4,1,3,New Customers,413
8769,283,1,1143,2,1,3,Hibernating,213
8770,106,1,540,4,1,3,New Customers,413
8771,342,2,4127,1,3,5,At Risk (high value),135
8772,357,2,4167,1,3,5,At Risk (high value),135
8773,256,2,6030,2,3,5,At Risk (high value),235
8774,254,2,6056,2,3,5,At Risk (high value),235
8775,332,1,148,1,1,3,Hibernating,113
8776,299,1,1183,1,1,4,At Risk (high value),114
8777,237,1,94,2,1,3,Hibernating,213
8778,185,1,120,3,1,3,Needs Attention,313
8779,343,1,70,1,1,2,Hibernating,112
8780,213,1,70,2,1,2,Hibernating,212
8781,154,1,615,3,1,3,Needs Attention,313
8782,253,2,46,2,3,2,Hibernating,232
8783,269,2,6089,2,3,5,At Risk (high value),235
8784,260,2,6021,2,3,5,At Risk (high value),235
8785,261,2,6021,2,3,5,At Risk (high value),235
8786,247,2,6076,2,3,5,At Risk (high value),235
8787,265,2,6021,2,3,5,At Risk (high value),235
8788,274,2,6054,2,3,5,At Risk (high value),235
8789,262,2,6056,2,3,5,At Risk (high value),235
8790,274,2,6058,2,3,5,At Risk (high value),235
8791,250,2,6089,2,3,5,At Risk (high value),235
8792,272,2,6058,2,3,5,At Risk (high value),235
8793,258,2,6056,2,3,5,At Risk (high value),235
8794,266,2,6056,2,3,5,At Risk (high value),235
8795,253,2,6098,2,3,5,At Risk (high value),235
8796,256,2,6044,2,3,5,At Risk (high value),235
8797,17,2,98,5,3,3,Potential Loyalists,533
8798,250,2,6021,2,3,5,At Risk (high value),235
8799,118,2,128,4,3,3,Potential Loyalists,433
8800,115,1,79,4,1,2,New Customers,412
8801,222,1,70,2,1,2,Hibernating,212
8802,130,3,193,4,4,3,Loyal,443
8803,1098,1,3375,1,1,5,At Risk (high value),115
8804,97,1,575,4,1,3,New Customers,413
8805,181,1,124,3,1,3,Needs Attention,313
8806,220,1,70,2,1,2,Hibernating,212
8807,156,1,120,3,1,3,Needs Attention,313
8808,67,2,35,5,3,1,Potential Loyalists,531
8809,163,1,590,3,1,3,Needs Attention,313
8810,282,1,70,2,1,2,Hibernating,212
8811,79,1,79,4,1,2,New Customers,412
8812,163,1,70,3,1,2,Needs Attention,312
8813,155,1,590,3,1,3,Needs Attention,313
8814,158,1,540,3,1,3,Needs Attention,313
8815,179,1,590,3,1,3,Needs Attention,313
8816,129,1,597,4,1,3,New Customers,413
8817,140,1,124,3,1,3,Needs Attention,313
8818,106,2,119,4,3,3,Potential Loyalists,433
8819,165,1,79,3,1,2,Needs Attention,312
8820,97,1,124,4,1,3,New Customers,413
8821,285,1,1155,2,1,3,Hibernating,213
8822,127,1,565,4,1,3,New Customers,413
8823,214,1,37,2,1,1,Hibernating,211
8824,57,1,46,5,1,2,New Customers,512
8825,144,1,629,3,1,3,Needs Attention,313
8826,227,1,70,2,1,2,Hibernating,212
8827,352,1,72,1,1,2,Hibernating,112
8828,180,1,22,3,1,1,Needs Attention,311
8829,163,1,22,3,1,1,Needs Attention,311
8830,186,2,4533,3,3,5,Potential Loyalists,335
8831,89,2,5766,4,3,5,Potential Loyalists,435
8832,140,1,580,3,1,3,Needs Attention,313
8833,43,1,70,5,1,2,New Customers,512
8834,292,1,70,1,1,2,Hibernating,112
8835,228,1,120,2,1,3,Hibernating,213
8836,43,1,79,5,1,2,New Customers,512
8837,94,2,79,4,3,2,Potential Loyalists,432
8838,131,1,590,4,1,3,New Customers,413
8839,148,1,605,3,1,3,Needs Attention,313
8840,126,2,195,4,3,3,Potential Loyalists,433
8841,32,1,120,5,1,3,New Customers,513
8842,131,1,604,4,1,3,New Customers,413
8843,93,1,564,4,1,3,New Customers,413
8844,116,1,565,4,1,3,New Customers,413
8845,82,2,5808,4,3,5,Potential Loyalists,435
8846,110,1,640,4,1,3,New Customers,413
8847,118,1,70,4,1,2,New Customers,412
8848,74,1,22,4,1,1,New Customers,411
8849,40,1,124,5,1,3,New Customers,513
8850,281,1,1147,2,1,3,Hibernating,213
8851,37,1,120,5,1,3,New Customers,513
8852,241,1,124,2,1,3,Hibernating,213
8853,318,1,70,1,1,2,Hibernating,112
8854,110,1,120,4,1,3,New Customers,413
8855,120,1,555,4,1,3,New Customers,413
8856,69,2,5710,5,3,5,Potential Loyalists,535
8857,243,1,144,2,1,3,Hibernating,213
8858,282,1,70,2,1,2,Hibernating,212
8859,57,1,94,5,1,3,New Customers,513
8860,255,1,70,2,1,2,Hibernating,212
8861,337,1,133,1,1,3,Hibernating,113
8862,231,1,79,2,1,2,Hibernating,212
8863,196,2,99,3,3,3,Potential Loyalists,333
8864,22,1,70,5,1,2,New Customers,512
8865,212,1,70,2,1,2,Hibernating,212
8866,300,1,1155,1,1,3,Hibernating,113
8867,123,1,70,4,1,2,New Customers,412
8868,275,1,1155,2,1,3,Hibernating,213
8869,94,1,120,4,1,3,New Customers,413
8870,109,1,609,4,1,3,New Customers,413
8871,53,2,77,5,3,2,Potential Loyalists,532
8872,157,1,70,3,1,2,Needs Attention,312
8873,12,1,7,5,1,1,New Customers,511
8874,297,1,7,1,1,1,Hibernating,111
8875,204,2,4544,3,3,5,Potential Loyalists,335
8876,280,1,1199,2,1,4,At Risk (high value),214
8877,212,1,79,2,1,2,Hibernating,212
8878,148,1,70,3,1,2,Needs Attention,312
8879,52,1,70,5,1,2,New Customers,512
8880,331,1,70,1,1,2,Hibernating,112
8881,305,1,70,1,1,2,Hibernating,112
8882,306,1,79,1,1,2,Hibernating,112
8883,199,1,124,3,1,3,Needs Attention,313
8884,98,1,549,4,1,3,New Customers,413
8885,189,2,4588,3,3,5,Potential Loyalists,335
8886,31,1,124,5,1,3,New Customers,513
8887,292,1,79,1,1,2,Hibernating,112
8888,42,1,79,5,1,2,New Customers,512
8889,189,1,120,3,1,3,Needs Attention,313
8890,97,1,540,4,1,3,New Customers,413
8891,196,1,120,3,1,3,Needs Attention,313
8892,289,1,1174,1,1,4,At Risk (high value),114
8893,276,1,1155,2,1,3,Hibernating,213
8894,1,1,120,5,1,3,New Customers,513
8895,244,1,70,2,1,2,Hibernating,212
8896,15,1,129,5,1,3,New Customers,513
8897,307,1,70,1,1,2,Hibernating,112
8898,71,1,597,5,1,3,New Customers,513
8899,40,1,27,5,1,1,New Customers,511
8900,94,2,3128,4,3,4,Potential Loyalists,434
8901,155,1,27,3,1,1,Needs Attention,311
8902,108,2,3016,4,3,4,Potential Loyalists,434
8903,97,2,3080,4,3,4,Potential Loyalists,434
8904,76,2,3178,4,3,4,Potential Loyalists,434
8905,112,2,3018,4,3,4,Potential Loyalists,434
8906,89,1,7,4,1,1,New Customers,411
8907,173,1,14,3,1,1,Needs Attention,311
8908,117,1,32,4,1,1,New Customers,411
8909,36,1,49,5,1,2,New Customers,512
8910,244,1,64,2,1,2,Hibernating,212
8911,114,2,3189,4,3,4,Potential Loyalists,434
8912,83,2,3335,4,3,5,Potential Loyalists,435
8913,65,2,3427,5,3,5,Potential Loyalists,535
8914,338,1,29,1,1,1,Hibernating,111
8915,229,1,31,2,1,1,Hibernating,211
8916,12,1,79,5,1,2,New Customers,512
8917,74,2,3354,4,3,5,Potential Loyalists,435
8918,82,2,3369,4,3,5,Potential Loyalists,435
8919,32,2,3360,5,3,5,Potential Loyalists,535
8920,261,1,5,2,1,1,Hibernating,211
8921,344,1,92,1,1,2,Hibernating,112
8922,291,1,64,1,1,2,Hibernating,112
8923,86,2,3138,4,3,4,Potential Loyalists,434
8924,274,1,25,2,1,1,Hibernating,211
8925,99,2,3172,4,3,4,Potential Loyalists,434
8926,205,1,84,3,1,2,Needs Attention,312
8927,298,1,40,1,1,2,Hibernating,112
8928,184,1,5,3,1,1,Needs Attention,311
8929,271,1,5,2,1,1,Hibernating,211
8930,305,1,64,1,1,2,Hibernating,112
8931,65,2,3115,5,3,4,Potential Loyalists,534
8932,82,2,3126,4,3,4,Potential Loyalists,434
8933,15,1,25,5,1,1,New Customers,511
8934,311,1,5,1,1,1,Hibernating,111
8935,260,1,193,2,1,3,Hibernating,213
8936,165,1,83,3,1,2,Needs Attention,312
8937,33,1,29,5,1,1,New Customers,511
8938,25,1,73,5,1,2,New Customers,512
8939,138,1,5,3,1,1,Needs Attention,311
8940,51,1,49,5,1,2,New Customers,512
8941,34,2,3440,5,3,5,Potential Loyalists,535
8942,54,2,3078,5,3,4,Potential Loyalists,534
8943,41,2,3034,5,3,4,Potential Loyalists,534
8944,84,2,3113,4,3,4,Potential Loyalists,434
8945,73,2,3105,5,3,4,Potential Loyalists,534
8946,70,2,3138,5,3,4,Potential Loyalists,534
8947,289,1,87,1,1,2,Hibernating,112
8948,262,2,6056,2,3,5,At Risk (high value),235
8949,267,2,6021,2,3,5,At Risk (high value),235
8950,265,2,6054,2,3,5,At Risk (high value),235
8951,225,2,6098,2,3,5,At Risk (high value),235
8952,221,2,6021,2,3,5,At Risk (high value),235
8953,51,2,39,5,3,1,Potential Loyalists,531
8954,23,2,48,5,3,2,Potential Loyalists,532
8955,228,2,74,2,3,2,Hibernating,232
8956,157,2,173,3,3,3,Potential Loyalists,333
8957,218,2,6060,2,3,5,At Risk (high value),235
8958,228,2,6035,2,3,5,At Risk (high value),235
8959,215,2,6056,2,3,5,At Risk (high value),235
8960,220,2,6056,2,3,5,At Risk (high value),235
8961,229,2,6120,2,3,5,At Risk (high value),235
8962,52,2,98,5,3,3,Potential Loyalists,533
8963,194,2,46,3,3,2,Potential Loyalists,332
8964,230,2,6054,2,3,5,At Risk (high value),235
8965,225,2,6056,2,3,5,At Risk (high value),235
8966,217,2,6056,2,3,5,At Risk (high value),235
8967,236,2,6021,2,3,5,At Risk (high value),235
8968,218,2,6029,2,3,5,At Risk (high value),235
8969,234,2,6021,2,3,5,At Risk (high value),235
8970,237,2,98,2,3,3,Hibernating,233
8971,217,2,6099,2,3,5,At Risk (high value),235
8972,228,2,6056,2,3,5,At Risk (high value),235
8973,117,2,49,4,3,2,Potential Loyalists,432
8974,145,2,83,3,3,2,Potential Loyalists,332
8975,224,2,6021,2,3,5,At Risk (high value),235
8976,214,2,6056,2,3,5,At Risk (high value),235
8977,214,2,43,2,3,2,Hibernating,232
8978,244,2,6044,2,3,5,At Risk (high value),235
8979,233,2,6060,2,3,5,At Risk (high value),235
8980,221,2,6090,2,3,5,At Risk (high value),235
8981,13,1,94,5,1,3,New Customers,513
8982,300,1,1155,1,1,3,Hibernating,113
8983,79,1,590,4,1,3,New Customers,413
8984,282,1,1120,2,1,3,Hibernating,213
8985,278,1,1183,2,1,4,At Risk (high value),214
8986,296,1,1174,1,1,4,At Risk (high value),114
8987,302,1,1189,1,1,4,At Risk (high value),114
8988,210,2,4564,2,3,5,At Risk (high value),235
8989,167,2,4555,3,3,5,Potential Loyalists,335
8990,181,2,4495,3,3,5,Potential Loyalists,335
8991,79,1,549,4,1,3,New Customers,413
8992,75,1,597,4,1,3,New Customers,413
8993,68,1,587,5,1,3,New Customers,513
8994,298,1,1184,1,1,4,At Risk (high value),114
8995,89,1,540,4,1,3,New Customers,413
8996,69,1,619,5,1,3,New Customers,513
8997,134,1,70,3,1,2,Needs Attention,312
8998,91,2,5815,4,3,5,Potential Loyalists,435
8999,300,1,1155,1,1,3,Hibernating,113
9000,303,1,1147,1,1,3,Hibernating,113
9001,161,2,4495,3,3,5,Potential Loyalists,335
9002,280,1,1155,2,1,3,Hibernating,213
9003,51,1,590,5,1,3,New Customers,513
9004,45,1,580,5,1,3,New Customers,513
9005,50,1,590,5,1,3,New Customers,513
9006,258,1,1143,2,1,3,Hibernating,213
9007,245,1,1155,2,1,3,Hibernating,213
9008,152,2,4495,3,3,5,Potential Loyalists,335
9009,104,1,70,4,1,2,New Customers,412
9010,267,1,1184,2,1,4,At Risk (high value),214
9011,128,1,70,4,1,2,New Customers,412
9012,37,1,540,5,1,3,New Customers,513
9013,52,1,555,5,1,3,New Customers,513
9014,37,1,540,5,1,3,New Customers,513
9015,307,1,79,1,1,2,Hibernating,112
9016,45,1,565,5,1,3,New Customers,513
9017,171,1,133,3,1,3,Needs Attention,313
9018,35,1,79,5,1,2,New Customers,512
9019,228,1,70,2,1,2,Hibernating,212
9020,147,1,129,3,1,3,Needs Attention,313
9021,117,1,79,4,1,2,New Customers,412
9022,41,1,81,5,1,2,New Customers,512
9023,114,1,120,4,1,3,New Customers,413
9024,145,2,4530,3,3,5,Potential Loyalists,335
9025,274,1,1155,2,1,3,Hibernating,213
9026,80,1,94,4,1,3,New Customers,413
9027,254,1,1213,2,1,4,At Risk (high value),214
9028,88,1,79,4,1,2,New Customers,412
9029,246,1,1174,2,1,4,At Risk (high value),214
9030,270,1,1129,2,1,3,Hibernating,213
9031,260,1,1155,2,1,3,Hibernating,213
9032,263,1,1155,2,1,3,Hibernating,213
9033,247,1,1120,2,1,3,Hibernating,213
9034,51,1,567,5,1,3,New Customers,513
9035,68,2,5770,5,3,5,Potential Loyalists,535
9036,80,2,5695,4,3,5,Potential Loyalists,435
9037,378,1,2618,1,1,4,At Risk (high value),114
9038,367,1,2596,1,1,4,At Risk (high value),114
9039,394,1,2443,1,1,4,At Risk (high value),114
9040,376,1,2457,1,1,4,At Risk (high value),114
9041,263,1,1155,2,1,3,Hibernating,213
9042,280,1,13,2,1,1,Hibernating,211
9043,332,2,3150,1,3,4,At Risk (high value),134
9044,35,1,32,5,1,1,New Customers,511
9045,232,1,1155,2,1,3,Hibernating,213
9046,301,1,597,1,1,3,Hibernating,113
9047,245,1,692,2,1,3,Hibernating,213
9048,245,1,615,2,1,3,Hibernating,213
9049,185,2,3142,3,3,4,Potential Loyalists,334
9050,159,2,3150,3,3,4,Potential Loyalists,334
9051,362,1,59,1,1,2,Hibernating,112
9052,32,3,4464,5,4,5,Champions,545
9053,316,2,3214,1,3,4,At Risk (high value),134
9054,218,1,36,2,1,1,Hibernating,211
9055,293,2,3338,1,3,5,At Risk (high value),135
9056,217,1,83,2,1,2,Hibernating,212
9057,69,1,144,5,1,3,New Customers,513
9058,141,1,48,3,1,2,Needs Attention,312
9059,243,1,31,2,1,1,Hibernating,211
9060,198,1,1170,3,1,4,Needs Attention,314
9061,175,2,3142,3,3,4,Potential Loyalists,334
9062,189,1,1174,3,1,4,Needs Attention,314
9063,305,2,1997,1,3,4,At Risk (high value),134
9064,51,1,65,5,1,2,New Customers,512
9065,225,1,39,2,1,1,Hibernating,211
9066,41,1,21,5,1,1,New Customers,511
9067,265,1,1170,2,1,4,At Risk (high value),214
9068,253,1,1155,2,1,3,Hibernating,213
9069,247,1,1120,2,1,3,Hibernating,213
9070,120,1,575,4,1,3,New Customers,413
9071,191,1,40,3,1,2,Needs Attention,312
9072,332,1,79,1,1,2,Hibernating,112
9073,261,1,1155,2,1,3,Hibernating,213
9074,266,1,1170,2,1,4,At Risk (high value),214
9075,105,1,589,4,1,3,New Customers,413
9076,789,1,3400,1,1,5,At Risk (high value),115
9077,69,1,554,5,1,3,New Customers,513
9078,89,1,633,4,1,3,New Customers,413
9079,69,1,629,5,1,3,New Customers,513
9080,71,1,5,5,1,1,New Customers,511
9081,88,1,549,4,1,3,New Customers,413
9082,106,1,59,4,1,2,New Customers,412
9083,21,2,138,5,3,3,Potential Loyalists,533
9084,86,1,40,4,1,2,New Customers,412
9085,61,2,63,5,3,2,Potential Loyalists,532
9086,162,2,77,3,3,2,Potential Loyalists,332
9087,252,2,129,2,3,3,Hibernating,233
9088,25,2,113,5,3,3,Potential Loyalists,533
9089,236,1,5,2,1,1,Hibernating,211
9090,196,1,5,3,1,1,Needs Attention,311
9091,62,1,549,5,1,3,New Customers,513
9092,69,1,563,5,1,3,New Customers,513
9093,248,1,1149,2,1,3,Hibernating,213
9094,270,1,1179,2,1,4,At Risk (high value),214
9095,175,1,14,3,1,1,Needs Attention,311
9096,145,1,60,3,1,2,Needs Attention,312
9097,41,2,71,5,3,2,Potential Loyalists,532
9098,271,1,1120,2,1,3,Hibernating,213
9099,102,1,69,4,1,2,New Customers,412
9100,150,1,5,3,1,1,Needs Attention,311
9101,41,1,40,5,1,2,New Customers,512
9102,77,1,68,4,1,2,New Customers,412
9103,137,1,40,3,1,2,Needs Attention,312
9104,270,1,104,2,1,3,Hibernating,213
9105,336,2,66,1,3,2,Hibernating,132
9106,162,1,69,3,1,2,Needs Attention,312
9107,234,2,132,2,3,3,Hibernating,233
9108,189,1,70,3,1,2,Needs Attention,312
9109,271,1,1155,2,1,3,Hibernating,213
9110,257,1,1155,2,1,3,Hibernating,213
9111,244,1,1120,2,1,3,Hibernating,213
9112,240,1,1169,2,1,4,At Risk (high value),214
9113,101,1,79,4,1,2,New Customers,412
9114,94,1,70,4,1,2,New Customers,412
9115,243,1,79,2,1,2,Hibernating,212
9116,332,1,120,1,1,3,Hibernating,113
9117,331,1,120,1,1,3,Hibernating,113
9118,309,1,79,1,1,2,Hibernating,112
9119,222,1,1170,2,1,4,At Risk (high value),214
9120,117,1,70,4,1,2,New Customers,412
9121,295,1,120,1,1,3,Hibernating,113
9122,317,1,70,1,1,2,Hibernating,112
9123,78,1,129,4,1,3,New Customers,413
9124,111,1,133,4,1,3,New Customers,413
9125,235,1,70,2,1,2,Hibernating,212
9126,245,1,120,2,1,3,Hibernating,213
9127,20,1,70,5,1,2,New Customers,512
9128,292,1,70,1,1,2,Hibernating,112
9129,202,1,79,3,1,2,Needs Attention,312
9130,300,1,120,1,1,3,Hibernating,113
9131,363,1,5,1,1,1,Hibernating,111
9132,34,1,39,5,1,1,New Customers,511
9133,233,1,70,2,1,2,Hibernating,212
9134,209,1,29,2,1,1,Hibernating,211
9135,3,1,149,5,1,3,New Customers,513
9136,212,1,70,2,1,2,Hibernating,212
9137,25,1,27,5,1,1,New Customers,511
9138,54,1,79,5,1,2,New Customers,512
9139,357,1,120,1,1,3,Hibernating,113
9140,270,1,70,2,1,2,Hibernating,212
9141,270,1,30,2,1,1,Hibernating,211
9142,82,1,4,4,1,1,New Customers,411
9143,363,1,4,1,1,1,Hibernating,111
9144,185,1,32,3,1,1,Needs Attention,311
9145,31,1,121,5,1,3,New Customers,513
9146,201,1,1184,3,1,4,Needs Attention,314
9147,348,1,4,1,1,1,Hibernating,111
9148,224,1,38,2,1,1,Hibernating,211
9149,319,1,6,1,1,1,Hibernating,111
9150,176,2,3165,3,3,4,Potential Loyalists,334
9151,297,2,3264,1,3,4,At Risk (high value),134
9152,338,2,4152,1,3,5,At Risk (high value),135
9153,358,2,4142,1,3,5,At Risk (high value),135
9154,183,1,14,3,1,1,Needs Attention,311
9155,349,2,4153,1,3,5,At Risk (high value),135
9156,214,1,60,2,1,2,Hibernating,212
9157,338,2,4139,1,3,5,At Risk (high value),135
9158,356,2,4118,1,3,5,At Risk (high value),135
9159,363,2,4153,1,3,5,At Risk (high value),135
9160,356,2,4167,1,3,5,At Risk (high value),135
9161,341,2,4237,1,3,5,At Risk (high value),135
9162,217,1,39,2,1,1,Hibernating,211
9163,294,2,1966,1,3,4,At Risk (high value),134
9164,288,2,1903,2,3,4,At Risk (high value),234
9165,133,2,3150,4,3,4,Potential Loyalists,434
9166,144,2,3191,3,3,4,Potential Loyalists,334
9167,299,2,1967,1,3,4,At Risk (high value),134
9168,126,2,3142,4,3,4,Potential Loyalists,434
9169,29,1,32,5,1,1,New Customers,511
9170,4,1,79,5,1,2,New Customers,512
9171,105,2,3177,4,3,4,Potential Loyalists,434
9172,268,2,1938,2,3,4,At Risk (high value),234
9173,65,2,3150,5,3,4,Potential Loyalists,534
9174,290,2,3181,1,3,4,At Risk (high value),134
9175,105,1,30,4,1,1,New Customers,411
9176,204,1,1214,3,1,4,Needs Attention,314
9177,120,1,32,4,1,1,New Customers,411
9178,232,1,6,2,1,1,Hibernating,211
9179,314,1,4,1,1,1,Hibernating,111
9180,242,1,25,2,1,1,Hibernating,211
9181,393,1,2488,1,1,4,At Risk (high value),114
9182,384,1,2443,1,1,4,At Risk (high value),114
9183,85,2,5750,4,3,5,Potential Loyalists,435
9184,365,1,2451,1,1,4,At Risk (high value),114
9185,278,1,124,2,1,3,Hibernating,213
9186,135,1,70,3,1,2,Needs Attention,312
9187,117,2,3191,4,3,4,Potential Loyalists,434
9188,227,1,1179,2,1,4,At Risk (high value),214
9189,95,2,3226,4,3,4,Potential Loyalists,434
9190,136,1,5,3,1,1,Needs Attention,311
9191,223,1,1204,2,1,4,At Risk (high value),214
9192,215,1,1143,2,1,3,Hibernating,213
9193,229,1,1155,2,1,3,Hibernating,213
9194,233,1,1120,2,1,3,Hibernating,213
9195,220,1,1174,2,1,4,At Risk (high value),214
9196,241,1,1174,2,1,4,At Risk (high value),214
9197,216,1,1120,2,1,3,Hibernating,213
9198,220,1,1145,2,1,3,Hibernating,213
9199,230,1,1174,2,1,4,At Risk (high value),214
9200,343,1,2502,1,1,4,At Risk (high value),114
9201,366,1,2480,1,1,4,At Risk (high value),114
9202,1,1,134,5,1,3,New Customers,513
9203,52,1,46,5,1,2,New Customers,512
9204,129,1,120,4,1,3,New Customers,413
9205,364,1,2476,1,1,4,At Risk (high value),114
9206,231,1,1184,2,1,4,At Risk (high value),214
9207,94,2,3204,4,3,4,Potential Loyalists,434
9208,231,1,1134,2,1,3,Hibernating,213
9209,121,2,3219,4,3,4,Potential Loyalists,434
9210,111,2,3268,4,3,4,Potential Loyalists,434
9211,346,1,2478,1,1,4,At Risk (high value),114
9212,242,2,5333,2,3,5,At Risk (high value),235
9213,45,2,100,5,3,3,Potential Loyalists,533
9214,238,2,6029,2,3,5,At Risk (high value),235
9215,218,2,5304,2,3,5,At Risk (high value),235
9216,236,2,5279,2,3,5,At Risk (high value),235
9217,239,2,5338,2,3,5,At Risk (high value),235
9218,239,2,6089,2,3,5,At Risk (high value),235
9219,271,2,104,2,3,3,Hibernating,233
9220,243,2,6044,2,3,5,At Risk (high value),235
9221,237,2,6060,2,3,5,At Risk (high value),235
9222,228,2,6035,2,3,5,At Risk (high value),235
9223,42,2,74,5,3,2,Potential Loyalists,532
9224,32,2,187,5,3,3,Potential Loyalists,533
9225,116,2,44,4,3,2,Potential Loyalists,432
9226,227,2,6056,2,3,5,At Risk (high value),235
9227,238,2,6067,2,3,5,At Risk (high value),235
9228,221,2,6054,2,3,5,At Risk (high value),235
9229,244,2,6093,2,3,5,At Risk (high value),235
9230,163,1,70,3,1,2,Needs Attention,312
9231,230,1,32,2,1,1,Hibernating,211
9232,251,1,60,2,1,2,Hibernating,212
9233,230,1,92,2,1,2,Hibernating,212
9234,271,1,70,2,1,2,Hibernating,212
9235,340,1,32,1,1,1,Hibernating,111
9236,47,1,35,5,1,1,New Customers,511
9237,213,2,5279,2,3,5,At Risk (high value),235
9238,362,1,21,1,1,1,Hibernating,111
9239,220,2,6021,2,3,5,At Risk (high value),235
9240,224,2,6093,2,3,5,At Risk (high value),235
9241,105,1,57,4,1,2,New Customers,412
9242,193,2,5347,3,3,5,Potential Loyalists,335
9243,230,2,6068,2,3,5,At Risk (high value),235
9244,252,1,60,2,1,2,Hibernating,212
9245,230,2,6021,2,3,5,At Risk (high value),235
9246,192,2,6085,3,3,5,Potential Loyalists,335
9247,213,2,6035,2,3,5,At Risk (high value),235
9248,188,2,6056,3,3,5,Potential Loyalists,335
9249,34,1,70,5,1,2,New Customers,512
9250,189,2,5333,3,3,5,Potential Loyalists,335
9251,286,1,37,2,1,1,Hibernating,211
9252,282,1,59,2,1,2,Hibernating,212
9253,150,1,70,3,1,2,Needs Attention,312
9254,187,2,6035,3,3,5,Potential Loyalists,335
9255,135,1,60,3,1,2,Needs Attention,312
9256,353,1,75,1,1,2,Hibernating,112
9257,196,2,6029,3,3,5,Potential Loyalists,335
9258,5,1,21,5,1,1,New Customers,511
9259,200,2,6029,3,3,5,Potential Loyalists,335
9260,194,2,6029,3,3,5,Potential Loyalists,335
9261,213,2,5314,2,3,5,At Risk (high value),235
9262,183,2,5314,3,3,5,Potential Loyalists,335
9263,212,1,27,2,1,1,Hibernating,211
9264,64,1,21,5,1,1,New Customers,511
9265,190,2,5333,3,3,5,Potential Loyalists,335
9266,322,1,32,1,1,1,Hibernating,111
9267,284,1,60,2,1,2,Hibernating,212
9268,177,1,49,3,1,2,Needs Attention,312
9269,98,1,21,4,1,1,New Customers,411
9270,93,1,5,4,1,1,New Customers,411
9271,282,1,79,2,1,2,Hibernating,212
9272,196,1,120,3,1,3,Needs Attention,313
9273,127,1,94,4,1,3,New Customers,413
9274,123,1,40,4,1,2,New Customers,412
9275,180,1,70,3,1,2,Needs Attention,312
9276,16,1,134,5,1,3,New Customers,513
9277,24,1,129,5,1,3,New Customers,513
9278,271,1,5,2,1,1,Hibernating,211
9279,332,1,70,1,1,2,Hibernating,112
9280,319,1,144,1,1,3,Hibernating,113
9281,137,2,96,3,3,3,Potential Loyalists,333
9282,225,1,1179,2,1,4,At Risk (high value),214
9283,208,1,37,2,1,1,Hibernating,211
9284,163,2,5314,3,3,5,Potential Loyalists,335
9285,154,2,5328,3,3,5,Potential Loyalists,335
9286,47,1,70,5,1,2,New Customers,512
9287,280,1,79,2,1,2,Hibernating,212
9288,140,1,144,3,1,3,Needs Attention,313
9289,81,1,94,4,1,3,New Customers,413
9290,160,1,70,3,1,2,Needs Attention,312
9291,295,1,124,1,1,3,Hibernating,113
9292,220,1,1151,2,1,3,Hibernating,213
9293,91,1,120,4,1,3,New Customers,413
9294,136,1,70,3,1,2,Needs Attention,312
9295,138,1,120,3,1,3,Needs Attention,313
9296,230,1,1174,2,1,4,At Risk (high value),214
9297,244,1,1145,2,1,3,Hibernating,213
9298,323,1,2466,1,1,4,At Risk (high value),114
9299,3,1,70,5,1,2,New Customers,512
9300,291,1,57,1,1,2,Hibernating,112
9301,126,1,72,4,1,2,New Customers,412
9302,251,1,70,2,1,2,Hibernating,212
9303,311,1,2451,1,1,4,At Risk (high value),114
9304,311,1,2512,1,1,4,At Risk (high value),114
9305,224,1,1170,2,1,4,At Risk (high value),214
9306,115,1,70,4,1,2,New Customers,412
9307,273,1,70,2,1,2,Hibernating,212
9308,234,1,120,2,1,3,Hibernating,213
9309,317,1,70,1,1,2,Hibernating,112
9310,25,1,69,5,1,2,New Customers,512
9311,224,1,1149,2,1,3,Hibernating,213
9312,73,1,120,5,1,3,New Customers,513
9313,268,1,5,2,1,1,Hibernating,211
9314,58,1,94,5,1,3,New Customers,513
9315,68,1,68,5,1,2,New Customers,512
9316,228,1,133,2,1,3,Hibernating,213
9317,337,1,40,1,1,2,Hibernating,112
9318,307,1,59,1,1,2,Hibernating,112
9319,94,2,3241,4,3,4,Potential Loyalists,434
9320,229,1,1155,2,1,3,Hibernating,213
9321,236,1,1155,2,1,3,Hibernating,213
9322,233,1,1155,2,1,3,Hibernating,213
9323,35,1,70,5,1,2,New Customers,512
9324,314,1,2492,1,1,4,At Risk (high value),114
9325,306,1,2544,1,1,4,At Risk (high value),114
9326,90,1,79,4,1,2,New Customers,412
9327,276,1,129,2,1,3,Hibernating,213
9328,256,1,70,2,1,2,Hibernating,212
9329,164,1,120,3,1,3,Needs Attention,313
9330,98,1,70,4,1,2,New Customers,412
9331,29,1,72,5,1,2,New Customers,512
9332,245,1,134,2,1,3,Hibernating,213
9333,140,1,79,3,1,2,Needs Attention,312
9334,75,1,70,4,1,2,New Customers,412
9335,350,1,70,1,1,2,Hibernating,112
9336,128,1,70,4,1,2,New Customers,412
9337,45,1,70,5,1,2,New Customers,512
9338,331,1,2452,1,1,4,At Risk (high value),114
9339,100,1,124,4,1,3,New Customers,413
9340,308,1,2528,1,1,4,At Risk (high value),114
9341,304,1,2443,1,1,4,At Risk (high value),114
9342,185,1,57,3,1,2,Needs Attention,312
9343,114,1,79,4,1,2,New Customers,412
9344,357,1,70,1,1,2,Hibernating,112
9345,327,1,120,1,1,3,Hibernating,113
9346,292,1,2521,1,1,4,At Risk (high value),114
9347,284,1,2565,2,1,4,At Risk (high value),214
9348,284,1,2443,2,1,4,At Risk (high value),214
9349,296,1,2511,1,1,4,At Risk (high value),114
9350,209,1,70,2,1,2,Hibernating,212
9351,82,2,3226,4,3,4,Potential Loyalists,434
9352,131,1,120,4,1,3,New Customers,413
9353,288,1,79,2,1,2,Hibernating,212
9354,285,1,79,2,1,2,Hibernating,212
9355,247,1,32,2,1,1,Hibernating,211
9356,119,1,79,4,1,2,New Customers,412
9357,45,1,79,5,1,2,New Customers,512
9358,223,1,70,2,1,2,Hibernating,212
9359,271,1,124,2,1,3,Hibernating,213
9360,236,1,79,2,1,2,Hibernating,212
9361,160,1,79,3,1,2,Needs Attention,312
9362,349,1,70,1,1,2,Hibernating,112
9363,79,1,70,4,1,2,New Customers,412
9364,79,1,144,4,1,3,New Customers,413
9365,39,1,79,5,1,2,New Customers,512
9366,3,1,70,5,1,2,New Customers,512
9367,339,1,70,1,1,2,Hibernating,112
9368,60,1,129,5,1,3,New Customers,513
9369,268,1,70,2,1,2,Hibernating,212
9370,266,1,65,2,1,2,Hibernating,212
9371,266,1,50,2,1,2,Hibernating,212
9372,228,1,1174,2,1,4,At Risk (high value),214
9373,231,1,1184,2,1,4,At Risk (high value),214
9374,82,2,3226,4,3,4,Potential Loyalists,434
9375,243,1,1120,2,1,3,Hibernating,213
9376,85,2,4438,4,3,5,Potential Loyalists,435
9377,278,1,2476,2,1,4,At Risk (high value),214
9378,247,1,2443,2,1,4,At Risk (high value),214
9379,348,1,120,1,1,3,Hibernating,113
9380,177,1,124,3,1,3,Needs Attention,313
9381,283,1,7,2,1,1,Hibernating,211
9382,91,1,70,4,1,2,New Customers,412
9383,274,1,2482,2,1,4,At Risk (high value),214
9384,95,1,94,4,1,3,New Customers,413
9385,249,1,129,2,1,3,Hibernating,213
9386,259,1,2528,2,1,4,At Risk (high value),214
9387,266,1,2482,2,1,4,At Risk (high value),214
9388,207,1,1194,2,1,4,At Risk (high value),214
9389,147,1,10,3,1,1,Needs Attention,311
9390,86,1,23,4,1,1,New Customers,411
9391,157,1,15,3,1,1,Needs Attention,311
9392,355,1,24,1,1,1,Hibernating,111
9393,93,1,134,4,1,3,New Customers,413
9394,24,1,15,5,1,1,New Customers,511
9395,210,1,1158,2,1,4,At Risk (high value),214
9396,199,1,1179,3,1,4,Needs Attention,314
9397,119,1,70,4,1,2,New Customers,412
9398,105,1,79,4,1,2,New Customers,412
9399,234,1,69,2,1,2,Hibernating,212
9400,192,1,1184,3,1,4,Needs Attention,314
9401,207,1,1120,2,1,3,Hibernating,213
9402,190,1,1184,3,1,4,Needs Attention,314
9403,227,1,5,2,1,1,Hibernating,211
9404,36,1,7,5,1,1,New Customers,511
9405,18,1,125,5,1,3,New Customers,513
9406,256,1,2563,2,1,4,At Risk (high value),214
9407,143,1,60,3,1,2,Needs Attention,312
9408,168,1,5,3,1,1,Needs Attention,311
9409,150,1,70,3,1,2,Needs Attention,312
9410,167,1,15,3,1,1,Needs Attention,311
9411,294,1,50,1,1,2,Hibernating,112
9412,260,1,69,2,1,2,Hibernating,212
9413,269,1,2528,2,1,4,At Risk (high value),214
9414,312,1,50,1,1,2,Hibernating,112
9415,110,1,79,4,1,2,New Customers,412
9416,169,1,14,3,1,1,Needs Attention,311
9417,336,2,4118,1,3,5,At Risk (high value),135
9418,287,1,68,2,1,2,Hibernating,212
9419,338,2,4207,1,3,5,At Risk (high value),135
9420,297,1,5,1,1,1,Hibernating,111
9421,331,2,4132,1,3,5,At Risk (high value),135
9422,265,1,119,2,1,3,Hibernating,213
9423,205,1,1134,3,1,3,Needs Attention,313
9424,314,2,4177,1,3,5,At Risk (high value),135
9425,319,2,4132,1,3,5,At Risk (high value),135
9426,331,2,4118,1,3,5,At Risk (high value),135
9427,326,2,4139,1,3,5,At Risk (high value),135
9428,163,2,5314,3,3,5,Potential Loyalists,335
9429,12,1,30,5,1,1,New Customers,511
9430,154,2,5378,3,3,5,Potential Loyalists,335
9431,187,2,6056,3,3,5,Potential Loyalists,335
9432,125,1,15,4,1,1,New Customers,411
9433,83,1,15,4,1,1,New Customers,411
9434,52,1,74,5,1,2,New Customers,512
9435,207,1,1170,2,1,4,At Risk (high value),214
9436,197,1,50,3,1,2,Needs Attention,312
9437,183,1,1134,3,1,3,Needs Attention,313
9438,201,1,1155,3,1,3,Needs Attention,313
9439,293,1,70,1,1,2,Hibernating,112
9440,339,1,15,1,1,1,Hibernating,111
9441,248,1,10,2,1,1,Hibernating,211
9442,157,1,40,3,1,2,Needs Attention,312
9443,259,1,2482,2,1,4,At Risk (high value),214
9444,117,1,39,4,1,1,New Customers,411
9445,190,2,6085,3,3,5,Potential Loyalists,335
9446,190,2,6078,3,3,5,Potential Loyalists,335
9447,195,2,6029,3,3,5,Potential Loyalists,335
9448,187,2,6035,3,3,5,Potential Loyalists,335
9449,205,2,6044,3,3,5,Potential Loyalists,335
9450,203,1,10,3,1,1,Needs Attention,311
9451,203,2,6021,3,3,5,Potential Loyalists,335
9452,197,2,6054,3,3,5,Potential Loyalists,335
9453,202,2,6157,3,3,5,Potential Loyalists,335
9454,362,1,21,1,1,1,Hibernating,111
9455,213,1,23,2,1,1,Hibernating,211
9456,10,1,23,5,1,1,New Customers,511
9457,186,2,6029,3,3,5,Potential Loyalists,335
9458,246,1,74,2,1,2,Hibernating,212
9459,275,1,50,2,1,2,Hibernating,212
9460,184,1,1155,3,1,3,Needs Attention,313
9461,353,1,21,1,1,1,Hibernating,111
9462,242,1,2492,2,1,4,At Risk (high value),214
9463,234,1,2512,2,1,4,At Risk (high value),214
9464,194,1,1147,3,1,3,Needs Attention,313
9465,220,1,23,2,1,1,Hibernating,211
9466,238,1,2515,2,1,4,At Risk (high value),214
9467,9,1,15,5,1,1,New Customers,511
9468,100,1,17,4,1,1,New Customers,411
9469,72,2,3169,5,3,4,Potential Loyalists,534
9470,43,1,50,5,1,2,New Customers,512
9471,78,2,4408,4,3,5,Potential Loyalists,435
9472,58,1,74,5,1,2,New Customers,512
9473,216,1,2482,2,1,4,At Risk (high value),214
9474,3,1,15,5,1,1,New Customers,511
9475,184,1,50,3,1,2,Needs Attention,312
9476,233,1,15,2,1,1,Hibernating,211
9477,241,1,2521,2,1,4,At Risk (high value),214
9478,206,1,69,3,1,2,Needs Attention,312
9479,262,1,96,2,1,3,Hibernating,213
9480,109,1,86,4,1,2,New Customers,412
9481,196,1,1155,3,1,3,Needs Attention,313
9482,186,1,1170,3,1,4,Needs Attention,314
9483,218,1,2443,2,1,4,At Risk (high value),214
9484,36,2,4400,5,3,5,Potential Loyalists,535
9485,192,1,1151,3,1,3,Needs Attention,313
9486,205,1,15,3,1,1,Needs Attention,311
9487,130,1,50,4,1,2,New Customers,412
9488,273,1,10,2,1,1,Hibernating,211
9489,68,1,15,5,1,1,New Customers,511
9490,281,1,50,2,1,2,Hibernating,212
9491,30,1,50,5,1,2,New Customers,512
9492,24,1,24,5,1,1,New Customers,511
9493,363,1,72,1,1,2,Hibernating,112
9494,76,1,24,4,1,1,New Customers,411
9495,331,1,15,1,1,1,Hibernating,111
9496,225,1,2482,2,1,4,At Risk (high value),214
9497,191,1,2478,3,1,4,Needs Attention,314
9498,335,1,70,1,1,2,Hibernating,112
9499,183,1,13,3,1,1,Needs Attention,311
9500,18,1,55,5,1,2,New Customers,512
9501,281,1,69,2,1,2,Hibernating,212
9502,185,1,65,3,1,2,Needs Attention,312
9503,284,1,65,2,1,2,Hibernating,212
9504,287,1,15,2,1,1,Hibernating,211
9505,146,1,120,3,1,3,Needs Attention,313
9506,300,1,65,1,1,2,Hibernating,112
9507,332,1,69,1,1,2,Hibernating,112
9508,229,1,50,2,1,2,Hibernating,212
9509,29,1,22,5,1,1,New Customers,511
9510,273,1,10,2,1,1,Hibernating,211
9511,18,1,73,5,1,2,New Customers,512
9512,72,1,15,5,1,1,New Customers,511
9513,309,1,10,1,1,1,Hibernating,111
9514,306,1,74,1,1,2,Hibernating,112
9515,126,1,50,4,1,2,New Customers,412
9516,223,1,74,2,1,2,Hibernating,212
9517,109,1,15,4,1,1,New Customers,411
9518,223,1,77,2,1,2,Hibernating,212
9519,168,1,50,3,1,2,Needs Attention,312
9520,61,1,55,5,1,2,New Customers,512
9521,306,1,15,1,1,1,Hibernating,111
9522,53,1,25,5,1,1,New Customers,511
9523,166,1,45,3,1,2,Needs Attention,312
9524,63,1,15,5,1,1,New Customers,511
9525,246,1,69,2,1,2,Hibernating,212
9526,203,1,1155,3,1,3,Needs Attention,313
9527,186,1,1170,3,1,4,Needs Attention,314
9528,191,1,2478,3,1,4,Needs Attention,314
9529,329,1,64,1,1,2,Hibernating,112
9530,207,1,1174,2,1,4,At Risk (high value),214
9531,274,1,104,2,1,3,Hibernating,213
9532,67,1,65,5,1,2,New Customers,512
9533,51,1,93,5,1,3,New Customers,513
9534,178,1,32,3,1,1,Needs Attention,311
9535,133,1,24,4,1,1,New Customers,411
9536,101,1,15,4,1,1,New Customers,411
9537,101,1,24,4,1,1,New Customers,411
9538,365,1,24,1,1,1,Hibernating,111
9539,110,1,69,4,1,2,New Customers,412
9540,128,1,15,4,1,1,New Customers,411
9541,53,1,10,5,1,1,New Customers,511
9542,206,1,1174,3,1,4,Needs Attention,314
9543,167,1,93,3,1,3,Needs Attention,313
9544,183,1,2492,3,1,4,Needs Attention,314
9545,207,1,2457,2,1,4,At Risk (high value),214
9546,168,1,2542,3,1,4,Needs Attention,314
9547,76,2,3246,4,3,4,Potential Loyalists,434
9548,147,1,57,3,1,2,Needs Attention,312
9549,69,2,3132,5,3,4,Potential Loyalists,534
9550,92,2,3105,4,3,4,Potential Loyalists,434
9551,264,1,25,2,1,1,Hibernating,211
9552,4,1,65,5,1,2,New Customers,512
9553,57,2,3034,5,3,4,Potential Loyalists,534
9554,66,1,2355,5,1,4,New Customers,514
9555,277,1,35,2,1,1,Hibernating,211
9556,83,2,3154,4,3,4,Potential Loyalists,434
9557,88,2,3125,4,3,4,Potential Loyalists,434
9558,115,1,65,4,1,2,New Customers,412
9559,48,2,3019,5,3,4,Potential Loyalists,534
9560,320,1,75,1,1,2,Hibernating,112
9561,84,2,3162,4,3,4,Potential Loyalists,434
9562,41,2,3139,5,3,4,Potential Loyalists,534
9563,38,2,2994,5,3,4,Potential Loyalists,534
9564,230,1,35,2,1,1,Hibernating,211
9565,55,2,3059,5,3,4,Potential Loyalists,534
9566,204,1,65,3,1,2,Needs Attention,312
9567,206,1,27,3,1,1,Needs Attention,311
9568,59,2,3074,5,3,4,Potential Loyalists,534
9569,246,1,29,2,1,1,Hibernating,211
9570,47,2,3114,5,3,4,Potential Loyalists,534
9571,287,1,115,2,1,3,Hibernating,213
9572,115,1,25,4,1,1,New Customers,411
9573,163,1,79,3,1,2,Needs Attention,312
9574,71,1,2415,5,1,4,New Customers,514
9575,275,1,39,2,1,1,Hibernating,211
9576,45,2,3095,5,3,4,Potential Loyalists,534
9577,57,2,3148,5,3,4,Potential Loyalists,534
9578,56,2,3080,5,3,4,Potential Loyalists,534
9579,40,1,31,5,1,1,New Customers,511
9580,57,1,25,5,1,1,New Customers,511
9581,322,1,37,1,1,1,Hibernating,111
9582,89,1,2440,4,1,4,New Customers,414
9583,186,1,142,3,1,3,Needs Attention,313
9584,235,1,70,2,1,2,Hibernating,212
9585,65,2,3140,5,3,4,Potential Loyalists,534
9586,155,1,32,3,1,1,Needs Attention,311
9587,245,1,25,2,1,1,Hibernating,211
9588,88,1,2379,4,1,4,New Customers,414
9589,344,1,27,1,1,1,Hibernating,111
9590,80,1,2345,4,1,4,New Customers,414
9591,75,2,3127,4,3,4,Potential Loyalists,434
9592,337,1,70,1,1,2,Hibernating,112
9593,45,2,3113,5,3,4,Potential Loyalists,534
9594,154,1,31,3,1,1,Needs Attention,311
9595,305,1,43,1,1,2,Hibernating,112
9596,203,1,70,3,1,2,Needs Attention,312
9597,306,1,32,1,1,1,Hibernating,111
9598,233,1,120,2,1,3,Hibernating,213
9599,77,2,3100,4,3,4,Potential Loyalists,434
9600,169,1,32,3,1,1,Needs Attention,311
9601,195,2,6056,3,3,5,Potential Loyalists,335
9602,1,1,80,5,1,2,New Customers,512
9603,294,1,80,1,1,2,Hibernating,112
9604,282,1,23,2,1,1,Hibernating,211
9605,151,1,94,3,1,3,Needs Attention,313
9606,279,1,84,2,1,2,Hibernating,212
9607,194,2,6054,3,3,5,Potential Loyalists,335
9608,45,1,23,5,1,1,New Customers,511
9609,186,2,6035,3,3,5,Potential Loyalists,335
9610,209,2,6117,2,3,5,At Risk (high value),235
9611,190,2,6021,3,3,5,Potential Loyalists,335
9612,185,2,6021,3,3,5,Potential Loyalists,335
9613,207,2,6060,2,3,5,At Risk (high value),235
9614,198,2,6056,3,3,5,Potential Loyalists,335
9615,202,2,6035,3,3,5,Potential Loyalists,335
9616,210,2,6060,2,3,5,At Risk (high value),235
9617,210,2,6093,2,3,5,At Risk (high value),235
9618,164,2,6058,3,3,5,Potential Loyalists,335
9619,330,1,21,1,1,1,Hibernating,111
9620,85,1,75,4,1,2,New Customers,412
9621,158,2,6044,3,3,5,Potential Loyalists,335
9622,175,2,6117,3,3,5,Potential Loyalists,335
9623,171,2,6139,3,3,5,Potential Loyalists,335
9624,158,2,6093,3,3,5,Potential Loyalists,335
9625,156,2,6021,3,3,5,Potential Loyalists,335
9626,174,2,6029,3,3,5,Potential Loyalists,335
9627,167,2,6038,3,3,5,Potential Loyalists,335
9628,159,2,6044,3,3,5,Potential Loyalists,335
9629,177,2,6056,3,3,5,Potential Loyalists,335
9630,182,2,6060,3,3,5,Potential Loyalists,335
9631,89,1,75,4,1,2,New Customers,412
9632,214,1,72,2,1,2,Hibernating,212
9633,126,1,22,4,1,1,New Customers,411
9634,117,1,69,4,1,2,New Customers,412
9635,297,1,10,1,1,1,Hibernating,111
9636,198,1,50,3,1,2,Needs Attention,312
9637,329,1,15,1,1,1,Hibernating,111
9638,262,1,10,2,1,1,Hibernating,211
9639,170,1,2478,3,1,4,Needs Attention,314
9640,163,1,2466,3,1,4,Needs Attention,314
9641,165,1,2498,3,1,4,Needs Attention,314
9642,134,1,2457,3,1,4,Needs Attention,314
9643,105,1,2452,4,1,4,New Customers,414
9644,154,1,15,3,1,1,Needs Attention,311
9645,92,1,2457,4,1,4,New Customers,414
9646,173,1,1143,3,1,3,Needs Attention,313
9647,158,1,1198,3,1,4,Needs Attention,314
9648,169,1,1155,3,1,3,Needs Attention,313
9649,62,1,2457,5,1,4,New Customers,514
9650,43,1,2488,5,1,4,New Customers,514
9651,177,1,1174,3,1,4,Needs Attention,314
9652,84,2,3198,4,3,4,Potential Loyalists,434
9653,164,1,1174,3,1,4,Needs Attention,314
9654,180,1,1155,3,1,3,Needs Attention,313
9655,166,1,1170,3,1,4,Needs Attention,314
9656,150,1,47,3,1,2,Needs Attention,312
9657,76,2,3245,4,3,4,Potential Loyalists,434
9658,163,1,1193,3,1,4,Needs Attention,314
9659,55,1,2457,5,1,4,New Customers,514
9660,35,1,2466,5,1,4,New Customers,514
9661,182,1,1179,3,1,4,Needs Attention,314
9662,168,1,1174,3,1,4,Needs Attention,314
9663,397,1,1751,1,1,4,At Risk (high value),114
9664,341,1,1751,1,1,4,At Risk (high value),114
9665,317,1,1765,1,1,4,At Risk (high value),114
9666,48,2,4408,5,3,5,Potential Loyalists,535
9667,335,1,1715,1,1,4,At Risk (high value),114
9668,293,1,1776,1,1,4,At Risk (high value),114
9669,277,1,1751,2,1,4,At Risk (high value),214
9670,56,2,3169,5,3,4,Potential Loyalists,534
9671,44,2,3228,5,3,4,Potential Loyalists,534
9672,285,1,1736,2,1,4,At Risk (high value),214
9673,268,1,1751,2,1,4,At Risk (high value),214
9674,221,1,1755,2,1,4,At Risk (high value),214
9675,180,1,1143,3,1,3,Needs Attention,313
9676,180,1,1155,3,1,3,Needs Attention,313
9677,291,1,15,1,1,1,Hibernating,111
9678,176,1,1184,3,1,4,Needs Attention,314
9679,169,1,1155,3,1,3,Needs Attention,313
9680,310,1,64,1,1,2,Hibernating,112
9681,34,2,3219,5,3,4,Potential Loyalists,534
9682,362,1,10,1,1,1,Hibernating,111
9683,202,1,1736,3,1,4,Needs Attention,314
9684,212,1,1736,2,1,4,At Risk (high value),214
9685,188,1,1730,3,1,4,Needs Attention,314
9686,155,1,1155,3,1,3,Needs Attention,313
9687,178,1,1151,3,1,3,Needs Attention,313
9688,96,1,10,4,1,1,New Customers,411
9689,12,1,69,5,1,2,New Customers,512
9690,242,1,79,2,1,2,Hibernating,212
9691,46,1,39,5,1,1,New Customers,511
9692,312,1,40,1,1,2,Hibernating,112
9693,117,1,50,4,1,2,New Customers,412
9694,155,1,1155,3,1,3,Needs Attention,313
9695,334,1,147,1,1,3,Hibernating,113
9696,35,1,15,5,1,1,New Customers,511
9697,359,1,74,1,1,2,Hibernating,112
9698,49,1,78,5,1,2,New Customers,512
9699,247,1,24,2,1,1,Hibernating,211
9700,178,1,1209,3,1,4,Needs Attention,314
9701,178,1,1243,3,1,4,Needs Attention,314
9702,155,1,1155,3,1,3,Needs Attention,313
9703,193,1,1751,3,1,4,Needs Attention,314
9704,174,1,1736,3,1,4,Needs Attention,314
9705,120,1,78,4,1,2,New Customers,412
9706,303,1,69,1,1,2,Hibernating,112
9707,154,1,1760,3,1,4,Needs Attention,314
9708,163,1,1751,3,1,4,Needs Attention,314
9709,53,2,4406,5,3,5,Potential Loyalists,535
9710,177,1,1730,3,1,4,Needs Attention,314
9711,278,2,3240,2,3,4,At Risk (high value),234
9712,248,2,3240,2,3,4,At Risk (high value),234
9713,234,2,3261,2,3,4,At Risk (high value),234
9714,64,2,3422,5,3,5,Potential Loyalists,535
9715,323,1,188,1,1,3,Hibernating,113
9716,174,1,196,3,1,3,Needs Attention,313
9717,50,3,3911,5,4,5,Champions,545
9718,215,2,3240,2,3,4,At Risk (high value),234
9719,90,2,3283,4,3,5,Potential Loyalists,435
9720,253,2,1947,2,3,4,At Risk (high value),234
9721,250,2,1938,2,3,4,At Risk (high value),234
9722,173,1,25,3,1,1,Needs Attention,311
9723,257,3,2378,2,4,4,Loyal,244
9724,193,1,144,3,1,3,Needs Attention,313
9725,189,1,25,3,1,1,Needs Attention,311
9726,45,1,64,5,1,2,New Customers,512
9727,242,2,1941,2,3,4,At Risk (high value),234
9728,72,1,30,5,1,1,New Customers,511
9729,238,1,709,2,1,3,Hibernating,213
9730,223,1,78,2,1,2,Hibernating,212
9731,240,1,69,2,1,2,Hibernating,212
9732,305,1,43,1,1,2,Hibernating,112
9733,330,1,10,1,1,1,Hibernating,111
9734,249,1,24,2,1,1,Hibernating,211
9735,246,1,7,2,1,1,Hibernating,211
9736,167,1,1120,3,1,3,Needs Attention,313
9737,39,2,3194,5,3,4,Potential Loyalists,534
9738,8,1,129,5,1,3,New Customers,513
9739,124,1,24,4,1,1,New Customers,411
9740,325,1,79,1,1,2,Hibernating,112
9741,140,2,141,3,3,3,Potential Loyalists,333
9742,280,1,120,2,1,3,Hibernating,213
9743,116,1,129,4,1,3,New Customers,413
9744,91,1,79,4,1,2,New Customers,412
9745,54,1,549,5,1,3,New Customers,513
9746,5,2,113,5,3,3,Potential Loyalists,533
9747,204,2,120,3,3,3,Potential Loyalists,333
9748,56,1,70,5,1,2,New Customers,512
9749,288,1,124,2,1,3,Hibernating,213
9750,61,1,625,5,1,3,New Customers,513
9751,159,1,1184,3,1,4,Needs Attention,314
9752,47,1,575,5,1,3,New Customers,513
9753,110,1,70,4,1,2,New Customers,412
9754,39,1,540,5,1,3,New Customers,513
9755,152,1,79,3,1,2,Needs Attention,312
9756,165,1,1164,3,1,4,Needs Attention,314
9757,67,2,34,5,3,1,Potential Loyalists,531
9758,28,1,70,5,1,2,New Customers,512
9759,285,1,129,2,1,3,Hibernating,213
9760,223,1,78,2,1,2,Hibernating,212
9761,86,1,7,4,1,1,New Customers,411
9762,257,1,23,2,1,1,Hibernating,211
9763,45,1,124,5,1,3,New Customers,513
9764,224,1,124,2,1,3,Hibernating,213
9765,181,2,56,3,3,2,Potential Loyalists,332
9766,170,1,1179,3,1,4,Needs Attention,314
9767,306,1,15,1,1,1,Hibernating,111
9768,126,1,1120,4,1,3,New Customers,413
9769,132,1,1170,4,1,4,New Customers,414
9770,261,1,25,2,1,1,Hibernating,211
9771,80,1,50,4,1,2,New Customers,412
9772,82,1,46,4,1,2,New Customers,412
9773,12,1,73,5,1,2,New Customers,512
9774,53,1,31,5,1,1,New Customers,511
9775,116,1,23,4,1,1,New Customers,411
9776,17,1,10,5,1,1,New Customers,511
9777,256,1,23,2,1,1,Hibernating,211
9778,20,1,10,5,1,1,New Customers,511
9779,33,1,74,5,1,2,New Customers,512
9780,347,1,15,1,1,1,Hibernating,111
9781,194,1,10,3,1,1,Needs Attention,311
9782,132,1,15,4,1,1,New Customers,411
9783,141,1,1197,3,1,4,Needs Attention,314
9784,67,1,40,5,1,2,New Customers,512
9785,6,1,10,5,1,1,New Customers,511
9786,146,1,1145,3,1,3,Needs Attention,313
9787,104,1,15,4,1,1,New Customers,411
9788,133,1,1134,4,1,3,New Customers,413
9789,16,1,10,5,1,1,New Customers,511
9790,292,1,39,1,1,1,Hibernating,111
9791,193,1,15,3,1,1,Needs Attention,311
9792,242,1,10,2,1,1,Hibernating,211
9793,122,1,40,4,1,2,New Customers,412
9794,158,1,1205,3,1,4,Needs Attention,314
9795,89,1,54,4,1,2,New Customers,412
9796,204,1,4,3,1,1,Needs Attention,311
9797,229,1,89,2,1,2,Hibernating,212
9798,234,1,14,2,1,1,Hibernating,211
9799,204,1,124,3,1,3,Needs Attention,313
9800,26,1,32,5,1,1,New Customers,511
9801,76,1,64,4,1,2,New Customers,412
9802,223,1,75,2,1,2,Hibernating,212
9803,233,1,6,2,1,1,Hibernating,211
9804,138,1,39,3,1,1,Needs Attention,311
9805,190,1,25,3,1,1,Needs Attention,311
9806,131,1,30,4,1,1,New Customers,411
9807,206,1,27,3,1,1,Needs Attention,311
9808,32,2,3249,5,3,4,Potential Loyalists,534
9809,217,2,1938,2,3,4,At Risk (high value),234
9810,155,1,32,3,1,1,Needs Attention,311
9811,152,1,6,3,1,1,Needs Attention,311
9812,242,2,3270,2,3,4,At Risk (high value),234
9813,335,2,4127,1,3,5,At Risk (high value),135
9814,16,1,64,5,1,2,New Customers,512
9815,321,2,4186,1,3,5,At Risk (high value),135
9816,329,2,4118,1,3,5,At Risk (high value),135
9817,319,2,4228,1,3,5,At Risk (high value),135
9818,320,2,4118,1,3,5,At Risk (high value),135
9819,320,2,4231,1,3,5,At Risk (high value),135
9820,322,2,4182,1,3,5,At Risk (high value),135
9821,322,2,4143,1,3,5,At Risk (high value),135
9822,306,2,4118,1,3,5,At Risk (high value),135
9823,326,2,4134,1,3,5,At Risk (high value),135
9824,303,2,4217,1,3,5,At Risk (high value),135
9825,396,2,2513,1,3,4,At Risk (high value),134
9826,203,2,3226,3,3,4,Potential Loyalists,334
9827,182,1,1173,3,1,4,Needs Attention,314
9828,185,1,12,3,1,1,Needs Attention,311
9829,217,2,1938,2,3,4,At Risk (high value),234
9830,231,2,1962,2,3,4,At Risk (high value),234
9831,218,2,1966,2,3,4,At Risk (high value),234
9832,225,2,2012,2,3,4,At Risk (high value),234
9833,370,2,2534,1,3,4,At Risk (high value),134
9834,241,2,1903,2,3,4,At Risk (high value),234
9835,381,2,2567,1,3,4,At Risk (high value),134
9836,164,2,2002,3,3,4,Potential Loyalists,334
9837,163,2,1938,3,3,4,Potential Loyalists,334
9838,368,2,2548,1,3,4,At Risk (high value),134
9839,349,2,2542,1,3,4,At Risk (high value),134
9840,355,2,2511,1,3,4,At Risk (high value),134
9841,158,1,4,3,1,1,Needs Attention,311
9842,174,2,1938,3,3,4,Potential Loyalists,334
9843,145,2,1952,3,3,4,Potential Loyalists,334
9844,140,2,1903,3,3,4,Potential Loyalists,334
9845,166,1,1155,3,1,3,Needs Attention,313
9846,142,2,1957,3,3,4,Potential Loyalists,334
9847,155,1,1174,3,1,4,Needs Attention,314
9848,135,2,1947,3,3,4,Potential Loyalists,334
9849,338,2,2558,1,3,4,At Risk (high value),134
9850,118,1,70,4,1,2,New Customers,412
9851,320,2,2557,1,3,4,At Risk (high value),134
9852,287,2,2519,2,3,4,At Risk (high value),234
9853,288,2,2547,2,3,4,At Risk (high value),234
9854,164,1,1147,3,1,3,Needs Attention,313
9855,135,2,1938,3,3,4,Potential Loyalists,334
9856,178,1,1155,3,1,3,Needs Attention,313
9857,287,2,2484,2,3,4,At Risk (high value),234
9858,140,1,1120,3,1,3,Needs Attention,313
9859,152,1,1155,3,1,3,Needs Attention,313
9860,257,2,2509,2,3,4,At Risk (high value),234
9861,231,3,2379,2,4,4,Loyal,244
9862,228,3,2367,2,4,4,Loyal,244
9863,192,2,3240,3,3,4,Potential Loyalists,334
9864,159,2,3261,3,3,4,Potential Loyalists,334
9865,137,2,3234,3,3,4,Potential Loyalists,334
9866,181,1,35,3,1,1,Needs Attention,311
9867,45,2,3158,5,3,4,Potential Loyalists,534
9868,120,1,39,4,1,1,New Customers,411
9869,300,1,37,1,1,1,Hibernating,111
9870,251,2,2543,2,3,4,At Risk (high value),234
9871,135,2,1938,3,3,4,Potential Loyalists,334
9872,304,1,79,1,1,2,Hibernating,112
9873,252,2,2519,2,3,4,At Risk (high value),234
9874,269,1,43,2,1,2,Hibernating,212
9875,122,2,1962,4,3,4,Potential Loyalists,434
9876,253,2,2519,2,3,4,At Risk (high value),234
9877,100,2,1938,4,3,4,Potential Loyalists,434
9878,133,1,1120,4,1,3,New Customers,413
9879,102,1,1155,4,1,3,New Customers,413
9880,129,2,3284,4,3,5,Potential Loyalists,435
9881,259,2,2519,2,3,4,At Risk (high value),234
9882,117,1,79,4,1,2,New Customers,412
9883,78,1,1170,4,1,4,New Customers,414
9884,74,1,1149,4,1,3,New Customers,413
9885,82,1,1229,4,1,4,New Customers,414
9886,253,2,2519,2,3,4,At Risk (high value),234
9887,269,2,2534,2,3,4,At Risk (high value),234
9888,80,1,1164,4,1,4,New Customers,414
9889,76,1,1174,4,1,4,New Customers,414
9890,175,1,70,3,1,2,Needs Attention,312
9891,222,2,2528,2,3,4,At Risk (high value),234
9892,241,1,590,2,1,3,Hibernating,213
9893,114,2,3240,4,3,4,Potential Loyalists,434
9894,48,1,35,5,1,1,New Customers,511
9895,66,1,1155,5,1,3,New Customers,513
9896,59,1,1120,5,1,3,New Customers,513
9897,110,2,1957,4,3,4,Potential Loyalists,434
9898,101,1,89,4,1,2,New Customers,412
9899,101,1,52,4,1,2,New Customers,412
9900,10,1,6,5,1,1,New Customers,511
9901,125,1,79,4,1,2,New Customers,412
9902,51,1,1120,5,1,3,New Customers,513
9903,14,1,37,5,1,1,New Customers,511
9904,247,1,70,2,1,2,Hibernating,212
9905,29,1,70,5,1,2,New Customers,512
9906,41,1,1155,5,1,3,New Customers,513
9907,54,1,32,5,1,1,New Customers,511
9908,169,1,32,3,1,1,Needs Attention,311
9909,241,1,79,2,1,2,Hibernating,212
9910,294,1,70,1,1,2,Hibernating,112
9911,126,1,614,4,1,3,New Customers,413
9912,78,1,612,4,1,3,New Customers,413
9913,113,3,2373,4,4,4,Champions,444
9914,96,2,1947,4,3,4,Potential Loyalists,434
9915,108,2,1926,4,3,4,Potential Loyalists,434
9916,40,1,39,5,1,1,New Customers,511
9917,226,1,120,2,1,3,Hibernating,213
9918,98,2,3234,4,3,4,Potential Loyalists,434
9919,128,1,68,4,1,2,New Customers,412
9920,21,1,6,5,1,1,New Customers,511
9921,16,1,6,5,1,1,New Customers,511
9922,93,2,3234,4,3,4,Potential Loyalists,434
9923,82,2,3226,4,3,4,Potential Loyalists,434
9924,116,3,2374,4,4,4,Champions,444
9925,215,1,70,2,1,2,Hibernating,212
9926,145,1,68,3,1,2,Needs Attention,312
9927,43,1,1120,5,1,3,New Customers,513
9928,80,1,102,4,1,3,New Customers,413
9929,93,1,40,4,1,2,New Customers,412
9930,328,1,37,1,1,1,Hibernating,111
9931,66,3,2363,5,4,4,Champions,544
9932,52,2,3273,5,3,5,Potential Loyalists,535
9933,78,1,48,4,1,2,New Customers,412
9934,232,2,2519,2,3,4,At Risk (high value),234
9935,46,1,1145,5,1,3,New Customers,513
9936,79,1,163,4,1,3,New Customers,413
9937,34,1,1134,5,1,3,New Customers,513
9938,147,1,120,3,1,3,Needs Attention,313
9939,21,1,85,5,1,2,New Customers,512
9940,73,1,14,5,1,1,New Customers,511
9941,351,1,39,1,1,1,Hibernating,111
9942,342,1,126,1,1,3,Hibernating,113
9943,310,1,4,1,1,1,Hibernating,111
9944,124,1,37,4,1,1,New Customers,411
9945,357,1,227,1,1,3,Hibernating,113
9946,109,2,1953,4,3,4,Potential Loyalists,434
9947,137,1,59,3,1,2,Needs Attention,312
9948,4,1,37,5,1,1,New Customers,511
9949,311,1,4,1,1,1,Hibernating,111
9950,305,1,155,1,1,3,Hibernating,113
9951,268,1,32,2,1,1,Hibernating,211
9952,171,1,37,3,1,1,Needs Attention,311
9953,46,1,37,5,1,1,New Customers,511
9954,72,1,163,5,1,3,New Customers,513
9955,136,1,39,3,1,1,Needs Attention,311
9956,57,1,1164,5,1,4,New Customers,514
9957,84,1,4,4,1,1,New Customers,411
9958,222,1,39,2,1,1,Hibernating,211
9959,365,1,69,1,1,2,Hibernating,112
9960,88,1,39,4,1,1,New Customers,411
9961,256,1,6,2,1,1,Hibernating,211
9962,37,1,4,5,1,1,New Customers,511
9963,292,1,6,1,1,1,Hibernating,111
9964,329,1,43,1,1,2,Hibernating,112
9965,152,1,39,3,1,1,Needs Attention,311
9966,206,1,30,3,1,1,Needs Attention,311
9967,51,1,1120,5,1,3,New Customers,513
9968,241,1,5,2,1,1,Hibernating,211
9969,202,1,35,3,1,1,Needs Attention,311
9970,260,1,39,2,1,1,Hibernating,211
9971,91,2,1962,4,3,4,Potential Loyalists,434
9972,88,1,39,4,1,1,New Customers,411
9973,105,1,70,4,1,2,New Customers,412
9974,145,1,194,3,1,3,Needs Attention,313
9975,211,1,126,2,1,3,Hibernating,213
9976,218,2,2515,2,3,4,At Risk (high value),234
9977,181,1,60,3,1,2,Needs Attention,312
9978,376,1,575,1,1,3,Hibernating,113
9979,181,1,5,3,1,1,Needs Attention,311
9980,86,2,1947,4,3,4,Potential Loyalists,434
9981,77,2,1981,4,3,4,Potential Loyalists,434
9982,357,1,69,1,1,2,Hibernating,112
9983,394,2,2547,1,3,4,At Risk (high value),134
9984,278,2,4178,2,3,5,At Risk (high value),235
9985,303,2,4153,1,3,5,At Risk (high value),135
9986,299,2,4118,1,3,5,At Risk (high value),135
9987,116,1,7,4,1,1,New Customers,411
9988,289,2,4132,1,3,5,At Risk (high value),135
9989,303,2,4118,1,3,5,At Risk (high value),135
9990,277,2,4148,2,3,5,At Risk (high value),235
9991,293,2,4196,1,3,5,At Risk (high value),135
9992,277,2,4118,2,3,5,At Risk (high value),235
9993,299,2,4139,1,3,5,At Risk (high value),135
9994,280,2,4261,2,3,5,At Risk (high value),235
9995,302,2,4191,1,3,5,At Risk (high value),135
9996,281,2,4127,2,3,5,At Risk (high value),235
9997,292,2,4149,1,3,5,At Risk (high value),135
9998,298,2,2745,1,3,4,At Risk (high value),134
9999,280,2,2806,2,3,4,At Risk (high value),234
10000,289,2,2736,1,3,4,At Risk (high value),134
10001,247,2,2722,2,3,4,At Risk (high value),234
10002,274,2,3018,2,3,4,At Risk (high value),234
10003,246,2,2992,2,3,4,At Risk (high value),234
10004,353,1,49,1,1,2,Hibernating,112
10005,388,1,561,1,1,3,Hibernating,113
10006,169,1,25,3,1,1,Needs Attention,311
10007,71,2,1938,5,3,4,Potential Loyalists,534
10008,118,1,59,4,1,2,New Customers,412
10009,87,2,1957,4,3,4,Potential Loyalists,434
10010,55,1,40,5,1,2,New Customers,512
10011,226,1,5,2,1,1,Hibernating,211
10012,225,2,2528,2,3,4,At Risk (high value),234
10013,228,2,2498,2,3,4,At Risk (high value),234
10014,367,1,549,1,1,3,Hibernating,113
10015,378,1,608,1,1,3,Hibernating,113
10016,79,2,1957,4,3,4,Potential Loyalists,434
10017,92,2,1938,4,3,4,Potential Loyalists,434
10018,382,1,578,1,1,3,Hibernating,113
10019,244,2,2515,2,3,4,At Risk (high value),234
10020,90,1,630,4,1,3,New Customers,413
10021,243,2,2498,2,3,4,At Risk (high value),234
10022,358,1,629,1,1,3,Hibernating,113
10023,344,1,540,1,1,3,Hibernating,113
10024,258,1,92,2,1,2,Hibernating,212
10025,346,1,563,1,1,3,Hibernating,113
10026,95,1,70,4,1,2,New Customers,412
10027,270,1,39,2,1,1,Hibernating,211
10028,238,2,2538,2,3,4,At Risk (high value),234
10029,133,1,37,4,1,1,New Customers,411
10030,82,2,1934,4,3,4,Potential Loyalists,434
10031,353,1,540,1,1,3,Hibernating,113
10032,349,1,598,1,1,3,Hibernating,113
10033,78,1,5,4,1,1,New Customers,411
10034,352,1,554,1,1,3,Hibernating,113
10035,231,2,2534,2,3,4,At Risk (high value),234
10036,86,2,1957,4,3,4,Potential Loyalists,434
10037,243,2,2548,2,3,4,At Risk (high value),234
10038,56,3,2437,5,4,4,Champions,544
10039,57,1,574,5,1,3,New Customers,513
10040,371,2,2484,1,3,4,At Risk (high value),134
10041,370,2,2567,1,3,4,At Risk (high value),134
10042,359,1,589,1,1,3,Hibernating,113
10043,92,1,1155,4,1,3,New Customers,413
10044,152,1,40,3,1,2,Needs Attention,312
10045,239,2,2534,2,3,4,At Risk (high value),234
10046,57,1,23,5,1,1,New Customers,511
10047,166,1,35,3,1,1,Needs Attention,311
10048,87,1,1155,4,1,3,New Customers,413
10049,346,1,578,1,1,3,Hibernating,113
10050,197,1,32,3,1,1,Needs Attention,311
10051,349,1,584,1,1,3,Hibernating,113
10052,77,1,1120,4,1,3,New Customers,413
10053,57,1,1120,5,1,3,New Customers,513
10054,227,2,2543,2,3,4,At Risk (high value),234
10055,47,1,626,5,1,3,New Customers,513
10056,52,2,1566,5,3,4,Potential Loyalists,534
10057,371,2,2548,1,3,4,At Risk (high value),134
10058,86,1,2395,4,1,4,New Customers,414
10059,220,1,69,2,1,2,Hibernating,212
10060,359,1,617,1,1,3,Hibernating,113
10061,188,2,2508,3,3,4,Potential Loyalists,334
10062,353,1,608,1,1,3,Hibernating,113
10063,322,1,563,1,1,3,Hibernating,113
10064,283,1,60,2,1,2,Hibernating,212
10065,315,1,554,1,1,3,Hibernating,113
10066,48,2,1548,5,3,4,Potential Loyalists,534
10067,12,1,131,5,1,3,New Customers,513
10068,199,2,2484,3,3,4,Potential Loyalists,334
10069,299,1,81,1,1,2,Hibernating,112
10070,75,1,70,4,1,2,New Customers,412
10071,348,1,30,1,1,1,Hibernating,111
10072,210,2,2534,2,3,4,At Risk (high value),234
10073,321,1,540,1,1,3,Hibernating,113
10074,181,1,29,3,1,1,Needs Attention,311
10075,219,1,44,2,1,2,Hibernating,212
10076,288,1,60,2,1,2,Hibernating,212
10077,67,1,5,5,1,1,New Customers,511
10078,209,1,23,2,1,1,Hibernating,211
10079,94,1,23,4,1,1,New Customers,411
10080,190,1,37,3,1,1,Needs Attention,311
10081,19,1,110,5,1,3,New Customers,513
10082,60,1,21,5,1,1,New Customers,511
10083,191,1,99,3,1,3,Needs Attention,313
10084,8,1,39,5,1,1,New Customers,511
10085,288,1,27,2,1,1,Hibernating,211
10086,20,1,40,5,1,2,New Customers,512
10087,168,1,49,3,1,2,Needs Attention,312
10088,145,1,819,3,1,3,Needs Attention,313
10089,299,1,30,1,1,1,Hibernating,111
10090,292,1,561,1,1,3,Hibernating,113
10091,305,1,549,1,1,3,Hibernating,113
10092,193,1,14,3,1,1,Needs Attention,311
10093,350,2,2511,1,3,4,At Risk (high value),134
10094,333,2,2515,1,3,4,At Risk (high value),134
10095,85,1,60,4,1,2,New Customers,412
10096,278,1,31,2,1,1,Hibernating,211
10097,95,1,14,4,1,1,New Customers,411
10098,163,1,29,3,1,1,Needs Attention,311
10099,180,1,69,3,1,2,Needs Attention,312
10100,261,1,21,2,1,1,Hibernating,211
10101,49,1,1178,5,1,4,New Customers,514
10102,130,1,32,4,1,1,New Customers,411
10103,148,1,793,3,1,3,Needs Attention,313
10104,317,2,2507,1,3,4,At Risk (high value),134
10105,257,2,2567,2,3,4,At Risk (high value),234
10106,264,2,2534,2,3,4,At Risk (high value),234
10107,270,2,2538,2,3,4,At Risk (high value),234
10108,141,1,806,3,1,3,Needs Attention,313
10109,140,1,819,3,1,3,Needs Attention,313
10110,79,1,40,4,1,2,New Customers,412
10111,349,1,35,1,1,1,Hibernating,111
10112,355,1,37,1,1,1,Hibernating,111
10113,243,1,25,2,1,1,Hibernating,211
10114,27,1,23,5,1,1,New Customers,511
10115,307,1,5,1,1,1,Hibernating,111
10116,283,1,5,2,1,1,Hibernating,211
10117,93,1,79,4,1,2,New Customers,412
10118,161,1,60,3,1,2,Needs Attention,312
10119,197,1,35,3,1,1,Needs Attention,311
10120,124,1,25,4,1,1,New Customers,411
10121,361,1,49,1,1,2,Hibernating,112
10122,288,1,21,2,1,1,Hibernating,211
10123,293,1,143,1,1,3,Hibernating,113
10124,108,1,30,4,1,1,New Customers,411
10125,47,1,57,5,1,2,New Customers,512
10126,150,1,27,3,1,1,Needs Attention,311
10127,282,1,565,2,1,3,Hibernating,213
10128,168,1,60,3,1,2,Needs Attention,312
10129,215,1,5,2,1,1,Hibernating,211
10130,42,1,49,5,1,2,New Customers,512
10131,230,2,2484,2,3,4,At Risk (high value),234
10132,217,1,40,2,1,2,Hibernating,212
10133,238,1,21,2,1,1,Hibernating,211
10134,98,1,21,4,1,1,New Customers,411
10135,264,1,70,2,1,2,Hibernating,212
10136,284,1,104,2,1,3,Hibernating,213
10137,234,1,107,2,1,3,Hibernating,213
10138,103,1,37,4,1,1,New Customers,411
10139,56,2,4371,5,3,5,Potential Loyalists,535
10140,157,1,1736,3,1,4,Needs Attention,314
10141,252,1,15,2,1,1,Hibernating,211
10142,123,1,1155,4,1,3,New Customers,413
10143,38,1,78,5,1,2,New Customers,512
10144,123,1,1155,4,1,3,New Customers,413
10145,142,1,1188,3,1,4,Needs Attention,314
10146,90,1,70,4,1,2,New Customers,412
10147,146,1,1155,3,1,3,Needs Attention,313
10148,127,1,1179,4,1,4,New Customers,414
10149,53,2,3223,5,3,4,Potential Loyalists,534
10150,138,1,1183,3,1,4,Needs Attention,314
10151,145,1,1170,3,1,4,Needs Attention,314
10152,141,1,1155,3,1,3,Needs Attention,313
10153,150,1,1134,3,1,3,Needs Attention,313
10154,141,1,1147,3,1,3,Needs Attention,313
10155,55,1,74,5,1,2,New Customers,512
10156,142,1,1155,3,1,3,Needs Attention,313
10157,134,1,1149,3,1,3,Needs Attention,313
10158,234,1,50,2,1,2,Hibernating,212
10159,331,1,50,1,1,2,Hibernating,112
10160,343,1,74,1,1,2,Hibernating,112
10161,125,1,1775,4,1,4,New Customers,414
10162,129,1,1174,4,1,4,New Customers,414
10163,126,1,1155,4,1,3,New Customers,413
10164,1,1,73,5,1,2,New Customers,512
10165,175,1,69,3,1,2,Needs Attention,312
10166,174,2,4674,3,3,5,Potential Loyalists,335
10167,173,2,4909,3,3,5,Potential Loyalists,335
10168,154,2,4658,3,3,5,Potential Loyalists,335
10169,161,2,4625,3,3,5,Potential Loyalists,335
10170,181,2,4648,3,3,5,Potential Loyalists,335
10171,111,1,75,4,1,2,New Customers,412
10172,268,1,37,2,1,1,Hibernating,211
10173,323,1,42,1,1,2,Hibernating,112
10174,175,2,4660,3,3,5,Potential Loyalists,335
10175,132,1,42,4,1,2,New Customers,412
10176,192,1,35,3,1,1,Needs Attention,311
10177,364,1,35,1,1,1,Hibernating,111
10178,176,1,40,3,1,2,Needs Attention,312
10179,170,1,40,3,1,2,Needs Attention,312
10180,172,2,4935,3,3,5,Potential Loyalists,335
10181,177,2,3883,3,3,5,Potential Loyalists,335
10182,137,1,32,3,1,1,Needs Attention,311
10183,55,1,32,5,1,1,New Customers,511
10184,168,2,4658,3,3,5,Potential Loyalists,335
10185,155,1,75,3,1,2,Needs Attention,312
10186,29,1,40,5,1,2,New Customers,512
10187,278,1,35,2,1,1,Hibernating,211
10188,212,1,32,2,1,1,Hibernating,211
10189,244,1,124,2,1,3,Hibernating,213
10190,171,2,4208,3,3,5,Potential Loyalists,335
10191,355,1,42,1,1,2,Hibernating,112
10192,160,2,4169,3,3,5,Potential Loyalists,335
10193,162,2,4229,3,3,5,Potential Loyalists,335
10194,150,2,3906,3,3,5,Potential Loyalists,335
10195,144,2,3912,3,3,5,Potential Loyalists,335
10196,153,2,4144,3,3,5,Potential Loyalists,335
10197,156,1,35,3,1,1,Needs Attention,311
10198,143,2,3918,3,3,5,Potential Loyalists,335
10199,120,1,70,4,1,2,New Customers,412
10200,135,2,4144,3,3,5,Potential Loyalists,335
10201,145,2,3933,3,3,5,Potential Loyalists,335
10202,167,2,4921,3,3,5,Potential Loyalists,335
10203,155,2,4633,3,3,5,Potential Loyalists,335
10204,155,2,4634,3,3,5,Potential Loyalists,335
10205,129,1,75,4,1,2,New Customers,412
10206,178,2,4886,3,3,5,Potential Loyalists,335
10207,151,2,3883,3,3,5,Potential Loyalists,335
10208,249,1,124,2,1,3,Hibernating,213
10209,276,1,40,2,1,2,Hibernating,212
10210,144,1,40,3,1,2,Needs Attention,312
10211,311,1,40,1,1,2,Hibernating,112
10212,166,2,4900,3,3,5,Potential Loyalists,335
10213,342,1,75,1,1,2,Hibernating,112
10214,95,1,64,4,1,2,New Customers,412
10215,147,2,4660,3,3,5,Potential Loyalists,335
10216,136,2,4625,3,3,5,Potential Loyalists,335
10217,148,2,4935,3,3,5,Potential Loyalists,335
10218,136,2,4660,3,3,5,Potential Loyalists,335
10219,147,2,4662,3,3,5,Potential Loyalists,335
10220,129,2,4697,4,3,5,Potential Loyalists,435
10221,305,1,75,1,1,2,Hibernating,112
10222,184,1,30,3,1,1,Needs Attention,311
10223,147,2,3937,3,3,5,Potential Loyalists,335
10224,310,1,57,1,1,2,Hibernating,112
10225,113,1,42,4,1,2,New Customers,412
10226,133,2,4733,4,3,5,Potential Loyalists,435
10227,144,2,4660,3,3,5,Potential Loyalists,335
10228,127,1,27,4,1,1,New Customers,411
10229,153,2,3937,3,3,5,Potential Loyalists,335
10230,131,2,4198,4,3,5,Potential Loyalists,435
10231,130,2,4171,4,3,5,Potential Loyalists,435
10232,101,2,3937,4,3,5,Potential Loyalists,435
10233,41,1,40,5,1,2,New Customers,512
10234,300,1,120,1,1,3,Hibernating,113
10235,345,1,120,1,1,3,Hibernating,113
10236,134,1,1134,3,1,3,Needs Attention,313
10237,157,1,78,3,1,2,Needs Attention,312
10238,170,1,70,3,1,2,Needs Attention,312
10239,11,2,39,5,3,1,Potential Loyalists,531
10240,213,1,7,2,1,1,Hibernating,211
10241,315,1,120,1,1,3,Hibernating,113
10242,264,1,79,2,1,2,Hibernating,212
10243,323,1,79,1,1,2,Hibernating,112
10244,176,1,15,3,1,1,Needs Attention,311
10245,239,1,50,2,1,2,Hibernating,212
10246,221,1,23,2,1,1,Hibernating,211
10247,134,1,1194,3,1,4,Needs Attention,314
10248,117,1,15,4,1,1,New Customers,411
10249,172,1,35,3,1,1,Needs Attention,311
10250,64,1,70,5,1,2,New Customers,512
10251,280,1,15,2,1,1,Hibernating,211
10252,181,2,191,3,3,3,Potential Loyalists,333
10253,348,2,94,1,3,3,Hibernating,133
10254,127,1,1155,4,1,3,New Customers,413
10255,352,1,90,1,1,2,Hibernating,112
10256,327,1,32,1,1,1,Hibernating,111
10257,100,2,3918,4,3,5,Potential Loyalists,435
10258,108,2,4144,4,3,5,Potential Loyalists,435
10259,107,2,3937,4,3,5,Potential Loyalists,435
10260,99,2,3908,4,3,5,Potential Loyalists,435
10261,124,1,15,4,1,1,New Customers,411
10262,285,1,70,2,1,2,Hibernating,212
10263,54,1,69,5,1,2,New Customers,512
10264,237,1,5,2,1,1,Hibernating,211
10265,140,1,1120,3,1,3,Needs Attention,313
10266,147,1,1730,3,1,4,Needs Attention,314
10267,32,2,4525,5,3,5,Potential Loyalists,535
10268,144,1,1736,3,1,4,Needs Attention,314
10269,114,1,1726,4,1,4,New Customers,414
10270,115,1,1736,4,1,4,New Customers,414
10271,207,1,79,2,1,2,Hibernating,212
10272,104,1,1728,4,1,4,New Customers,414
10273,32,2,4435,5,3,5,Potential Loyalists,535
10274,192,1,15,3,1,1,Needs Attention,311
10275,137,1,1198,3,1,4,Needs Attention,314
10276,105,1,1151,4,1,3,New Customers,413
10277,109,1,40,4,1,2,New Customers,412
10278,109,1,5,4,1,1,New Customers,411
10279,30,1,15,5,1,1,New Customers,511
10280,181,1,5,3,1,1,Needs Attention,311
10281,50,1,39,5,1,1,New Customers,511
10282,93,1,1129,4,1,3,New Customers,413
10283,112,1,1120,4,1,3,New Customers,413
10284,290,1,125,1,1,3,Hibernating,113
10285,36,2,3223,5,3,4,Potential Loyalists,534
10286,258,1,15,2,1,1,Hibernating,211
10287,75,1,69,4,1,2,New Customers,412
10288,167,1,45,3,1,2,Needs Attention,312
10289,277,1,15,2,1,1,Hibernating,211
10290,78,1,1764,4,1,4,New Customers,414
10291,73,1,24,5,1,1,New Customers,511
10292,41,1,1736,5,1,4,New Customers,514
10293,149,1,15,3,1,1,Needs Attention,311
10294,43,1,1764,5,1,4,New Customers,514
10295,292,1,10,1,1,1,Hibernating,111
10296,82,1,57,4,1,2,New Customers,412
10297,13,1,100,5,1,3,New Customers,513
10298,44,1,1736,5,1,4,New Customers,514
10299,309,1,93,1,1,3,Hibernating,113
10300,332,1,79,1,1,2,Hibernating,112
10301,380,1,1120,1,1,3,Hibernating,113
10302,10,1,15,5,1,1,New Customers,511
10303,252,1,70,2,1,2,Hibernating,212
10304,185,1,69,3,1,2,Needs Attention,312
10305,252,1,24,2,1,1,Hibernating,211
10306,41,2,3204,5,3,4,Potential Loyalists,534
10307,55,1,5,5,1,1,New Customers,511
10308,305,1,24,1,1,1,Hibernating,111
10309,51,1,81,5,1,2,New Customers,512
10310,354,1,1183,1,1,4,At Risk (high value),114
10311,333,1,1120,1,1,3,Hibernating,113
10312,34,2,4473,5,3,5,Potential Loyalists,535
10313,183,1,95,3,1,3,Needs Attention,313
10314,254,1,1155,2,1,3,Hibernating,213
10315,34,1,10,5,1,1,New Customers,511
10316,231,1,1189,2,1,4,At Risk (high value),214
10317,108,1,69,4,1,2,New Customers,412
10318,219,1,109,2,1,3,Hibernating,213
10319,123,1,37,4,1,1,New Customers,411
10320,62,1,24,5,1,1,New Customers,511
10321,135,1,100,3,1,3,Needs Attention,313
10322,320,1,50,1,1,2,Hibernating,112
10323,161,1,15,3,1,1,Needs Attention,311
10324,224,1,1120,2,1,3,Hibernating,213
10325,284,1,69,2,1,2,Hibernating,212
10326,280,1,70,2,1,2,Hibernating,212
10327,226,1,1179,2,1,4,At Risk (high value),214
10328,223,1,1120,2,1,3,Hibernating,213
10329,205,1,50,3,1,2,Needs Attention,312
10330,110,1,1179,4,1,4,New Customers,414
10331,104,1,1120,4,1,3,New Customers,413
10332,383,2,2670,1,3,4,At Risk (high value),134
10333,354,2,2616,1,3,4,At Risk (high value),134
10334,203,1,1174,3,1,4,Needs Attention,314
10335,178,1,1155,3,1,3,Needs Attention,313
10336,178,1,1183,3,1,4,Needs Attention,314
10337,289,2,2628,1,3,4,At Risk (high value),134
10338,162,1,50,3,1,2,Needs Attention,312
10339,169,1,24,3,1,1,Needs Attention,311
10340,360,1,40,1,1,2,Hibernating,112
10341,265,1,23,2,1,1,Hibernating,211
10342,22,1,15,5,1,1,New Customers,511
10343,175,1,1155,3,1,3,Needs Attention,313
10344,152,1,1170,3,1,4,Needs Attention,314
10345,136,1,1155,3,1,3,Needs Attention,313
10346,174,1,30,3,1,1,Needs Attention,311
10347,199,1,15,3,1,1,Needs Attention,311
10348,1,1,5,5,1,1,New Customers,511
10349,49,2,4392,5,3,5,Potential Loyalists,535
10350,383,2,2988,1,3,4,At Risk (high value),134
10351,340,1,70,1,1,2,Hibernating,112
10352,94,1,17,4,1,1,New Customers,411
10353,295,2,2625,1,3,4,At Risk (high value),134
10354,199,1,45,3,1,2,Needs Attention,312
10355,299,2,2646,1,3,4,At Risk (high value),134
10356,120,1,1184,4,1,4,New Customers,414
10357,97,1,1174,4,1,4,New Customers,414
10358,122,1,1205,4,1,4,New Customers,414
10359,310,1,10,1,1,1,Hibernating,111
10360,253,2,3032,2,3,4,At Risk (high value),234
10361,142,1,94,3,1,3,Needs Attention,313
10362,274,2,2997,2,3,4,At Risk (high value),234
10363,10,1,94,5,1,3,New Customers,513
10364,277,1,5,2,1,1,Hibernating,211
10365,3,1,7,5,1,1,New Customers,511
10366,277,1,7,2,1,1,Hibernating,211
10367,362,1,40,1,1,2,Hibernating,112
10368,342,1,7,1,1,1,Hibernating,111
10369,214,1,15,2,1,1,Hibernating,211
10370,122,1,1155,4,1,3,New Customers,413
10371,197,1,40,3,1,2,Needs Attention,312
10372,207,1,7,2,1,1,Hibernating,211
10373,161,1,75,3,1,2,Needs Attention,312
10374,323,1,15,1,1,1,Hibernating,111
10375,324,1,7,1,1,1,Hibernating,111
10376,333,1,40,1,1,2,Hibernating,112
10377,157,1,5,3,1,1,Needs Attention,311
10378,239,1,70,2,1,2,Hibernating,212
10379,196,1,79,3,1,2,Needs Attention,312
10380,253,2,2992,2,3,4,At Risk (high value),234
10381,272,2,2736,2,3,4,At Risk (high value),234
10382,77,1,70,4,1,2,New Customers,412
10383,354,1,70,1,1,2,Hibernating,112
10384,90,1,70,4,1,2,New Customers,412
10385,251,2,2921,2,3,4,At Risk (high value),234
10386,42,1,609,5,1,3,New Customers,513
10387,34,1,540,5,1,3,New Customers,513
10388,246,2,2745,2,3,4,At Risk (high value),234
10389,106,1,1179,4,1,4,New Customers,414
10390,272,2,2771,2,3,4,At Risk (high value),234
10391,52,1,32,5,1,1,New Customers,511
10392,358,1,30,1,1,1,Hibernating,111
10393,73,1,30,5,1,1,New Customers,511
10394,137,2,4924,3,3,5,Potential Loyalists,335
10395,141,2,4658,3,3,5,Potential Loyalists,335
10396,24,1,99,5,1,3,New Customers,513
10397,119,1,1170,4,1,4,New Customers,414
10398,196,1,50,3,1,2,Needs Attention,312
10399,65,1,24,5,1,1,New Customers,511
10400,92,1,10,4,1,1,New Customers,411
10401,255,2,2689,2,3,4,At Risk (high value),234
10402,108,1,1174,4,1,4,New Customers,414
10403,135,2,4625,3,3,5,Potential Loyalists,335
10404,131,2,4895,4,3,5,Potential Loyalists,435
10405,148,2,4684,3,3,5,Potential Loyalists,335
10406,216,1,75,2,1,2,Hibernating,212
10407,317,1,75,1,1,2,Hibernating,112
10408,366,1,42,1,1,2,Hibernating,112
10409,149,2,4625,3,3,5,Potential Loyalists,335
10410,280,1,35,2,1,1,Hibernating,211
10411,76,1,1155,4,1,3,New Customers,413
10412,63,1,1147,5,1,3,New Customers,513
10413,358,1,60,1,1,2,Hibernating,112
10414,219,1,15,2,1,1,Hibernating,211
10415,34,1,15,5,1,1,New Customers,511
10416,110,1,50,4,1,2,New Customers,412
10417,100,1,1155,4,1,3,New Customers,413
10418,100,1,1155,4,1,3,New Customers,413
10419,128,2,4660,4,3,5,Potential Loyalists,435
10420,252,1,65,2,1,2,Hibernating,212
10421,91,1,79,4,1,2,New Customers,412
10422,191,1,100,3,1,3,Needs Attention,313
10423,88,1,1184,4,1,4,New Customers,414
10424,137,2,2888,3,3,4,Potential Loyalists,334
10425,112,1,1170,4,1,4,New Customers,414
10426,206,1,10,3,1,1,Needs Attention,311
10427,104,1,1149,4,1,3,New Customers,413
10428,62,1,1155,5,1,3,New Customers,513
10429,68,1,1155,5,1,3,New Customers,513
10430,42,1,1174,5,1,4,New Customers,514
10431,137,1,74,3,1,2,Needs Attention,312
10432,34,1,57,5,1,2,New Customers,512
10433,329,1,15,1,1,1,Hibernating,111
10434,163,1,69,3,1,2,Needs Attention,312
10435,34,1,1183,5,1,4,New Customers,514
10436,42,1,1170,5,1,4,New Customers,514
10437,34,1,1193,5,1,4,New Customers,514
10438,37,1,1136,5,1,3,New Customers,513
10439,384,1,561,1,1,3,Hibernating,113
10440,388,1,540,1,1,3,Hibernating,113
10441,396,1,563,1,1,3,Hibernating,113
10442,16,1,7,5,1,1,New Customers,511
10443,352,1,15,1,1,1,Hibernating,111
10444,337,1,50,1,1,2,Hibernating,112
10445,249,1,23,2,1,1,Hibernating,211
10446,335,1,114,1,1,3,Hibernating,113
10447,265,1,55,2,1,2,Hibernating,212
10448,203,1,22,3,1,1,Needs Attention,311
10449,374,1,564,1,1,3,Hibernating,113
10450,255,1,15,2,1,1,Hibernating,211
10451,92,1,60,4,1,2,New Customers,412
10452,219,1,24,2,1,1,Hibernating,211
10453,214,1,50,2,1,2,Hibernating,212
10454,327,1,37,1,1,1,Hibernating,111
10455,92,1,10,4,1,1,New Customers,411
10456,262,1,15,2,1,1,Hibernating,211
10457,267,1,104,2,1,3,Hibernating,213
10458,124,1,70,4,1,2,New Customers,412
10459,228,1,50,2,1,2,Hibernating,212
10460,348,1,15,1,1,1,Hibernating,111
10461,191,1,15,3,1,1,Needs Attention,311
10462,91,1,142,4,1,3,New Customers,413
10463,42,1,50,5,1,2,New Customers,512
10464,175,1,24,3,1,1,Needs Attention,311
10465,69,1,77,5,1,2,New Customers,512
10466,384,1,575,1,1,3,Hibernating,113
10467,371,1,556,1,1,3,Hibernating,113
10468,133,1,24,4,1,1,New Customers,411
10469,138,1,65,3,1,2,Needs Attention,312
10470,384,1,589,1,1,3,Hibernating,113
10471,376,1,563,1,1,3,Hibernating,113
10472,300,1,32,1,1,1,Hibernating,111
10473,330,1,50,1,1,2,Hibernating,112
10474,135,1,79,3,1,2,Needs Attention,312
10475,339,1,45,1,1,2,Hibernating,112
10476,93,1,1147,4,1,3,New Customers,413
10477,98,1,1197,4,1,4,New Customers,414
10478,222,1,24,2,1,1,Hibernating,211
10479,108,1,1155,4,1,3,New Customers,413
10480,99,1,1149,4,1,3,New Customers,413
10481,34,1,40,5,1,2,New Customers,512
10482,144,1,10,3,1,1,Needs Attention,311
10483,122,1,1129,4,1,3,New Customers,413
10484,105,1,1205,4,1,4,New Customers,414
10485,112,1,1120,4,1,3,New Customers,413
10486,101,1,1149,4,1,3,New Customers,413
10487,122,1,1155,4,1,3,New Customers,413
10488,378,1,549,1,1,3,Hibernating,113
10489,382,1,639,1,1,3,Hibernating,113
10490,143,1,7,3,1,1,Needs Attention,311
10491,67,1,7,5,1,1,New Customers,511
10492,108,1,1174,4,1,4,New Customers,414
10493,243,1,15,2,1,1,Hibernating,211
10494,47,1,69,5,1,2,New Customers,512
10495,171,1,7,3,1,1,Needs Attention,311
10496,32,1,24,5,1,1,New Customers,511
10497,340,1,15,1,1,1,Hibernating,111
10498,52,1,89,5,1,2,New Customers,512
10499,76,1,135,4,1,3,New Customers,413
10500,87,1,100,4,1,3,New Customers,413
10501,345,1,23,1,1,1,Hibernating,111
10502,385,2,2661,1,3,4,At Risk (high value),134
10503,107,1,50,4,1,2,New Customers,412
10504,70,1,50,5,1,2,New Customers,512
10505,105,1,1155,4,1,3,New Customers,413
10506,60,1,2355,5,1,4,New Customers,514
10507,42,1,2370,5,1,4,New Customers,514
10508,359,1,25,1,1,1,Hibernating,111
10509,48,2,3153,5,3,4,Potential Loyalists,534
10510,38,2,3118,5,3,4,Potential Loyalists,534
10511,302,1,129,1,1,3,Hibernating,113
10512,197,1,32,3,1,1,Needs Attention,311
10513,127,1,25,4,1,1,New Customers,411
10514,162,1,120,3,1,3,Needs Attention,313
10515,243,1,70,2,1,2,Hibernating,212
10516,237,1,49,2,1,2,Hibernating,212
10517,49,2,3102,5,3,4,Potential Loyalists,534
10518,59,2,3173,5,3,4,Potential Loyalists,534
10519,193,1,144,3,1,3,Needs Attention,313
10520,232,1,70,2,1,2,Hibernating,212
10521,90,1,32,4,1,1,New Customers,411
10522,166,1,8,3,1,1,Needs Attention,311
10523,211,1,124,2,1,3,Hibernating,213
10524,1,1,39,5,1,1,New Customers,511
10525,1,1,115,5,1,3,New Customers,513
10526,347,1,32,1,1,1,Hibernating,111
10527,160,1,30,3,1,1,Needs Attention,311
10528,34,1,2295,5,1,4,New Customers,514
10529,63,1,35,5,1,1,New Customers,511
10530,66,1,30,5,1,1,New Customers,511
10531,174,1,129,3,1,3,Needs Attention,313
10532,7,1,57,5,1,2,New Customers,512
10533,37,1,2400,5,1,4,New Customers,514
10534,209,1,40,2,1,2,Hibernating,212
10535,392,2,1622,1,3,4,At Risk (high value),134
10536,77,1,70,4,1,2,New Customers,412
10537,133,1,79,4,1,2,New Customers,412
10538,51,1,2320,5,1,4,New Customers,514
10539,40,1,2370,5,1,4,New Customers,514
10540,124,1,35,4,1,1,New Customers,411
10541,204,2,1602,3,3,4,Potential Loyalists,334
10542,145,1,150,3,1,3,Needs Attention,313
10543,52,1,2330,5,1,4,New Customers,514
10544,185,1,37,3,1,1,Needs Attention,311
10545,83,1,30,4,1,1,New Customers,411
10546,209,2,1631,2,3,4,At Risk (high value),234
10547,121,1,5,4,1,1,New Customers,411
10548,152,1,73,3,1,2,Needs Attention,312
10549,132,1,37,4,1,1,New Customers,411
10550,331,1,99,1,1,3,Hibernating,113
10551,173,1,59,3,1,2,Needs Attention,312
10552,180,1,30,3,1,1,Needs Attention,311
10553,131,2,4625,4,3,5,Potential Loyalists,435
10554,146,2,4667,3,3,5,Potential Loyalists,335
10555,157,1,75,3,1,2,Needs Attention,312
10556,139,2,4716,3,3,5,Potential Loyalists,335
10557,138,2,4930,3,3,5,Potential Loyalists,335
10558,128,2,4886,4,3,5,Potential Loyalists,435
10559,145,2,4919,3,3,5,Potential Loyalists,335
10560,134,2,4900,3,3,5,Potential Loyalists,335
10561,136,2,4703,3,3,5,Potential Loyalists,335
10562,153,2,4947,3,3,5,Potential Loyalists,335
10563,107,2,4633,4,3,5,Potential Loyalists,435
10564,334,1,40,1,1,2,Hibernating,112
10565,264,1,75,2,1,2,Hibernating,212
10566,346,1,49,1,1,2,Hibernating,112
10567,339,1,42,1,1,2,Hibernating,112
10568,95,2,4973,4,3,5,Potential Loyalists,435
10569,93,2,4660,4,3,5,Potential Loyalists,435
10570,100,2,4959,4,3,5,Potential Loyalists,435
10571,94,2,4706,4,3,5,Potential Loyalists,435
10572,121,2,4625,4,3,5,Potential Loyalists,435
10573,98,2,4660,4,3,5,Potential Loyalists,435
10574,173,1,62,3,1,2,Needs Attention,312
10575,351,1,124,1,1,3,Hibernating,113
10576,395,1,549,1,1,3,Hibernating,113
10577,369,1,549,1,1,3,Hibernating,113
10578,57,1,40,5,1,2,New Customers,512
10579,156,1,17,3,1,1,Needs Attention,311
10580,240,1,15,2,1,1,Hibernating,211
10581,232,1,45,2,1,2,Hibernating,212
10582,357,1,24,1,1,1,Hibernating,111
10583,272,2,2638,2,3,4,At Risk (high value),234
10584,105,1,1214,4,1,4,New Customers,414
10585,114,1,1155,4,1,3,New Customers,413
10586,95,1,1179,4,1,4,New Customers,414
10587,98,1,1120,4,1,3,New Customers,413
10588,93,1,1155,4,1,3,New Customers,413
10589,80,1,1174,4,1,4,New Customers,414
10590,255,2,2589,2,3,4,At Risk (high value),234
10591,80,1,1169,4,1,4,New Customers,414
10592,38,1,70,5,1,2,New Customers,512
10593,94,1,24,4,1,1,New Customers,411
10594,84,1,1155,4,1,3,New Customers,413
10595,84,1,1169,4,1,4,New Customers,414
10596,263,2,2649,2,3,4,At Risk (high value),234
10597,69,1,1155,5,1,3,New Customers,513
10598,375,1,561,1,1,3,Hibernating,113
10599,76,1,1120,4,1,3,New Customers,413
10600,85,1,1170,4,1,4,New Customers,414
10601,394,1,563,1,1,3,Hibernating,113
10602,343,1,589,1,1,3,Hibernating,113
10603,358,1,549,1,1,3,Hibernating,113
10604,360,1,567,1,1,3,Hibernating,113
10605,76,1,1179,4,1,4,New Customers,414
10606,86,1,1179,4,1,4,New Customers,414
10607,84,1,1155,4,1,3,New Customers,413
10608,78,1,1120,4,1,3,New Customers,413
10609,341,1,575,1,1,3,Hibernating,113
10610,359,1,554,1,1,3,Hibernating,113
10611,336,1,549,1,1,3,Hibernating,113
10612,339,1,618,1,1,3,Hibernating,113
10613,198,1,15,3,1,1,Needs Attention,311
10614,224,2,2610,2,3,4,At Risk (high value),234
10615,225,2,2589,2,3,4,At Risk (high value),234
10616,86,1,1155,4,1,3,New Customers,413
10617,287,1,69,2,1,2,Hibernating,212
10618,9,1,15,5,1,1,New Customers,511
10619,362,2,2611,1,3,4,At Risk (high value),134
10620,346,1,556,1,1,3,Hibernating,113
10621,216,2,2620,2,3,4,At Risk (high value),234
10622,207,2,2616,2,3,4,At Risk (high value),234
10623,136,2,2612,3,3,4,Potential Loyalists,334
10624,43,1,10,5,1,1,New Customers,511
10625,264,1,50,2,1,2,Hibernating,212
10626,171,1,69,3,1,2,Needs Attention,312
10627,140,1,135,3,1,3,Needs Attention,313
10628,218,1,17,2,1,1,Hibernating,211
10629,146,1,78,3,1,2,Needs Attention,312
10630,101,2,2624,4,3,4,Potential Loyalists,434
10631,350,1,15,1,1,1,Hibernating,111
10632,199,1,7,3,1,1,Needs Attention,311
10633,295,1,15,1,1,1,Hibernating,111
10634,312,1,65,1,1,2,Hibernating,112
10635,132,1,50,4,1,2,New Customers,412
10636,222,1,74,2,1,2,Hibernating,212
10637,188,1,15,3,1,1,Needs Attention,311
10638,77,1,1155,4,1,3,New Customers,413
10639,83,1,1170,4,1,4,New Customers,414
10640,171,1,10,3,1,1,Needs Attention,311
10641,193,1,124,3,1,3,Needs Attention,313
10642,63,1,1120,5,1,3,New Customers,513
10643,104,2,2620,4,3,4,Potential Loyalists,434
10644,65,1,1170,5,1,4,New Customers,514
10645,68,1,1145,5,1,3,New Customers,513
10646,78,1,1183,4,1,4,New Customers,414
10647,345,1,563,1,1,3,Hibernating,113
10648,353,1,609,1,1,3,Hibernating,113
10649,350,1,549,1,1,3,Hibernating,113
10650,345,1,554,1,1,3,Hibernating,113
10651,348,1,554,1,1,3,Hibernating,113
10652,325,1,609,1,1,3,Hibernating,113
10653,364,2,2646,1,3,4,At Risk (high value),134
10654,306,1,589,1,1,3,Hibernating,113
10655,319,1,604,1,1,3,Hibernating,113
10656,311,2,2648,1,3,4,At Risk (high value),134
10657,166,1,57,3,1,2,Needs Attention,312
10658,282,1,15,2,1,1,Hibernating,211
10659,109,2,2641,4,3,4,Potential Loyalists,434
10660,86,2,4143,4,3,5,Potential Loyalists,435
10661,69,1,1134,5,1,3,New Customers,513
10662,216,1,59,2,1,2,Hibernating,212
10663,282,1,21,2,1,1,Hibernating,211
10664,163,1,40,3,1,2,Needs Attention,312
10665,87,1,60,4,1,2,New Customers,412
10666,283,1,554,2,1,3,Hibernating,213
10667,127,1,828,4,1,3,New Customers,413
10668,119,1,819,4,1,3,New Customers,413
10669,222,2,2519,2,3,4,At Risk (high value),234
10670,190,2,2484,3,3,4,Potential Loyalists,334
10671,140,1,147,3,1,3,Needs Attention,313
10672,284,1,629,2,1,3,Hibernating,213
10673,34,1,1155,5,1,3,New Customers,513
10674,276,1,639,2,1,3,Hibernating,213
10675,93,1,5,4,1,1,New Customers,411
10676,14,1,99,5,1,3,New Customers,513
10677,32,1,23,5,1,1,New Customers,511
10678,92,1,21,4,1,1,New Customers,411
10679,326,1,43,1,1,2,Hibernating,112
10680,200,1,1701,3,1,4,Needs Attention,314
10681,329,1,49,1,1,2,Hibernating,112
10682,104,1,799,4,1,3,New Customers,413
10683,116,1,7,4,1,1,New Customers,411
10684,212,1,1779,2,1,4,At Risk (high value),214
10685,171,1,60,3,1,2,Needs Attention,312
10686,64,1,1205,5,1,4,New Customers,514
10687,194,1,10,3,1,1,Needs Attention,311
10688,102,1,24,4,1,1,New Customers,411
10689,323,1,15,1,1,1,Hibernating,111
10690,77,1,15,4,1,1,New Customers,411
10691,286,1,94,2,1,3,Hibernating,213
10692,274,1,40,2,1,2,Hibernating,212
10693,201,1,15,3,1,1,Needs Attention,311
10694,243,1,45,2,1,2,Hibernating,212
10695,137,1,50,3,1,2,Needs Attention,312
10696,63,1,1169,5,1,4,New Customers,514
10697,31,1,69,5,1,2,New Customers,512
10698,100,1,15,4,1,1,New Customers,411
10699,318,1,15,1,1,1,Hibernating,111
10700,91,1,1158,4,1,4,New Customers,414
10701,91,1,1174,4,1,4,New Customers,414
10702,235,1,78,2,1,2,Hibernating,212
10703,120,2,92,4,3,2,Potential Loyalists,432
10704,25,2,44,5,3,2,Potential Loyalists,532
10705,78,1,1151,4,1,3,New Customers,413
10706,55,1,50,5,1,2,New Customers,512
10707,159,1,100,3,1,3,Needs Attention,313
10708,99,1,15,4,1,1,New Customers,411
10709,178,1,50,3,1,2,Needs Attention,312
10710,87,1,1155,4,1,3,New Customers,413
10711,81,2,4187,4,3,5,Potential Loyalists,435
10712,85,1,1179,4,1,4,New Customers,414
10713,268,1,69,2,1,2,Hibernating,212
10714,247,1,15,2,1,1,Hibernating,211
10715,27,1,65,5,1,2,New Customers,512
10716,351,1,15,1,1,1,Hibernating,111
10717,142,1,15,3,1,1,Needs Attention,311
10718,1,1,45,5,1,2,New Customers,512
10719,156,1,23,3,1,1,Needs Attention,311
10720,90,1,100,4,1,3,New Customers,413
10721,343,1,15,1,1,1,Hibernating,111
10722,108,1,15,4,1,1,New Customers,411
10723,80,1,15,4,1,1,New Customers,411
10724,68,1,1205,5,1,4,New Customers,514
10725,201,1,15,3,1,1,Needs Attention,311
10726,201,1,5,3,1,1,Needs Attention,311
10727,199,1,42,3,1,2,Needs Attention,312
10728,64,2,4132,5,3,5,Potential Loyalists,535
10729,90,1,1205,4,1,4,New Customers,414
10730,125,1,50,4,1,2,New Customers,412
10731,56,1,17,5,1,1,New Customers,511
10732,40,1,15,5,1,1,New Customers,511
10733,107,1,84,4,1,2,New Customers,412
10734,45,1,15,5,1,1,New Customers,511
10735,23,1,15,5,1,1,New Customers,511
10736,33,1,94,5,1,3,New Customers,513
10737,74,1,95,4,1,3,New Customers,413
10738,87,1,60,4,1,2,New Customers,412
10739,56,1,70,5,1,2,New Customers,512
10740,300,1,37,1,1,1,Hibernating,111
10741,15,1,131,5,1,3,New Customers,513
10742,333,2,4127,1,3,5,At Risk (high value),135
10743,275,1,31,2,1,1,Hibernating,211
10744,275,1,50,2,1,2,Hibernating,212
10745,122,1,50,4,1,2,New Customers,412
10746,172,1,72,3,1,2,Needs Attention,312
10747,69,1,1174,5,1,4,New Customers,514
10748,335,1,540,1,1,3,Hibernating,113
10749,331,1,600,1,1,3,Hibernating,113
10750,66,1,1155,5,1,3,New Customers,513
10751,302,1,69,1,1,2,Hibernating,112
10752,159,1,50,3,1,2,Needs Attention,312
10753,55,1,7,5,1,1,New Customers,511
10754,274,1,79,2,1,2,Hibernating,212
10755,135,1,15,3,1,1,Needs Attention,311
10756,106,1,15,4,1,1,New Customers,411
10757,334,1,554,1,1,3,Hibernating,113
10758,6,1,74,5,1,2,New Customers,512
10759,108,1,15,4,1,1,New Customers,411
10760,44,1,64,5,1,2,New Customers,512
10761,116,1,50,4,1,2,New Customers,412
10762,197,1,135,3,1,3,Needs Attention,313
10763,363,1,79,1,1,2,Hibernating,112
10764,76,1,50,4,1,2,New Customers,412
10765,311,1,7,1,1,1,Hibernating,111
10766,235,1,79,2,1,2,Hibernating,212
10767,325,1,540,1,1,3,Hibernating,113
10768,179,1,124,3,1,3,Needs Attention,313
10769,290,2,4118,1,3,5,At Risk (high value),135
10770,332,1,604,1,1,3,Hibernating,113
10771,194,1,24,3,1,1,Needs Attention,311
10772,202,1,23,3,1,1,Needs Attention,311
10773,130,1,24,4,1,1,New Customers,411
10774,247,1,15,2,1,1,Hibernating,211
10775,48,1,50,5,1,2,New Customers,512
10776,304,1,70,1,1,2,Hibernating,112
10777,272,1,24,2,1,1,Hibernating,211
10778,66,1,181,5,1,3,New Customers,513
10779,103,1,15,4,1,1,New Customers,411
10780,41,1,15,5,1,1,New Customers,511
10781,298,1,78,1,1,2,Hibernating,112
10782,86,1,1174,4,1,4,New Customers,414
10783,276,1,50,2,1,2,Hibernating,212
10784,338,1,50,1,1,2,Hibernating,112
10785,260,1,50,2,1,2,Hibernating,212
10786,68,1,1155,5,1,3,New Customers,513
10787,153,1,120,3,1,3,Needs Attention,313
10788,344,1,17,1,1,1,Hibernating,111
10789,64,1,1120,5,1,3,New Customers,513
10790,267,1,15,2,1,1,Hibernating,211
10791,234,1,74,2,1,2,Hibernating,212
10792,306,1,575,1,1,3,Hibernating,113
10793,60,1,114,5,1,3,New Customers,513
10794,64,1,1155,5,1,3,New Customers,513
10795,89,1,1179,4,1,4,New Customers,414
10796,323,1,613,1,1,3,Hibernating,113
10797,164,1,60,3,1,2,Needs Attention,312
10798,87,1,1155,4,1,3,New Customers,413
10799,79,1,1174,4,1,4,New Customers,414
10800,183,1,24,3,1,1,Needs Attention,311
10801,147,1,65,3,1,2,Needs Attention,312
10802,177,1,45,3,1,2,Needs Attention,312
10803,303,1,78,1,1,2,Hibernating,112
10804,95,1,40,4,1,2,New Customers,412
10805,189,1,15,3,1,1,Needs Attention,311
10806,289,1,50,1,1,2,Hibernating,112
10807,140,1,15,3,1,1,Needs Attention,311
10808,77,1,1120,4,1,3,New Customers,413
10809,89,1,1155,4,1,3,New Customers,413
10810,110,1,50,4,1,2,New Customers,412
10811,334,1,563,1,1,3,Hibernating,113
10812,63,1,17,5,1,1,New Customers,511
10813,77,1,1155,4,1,3,New Customers,413
10814,36,2,4118,5,3,5,Potential Loyalists,535
10815,203,1,15,3,1,1,Needs Attention,311
10816,299,1,64,1,1,2,Hibernating,112
10817,212,1,83,2,1,2,Hibernating,212
10818,95,1,791,4,1,3,New Customers,413
10819,272,1,191,2,1,3,Hibernating,213
10820,326,1,32,1,1,1,Hibernating,111
10821,173,1,39,3,1,1,Needs Attention,311
10822,186,1,49,3,1,2,Needs Attention,312
10823,247,1,565,2,1,3,Hibernating,213
10824,126,1,5,4,1,1,New Customers,411
10825,50,1,27,5,1,1,New Customers,511
10826,31,1,5,5,1,1,New Customers,511
10827,76,1,13,4,1,1,New Customers,411
10828,41,1,2355,5,1,4,New Customers,514
10829,49,1,2322,5,1,4,New Customers,514
10830,109,1,64,4,1,2,New Customers,412
10831,233,1,540,2,1,3,Hibernating,213
10832,115,1,35,4,1,1,New Customers,411
10833,14,1,40,5,1,2,New Customers,512
10834,51,1,2295,5,1,4,New Customers,514
10835,119,1,59,4,1,2,New Customers,412
10836,51,1,2361,5,1,4,New Customers,514
10837,187,1,5,3,1,1,Needs Attention,311
10838,25,1,69,5,1,2,New Customers,512
10839,232,1,5,2,1,1,Hibernating,211
10840,155,1,93,3,1,3,Needs Attention,313
10841,361,1,31,1,1,1,Hibernating,111
10842,194,1,25,3,1,1,Needs Attention,311
10843,138,1,49,3,1,2,Needs Attention,312
10844,298,1,14,1,1,1,Hibernating,111
10845,185,1,40,3,1,2,Needs Attention,312
10846,306,1,5,1,1,1,Hibernating,111
10847,320,1,40,1,1,2,Hibernating,112
10848,189,1,188,3,1,3,Needs Attention,313
10849,228,1,565,2,1,3,Hibernating,213
10850,313,1,40,1,1,2,Hibernating,112
10851,128,1,5,4,1,1,New Customers,411
10852,310,1,5,1,1,1,Hibernating,111
10853,170,1,5,3,1,1,Needs Attention,311
10854,151,1,90,3,1,2,Needs Attention,312
10855,91,1,25,4,1,1,New Customers,411
10856,163,1,580,3,1,3,Needs Attention,313
10857,101,1,25,4,1,1,New Customers,411
10858,370,1,2487,1,1,4,At Risk (high value),114
10859,374,1,2492,1,1,4,At Risk (high value),114
10860,164,1,5,3,1,1,Needs Attention,311
10861,179,1,5,3,1,1,Needs Attention,311
10862,363,1,40,1,1,2,Hibernating,112
10863,251,1,14,2,1,1,Hibernating,211
10864,296,1,40,1,1,2,Hibernating,112
10865,215,1,29,2,1,1,Hibernating,211
10866,244,1,149,2,1,3,Hibernating,213
10867,98,1,5,4,1,1,New Customers,411
10868,142,1,14,3,1,1,Needs Attention,311
10869,358,1,5,1,1,1,Hibernating,111
10870,59,1,5,5,1,1,New Customers,511
10871,76,1,73,4,1,2,New Customers,412
10872,56,1,30,5,1,1,New Customers,511
10873,134,1,35,3,1,1,Needs Attention,311
10874,96,2,4662,4,3,5,Potential Loyalists,435
10875,98,2,4639,4,3,5,Potential Loyalists,435
10876,93,2,4921,4,3,5,Potential Loyalists,435
10877,118,2,4663,4,3,5,Potential Loyalists,435
10878,101,2,4625,4,3,5,Potential Loyalists,435
10879,120,2,4664,4,3,5,Potential Loyalists,435
10880,107,1,35,4,1,1,New Customers,411
10881,151,1,40,3,1,2,Needs Attention,312
10882,133,1,129,4,1,3,New Customers,413
10883,98,2,4886,4,3,5,Potential Loyalists,435
10884,361,1,42,1,1,2,Hibernating,112
10885,115,1,75,4,1,2,New Customers,412
10886,114,2,4642,4,3,5,Potential Loyalists,435
10887,115,2,4697,4,3,5,Potential Loyalists,435
10888,359,1,40,1,1,2,Hibernating,112
10889,118,2,4925,4,3,5,Potential Loyalists,435
10890,119,2,4625,4,3,5,Potential Loyalists,435
10891,186,1,40,3,1,2,Needs Attention,312
10892,103,2,4921,4,3,5,Potential Loyalists,435
10893,93,2,4921,4,3,5,Potential Loyalists,435
10894,94,2,4664,4,3,5,Potential Loyalists,435
10895,118,2,4625,4,3,5,Potential Loyalists,435
10896,96,2,4658,4,3,5,Potential Loyalists,435
10897,237,1,75,2,1,2,Hibernating,212
10898,117,2,4909,4,3,5,Potential Loyalists,435
10899,88,1,75,4,1,2,New Customers,412
10900,112,2,4664,4,3,5,Potential Loyalists,435
10901,241,1,70,2,1,2,Hibernating,212
10902,27,1,15,5,1,1,New Customers,511
10903,88,1,24,4,1,1,New Customers,411
10904,318,1,549,1,1,3,Hibernating,113
10905,145,1,76,3,1,2,Needs Attention,312
10906,195,1,15,3,1,1,Needs Attention,311
10907,162,1,15,3,1,1,Needs Attention,311
10908,139,1,15,3,1,1,Needs Attention,311
10909,170,1,65,3,1,2,Needs Attention,312
10910,322,1,563,1,1,3,Hibernating,113
10911,46,1,1174,5,1,4,New Customers,514
10912,205,1,27,3,1,1,Needs Attention,311
10913,262,1,575,2,1,3,Hibernating,213
10914,38,1,60,5,1,2,New Customers,512
10915,284,1,40,2,1,2,Hibernating,212
10916,324,1,570,1,1,3,Hibernating,113
10917,168,1,40,3,1,2,Needs Attention,312
10918,240,1,70,2,1,2,Hibernating,212
10919,364,1,69,1,1,2,Hibernating,112
10920,66,1,1120,5,1,3,New Customers,513
10921,66,1,1184,5,1,4,New Customers,514
10922,46,2,4142,5,3,5,Potential Loyalists,535
10923,84,1,1120,4,1,3,New Customers,413
10924,54,1,1120,5,1,3,New Customers,513
10925,34,1,1120,5,1,3,New Customers,513
10926,28,1,7,5,1,1,New Customers,511
10927,52,1,1198,5,1,4,New Customers,514
10928,36,1,1145,5,1,3,New Customers,513
10929,52,1,1170,5,1,4,New Customers,514
10930,55,1,1183,5,1,4,New Customers,514
10931,48,1,1233,5,1,4,New Customers,514
10932,48,1,1120,5,1,3,New Customers,513
10933,43,1,1158,5,1,4,New Customers,514
10934,67,1,50,5,1,2,New Customers,512
10935,163,1,10,3,1,1,Needs Attention,311
10936,27,1,39,5,1,1,New Customers,511
10937,150,1,100,3,1,3,Needs Attention,313
10938,55,1,1134,5,1,3,New Customers,513
10939,169,1,15,3,1,1,Needs Attention,311
10940,295,2,4163,1,3,5,At Risk (high value),135
10941,314,1,571,1,1,3,Hibernating,113
10942,59,1,1174,5,1,4,New Customers,514
10943,331,1,575,1,1,3,Hibernating,113
10944,116,2,4625,4,3,5,Potential Loyalists,435
10945,113,2,4714,4,3,5,Potential Loyalists,435
10946,102,2,4886,4,3,5,Potential Loyalists,435
10947,74,2,4660,4,3,5,Potential Loyalists,435
10948,85,2,4633,4,3,5,Potential Loyalists,435
10949,87,2,4886,4,3,5,Potential Loyalists,435
10950,65,2,4660,5,3,5,Potential Loyalists,535
10951,64,2,4900,5,3,5,Potential Loyalists,535
10952,76,2,4923,4,3,5,Potential Loyalists,435
10953,246,1,99,2,1,3,Hibernating,213
10954,283,1,35,2,1,1,Hibernating,211
10955,29,1,35,5,1,1,New Customers,511
10956,68,2,4900,5,3,5,Potential Loyalists,535
10957,81,2,4633,4,3,5,Potential Loyalists,435
10958,62,2,4919,5,3,5,Potential Loyalists,535
10959,68,2,4697,5,3,5,Potential Loyalists,535
10960,81,2,4703,4,3,5,Potential Loyalists,435
10961,138,1,40,3,1,2,Needs Attention,312
10962,333,1,42,1,1,2,Hibernating,112
10963,336,1,35,1,1,1,Hibernating,111
10964,269,1,40,2,1,2,Hibernating,212
10965,129,1,104,4,1,3,New Customers,413
10966,73,1,99,5,1,3,New Customers,513
10967,64,2,4660,5,3,5,Potential Loyalists,535
10968,60,1,124,5,1,3,New Customers,513
10969,68,2,4723,5,3,5,Potential Loyalists,535
10970,63,2,4760,5,3,5,Potential Loyalists,535
10971,75,1,32,4,1,1,New Customers,411
10972,201,1,32,3,1,1,Needs Attention,311
10973,246,1,40,2,1,2,Hibernating,212
10974,64,1,57,5,1,2,New Customers,512
10975,70,2,4924,5,3,5,Potential Loyalists,535
10976,32,1,86,5,1,2,New Customers,512
10977,104,2,4198,4,3,5,Potential Loyalists,435
10978,232,1,75,2,1,2,Hibernating,212
10979,282,1,37,2,1,1,Hibernating,211
10980,115,2,3937,4,3,5,Potential Loyalists,435
10981,100,2,4334,4,3,5,Potential Loyalists,435
10982,80,1,76,4,1,2,New Customers,412
10983,109,2,3883,4,3,5,Potential Loyalists,435
10984,79,2,4144,4,3,5,Potential Loyalists,435
10985,88,2,4175,4,3,5,Potential Loyalists,435
10986,80,2,3937,4,3,5,Potential Loyalists,435
10987,76,2,3883,4,3,5,Potential Loyalists,435
10988,82,2,4639,4,3,5,Potential Loyalists,435
10989,68,1,35,5,1,1,New Customers,511
10990,309,1,35,1,1,1,Hibernating,111
10991,298,1,99,1,1,3,Hibernating,113
10992,7,1,121,5,1,3,New Customers,513
10993,32,1,184,5,1,3,New Customers,513
10994,327,1,75,1,1,2,Hibernating,112
10995,69,2,4660,5,3,5,Potential Loyalists,535
10996,165,1,35,3,1,1,Needs Attention,311
10997,70,2,3947,5,3,5,Potential Loyalists,535
10998,87,1,40,4,1,2,New Customers,412
10999,199,1,57,3,1,2,Needs Attention,312
11000,92,2,4921,4,3,5,Potential Loyalists,435
11001,88,2,4664,4,3,5,Potential Loyalists,435
11002,270,1,75,2,1,2,Hibernating,212
11003,153,1,79,3,1,2,Needs Attention,312
11004,206,1,57,3,1,2,Needs Attention,312
11005,92,2,3918,4,3,5,Potential Loyalists,435
11006,33,1,135,5,1,3,New Customers,513
11007,317,1,42,1,1,2,Hibernating,112
11008,50,1,45,5,1,2,New Customers,512
11009,51,2,4141,5,3,5,Potential Loyalists,535
11010,317,1,10,1,1,1,Hibernating,111
11011,93,1,50,4,1,2,New Customers,412
11012,61,1,69,5,1,2,New Customers,512
11013,213,1,15,2,1,1,Hibernating,211
11014,46,1,565,5,1,3,New Customers,513
11015,21,2,80,5,3,2,Potential Loyalists,532
11016,205,1,5,3,1,1,Needs Attention,311
11017,35,1,575,5,1,3,New Customers,513
11018,238,1,70,2,1,2,Hibernating,212
11019,231,1,77,2,1,2,Hibernating,212
11020,336,1,7,1,1,1,Hibernating,111
11021,125,1,57,4,1,2,New Customers,412
11022,88,1,24,4,1,1,New Customers,411
11023,78,1,50,4,1,2,New Customers,412
11024,315,1,79,1,1,2,Hibernating,112
11025,271,1,24,2,1,1,Hibernating,211
11026,205,1,15,3,1,1,Needs Attention,311
11027,153,1,40,3,1,2,Needs Attention,312
11028,263,1,60,2,1,2,Hibernating,212
11029,361,1,70,1,1,2,Hibernating,112
11030,47,1,31,5,1,1,New Customers,511
11031,63,2,4144,5,3,5,Potential Loyalists,535
11032,70,2,3897,5,3,5,Potential Loyalists,535
11033,89,2,3883,4,3,5,Potential Loyalists,435
11034,76,2,3918,4,3,5,Potential Loyalists,435
11035,304,1,15,1,1,1,Hibernating,111
11036,304,1,70,1,1,2,Hibernating,112
11037,44,1,1155,5,1,3,New Customers,513
11038,137,1,45,3,1,2,Needs Attention,312
11039,359,1,85,1,1,2,Hibernating,112
11040,47,1,35,5,1,1,New Customers,511
11041,258,1,37,2,1,1,Hibernating,211
11042,38,2,4167,5,3,5,Potential Loyalists,535
11043,317,1,540,1,1,3,Hibernating,113
11044,298,1,589,1,1,3,Hibernating,113
11045,293,1,608,1,1,3,Hibernating,113
11046,291,1,562,1,1,3,Hibernating,113
11047,299,1,563,1,1,3,Hibernating,113
11048,131,1,24,4,1,1,New Customers,411
11049,295,1,549,1,1,3,Hibernating,113
11050,269,1,15,2,1,1,Hibernating,211
11051,227,2,4160,2,3,5,At Risk (high value),235
11052,38,1,50,5,1,2,New Customers,512
11053,354,1,15,1,1,1,Hibernating,111
11054,115,1,10,4,1,1,New Customers,411
11055,292,1,563,1,1,3,Hibernating,113
11056,353,1,24,1,1,1,Hibernating,111
11057,144,1,35,3,1,1,Needs Attention,311
11058,18,1,70,5,1,2,New Customers,512
11059,59,2,4118,5,3,5,Potential Loyalists,535
11060,303,1,7,1,1,1,Hibernating,111
11061,328,1,37,1,1,1,Hibernating,111
11062,34,1,1145,5,1,3,New Customers,513
11063,40,1,1120,5,1,3,New Customers,513
11064,14,1,79,5,1,2,New Customers,512
11065,347,1,70,1,1,2,Hibernating,112
11066,337,1,70,1,1,2,Hibernating,112
11067,303,1,540,1,1,3,Hibernating,113
11068,278,1,540,2,1,3,Hibernating,213
11069,292,1,24,1,1,1,Hibernating,111
11070,184,1,23,3,1,1,Needs Attention,311
11071,176,1,15,3,1,1,Needs Attention,311
11072,267,1,74,2,1,2,Hibernating,212
11073,304,1,618,1,1,3,Hibernating,113
11074,251,1,74,2,1,2,Hibernating,212
11075,276,1,554,2,1,3,Hibernating,213
11076,124,1,144,4,1,3,New Customers,413
11077,248,1,66,2,1,2,Hibernating,212
11078,298,1,30,1,1,1,Hibernating,111
11079,276,1,563,2,1,3,Hibernating,213
11080,112,1,24,4,1,1,New Customers,411
11081,62,1,57,5,1,2,New Customers,512
11082,299,1,30,1,1,1,Hibernating,111
11083,291,1,575,1,1,3,Hibernating,113
11084,155,1,155,3,1,3,Needs Attention,313
11085,113,1,70,4,1,2,New Customers,412
11086,177,1,35,3,1,1,Needs Attention,311
11087,231,1,30,2,1,1,Hibernating,211
11088,203,1,94,3,1,3,Needs Attention,313
11089,290,1,570,1,1,3,Hibernating,113
11090,296,1,554,1,1,3,Hibernating,113
11091,354,1,32,1,1,1,Hibernating,111
11092,279,1,549,2,1,3,Hibernating,213
11093,292,1,563,1,1,3,Hibernating,113
11094,258,1,589,2,1,3,Hibernating,213
11095,266,1,540,2,1,3,Hibernating,213
11096,80,1,142,4,1,3,New Customers,413
11097,271,1,134,2,1,3,Hibernating,213
11098,347,1,62,1,1,2,Hibernating,112
11099,215,1,70,2,1,2,Hibernating,212
11100,261,1,563,2,1,3,Hibernating,213
11101,174,1,91,3,1,2,Needs Attention,312
11102,115,1,32,4,1,1,New Customers,411
11103,115,1,85,4,1,2,New Customers,412
11104,251,1,70,2,1,2,Hibernating,212
11105,267,1,554,2,1,3,Hibernating,213
11106,28,1,45,5,1,2,New Customers,512
11107,263,1,554,2,1,3,Hibernating,213
11108,231,1,72,2,1,2,Hibernating,212
11109,286,1,85,2,1,2,Hibernating,212
11110,384,2,5971,1,3,5,At Risk (high value),135
11111,36,1,35,5,1,1,New Customers,511
11112,59,1,1174,5,1,4,New Customers,514
11113,343,2,6047,1,3,5,At Risk (high value),135
11114,257,1,589,2,1,3,Hibernating,213
11115,244,2,4183,2,3,5,At Risk (high value),235
11116,267,1,625,2,1,3,Hibernating,213
11117,246,1,563,2,1,3,Hibernating,213
11118,199,2,4158,3,3,5,Potential Loyalists,335
11119,187,2,4158,3,3,5,Potential Loyalists,335
11120,246,1,563,2,1,3,Hibernating,213
11121,331,2,5962,1,3,5,At Risk (high value),135
11122,246,2,5997,2,3,5,At Risk (high value),235
11123,291,1,94,1,1,3,Hibernating,113
11124,250,1,30,2,1,1,Hibernating,211
11125,78,1,35,4,1,1,New Customers,411
11126,324,1,35,1,1,1,Hibernating,111
11127,162,1,35,3,1,1,Needs Attention,311
11128,265,1,90,2,1,2,Hibernating,212
11129,188,2,4142,3,3,5,Potential Loyalists,335
11130,261,1,575,2,1,3,Hibernating,213
11131,265,1,575,2,1,3,Hibernating,213
11132,255,1,561,2,1,3,Hibernating,213
11133,246,1,563,2,1,3,Hibernating,213
11134,255,1,556,2,1,3,Hibernating,213
11135,126,1,144,4,1,3,New Customers,413
11136,268,1,575,2,1,3,Hibernating,213
11137,268,1,554,2,1,3,Hibernating,213
11138,55,1,1184,5,1,4,New Customers,514
11139,287,1,37,2,1,1,Hibernating,211
11140,262,1,549,2,1,3,Hibernating,213
11141,35,1,1120,5,1,3,New Customers,513
11142,156,1,166,3,1,3,Needs Attention,313
11143,308,1,72,1,1,2,Hibernating,112
11144,348,1,40,1,1,2,Hibernating,112
11145,200,1,90,3,1,2,Needs Attention,312
11146,313,1,37,1,1,1,Hibernating,111
11147,49,1,37,5,1,1,New Customers,511
11148,158,1,70,3,1,2,Needs Attention,312
11149,221,1,70,2,1,2,Hibernating,212
11150,30,1,124,5,1,3,New Customers,513
11151,324,1,70,1,1,2,Hibernating,112
11152,143,1,134,3,1,3,Needs Attention,313
11153,53,1,1205,5,1,4,New Customers,514
11154,246,1,549,2,1,3,Hibernating,213
11155,359,1,37,1,1,1,Hibernating,111
11156,144,1,70,3,1,2,Needs Attention,312
11157,329,1,70,1,1,2,Hibernating,112
11158,113,1,32,4,1,1,New Customers,411
11159,237,1,37,2,1,1,Hibernating,211
11160,49,1,32,5,1,1,New Customers,511
11161,240,1,37,2,1,1,Hibernating,211
11162,40,1,72,5,1,2,New Customers,512
11163,238,1,70,2,1,2,Hibernating,212
11164,359,1,37,1,1,1,Hibernating,111
11165,233,1,563,2,1,3,Hibernating,213
11166,256,1,191,2,1,3,Hibernating,213
11167,231,1,70,2,1,2,Hibernating,212
11168,353,1,124,1,1,3,Hibernating,113
11169,245,2,2997,2,3,4,At Risk (high value),234
11170,224,1,79,2,1,2,Hibernating,212
11171,271,2,2745,2,3,4,At Risk (high value),234
11172,259,2,2722,2,3,4,At Risk (high value),234
11173,250,2,2932,2,3,4,At Risk (high value),234
11174,268,2,2736,2,3,4,At Risk (high value),234
11175,274,2,3007,2,3,4,At Risk (high value),234
11176,272,2,3018,2,3,4,At Risk (high value),234
11177,208,1,101,2,1,3,Hibernating,213
11178,200,1,24,3,1,1,Needs Attention,311
11179,77,2,4233,4,3,5,Potential Loyalists,435
11180,228,1,22,2,1,1,Hibernating,211
11181,85,2,4633,4,3,5,Potential Loyalists,435
11182,82,2,4674,4,3,5,Potential Loyalists,435
11183,215,2,6006,2,3,5,At Risk (high value),235
11184,104,1,32,4,1,1,New Customers,411
11185,108,1,37,4,1,1,New Customers,411
11186,309,1,39,1,1,1,Hibernating,111
11187,37,1,1174,5,1,4,New Customers,514
11188,28,1,32,5,1,1,New Customers,511
11189,40,1,1179,5,1,4,New Customers,514
11190,223,1,549,2,1,3,Hibernating,213
11191,99,1,37,4,1,1,New Customers,411
11192,257,1,94,2,1,3,Hibernating,213
11193,219,1,85,2,1,2,Hibernating,212
11194,90,2,4886,4,3,5,Potential Loyalists,435
11195,64,2,4634,5,3,5,Potential Loyalists,535
11196,57,2,4909,5,3,5,Potential Loyalists,535
11197,56,2,4633,5,3,5,Potential Loyalists,535
11198,56,2,4741,5,3,5,Potential Loyalists,535
11199,60,2,4662,5,3,5,Potential Loyalists,535
11200,51,2,4694,5,3,5,Potential Loyalists,535
11201,45,2,4660,5,3,5,Potential Loyalists,535
11202,51,2,5012,5,3,5,Potential Loyalists,535
11203,32,2,4672,5,3,5,Potential Loyalists,535
11204,56,2,4625,5,3,5,Potential Loyalists,535
11205,198,1,42,3,1,2,Needs Attention,312
11206,193,1,121,3,1,3,Needs Attention,313
11207,170,1,201,3,1,3,Needs Attention,313
11208,33,2,4921,5,3,5,Potential Loyalists,535
11209,304,1,42,1,1,2,Hibernating,112
11210,271,1,75,2,1,2,Hibernating,212
11211,232,1,35,2,1,1,Hibernating,211
11212,259,1,37,2,1,1,Hibernating,211
11213,271,1,40,2,1,2,Hibernating,212
11214,336,1,59,1,1,2,Hibernating,112
11215,122,1,42,4,1,2,New Customers,412
11216,290,1,79,1,1,2,Hibernating,112
11217,232,1,564,2,1,3,Hibernating,213
11218,12,1,61,5,1,2,New Customers,512
11219,36,1,1155,5,1,3,New Customers,513
11220,68,1,13,5,1,1,New Customers,511
11221,34,1,1179,5,1,4,New Customers,514
11222,46,1,1155,5,1,3,New Customers,513
11223,41,1,94,5,1,3,New Customers,513
11224,124,1,35,4,1,1,New Customers,411
11225,233,1,624,2,1,3,Hibernating,213
11226,216,1,604,2,1,3,Hibernating,213
11227,317,1,35,1,1,1,Hibernating,111
11228,309,1,35,1,1,1,Hibernating,111
11229,90,1,37,4,1,1,New Customers,411
11230,56,1,1147,5,1,3,New Customers,513
11231,126,2,4223,4,3,5,Potential Loyalists,435
11232,244,1,609,2,1,3,Hibernating,213
11233,227,2,5985,2,3,5,At Risk (high value),235
11234,229,2,5997,2,3,5,At Risk (high value),235
11235,201,2,5976,3,3,5,Potential Loyalists,335
11236,41,1,1155,5,1,3,New Customers,513
11237,33,1,1179,5,1,4,New Customers,514
11238,186,1,30,3,1,1,Needs Attention,311
11239,33,1,1155,5,1,3,New Customers,513
11240,212,1,32,2,1,1,Hibernating,211
11241,239,1,32,2,1,1,Hibernating,211
11242,49,1,1149,5,1,3,New Customers,513
11243,329,1,37,1,1,1,Hibernating,111
11244,56,1,1170,5,1,4,New Customers,514
11245,299,1,30,1,1,1,Hibernating,111
11246,52,1,1188,5,1,4,New Customers,514
11247,58,1,1170,5,1,4,New Customers,514
11248,199,2,5978,3,3,5,Potential Loyalists,335
11249,59,1,1134,5,1,3,New Customers,513
11250,216,1,540,2,1,3,Hibernating,213
11251,216,1,549,2,1,3,Hibernating,213
11252,158,2,5971,3,3,5,Potential Loyalists,335
11253,182,2,6047,3,3,5,Potential Loyalists,335
11254,32,1,1174,5,1,4,New Customers,514
11255,381,1,554,1,1,3,Hibernating,113
11256,217,1,599,2,1,3,Hibernating,213
11257,242,1,570,2,1,3,Hibernating,213
11258,237,1,540,2,1,3,Hibernating,213
11259,227,1,549,2,1,3,Hibernating,213
11260,386,1,563,1,1,3,Hibernating,113
11261,387,1,563,1,1,3,Hibernating,113
11262,397,1,561,1,1,3,Hibernating,113
11263,372,1,540,1,1,3,Hibernating,113
11264,7,1,35,5,1,1,New Customers,511
11265,233,1,90,2,1,2,Hibernating,212
11266,325,1,22,1,1,1,Hibernating,111
11267,217,1,724,2,1,3,Hibernating,213
11268,120,2,4167,4,3,5,Potential Loyalists,435
11269,156,2,6031,3,3,5,Potential Loyalists,335
11270,190,1,94,3,1,3,Needs Attention,313
11271,236,1,609,2,1,3,Hibernating,213
11272,224,1,613,2,1,3,Hibernating,213
11273,222,1,571,2,1,3,Hibernating,213
11274,377,1,575,1,1,3,Hibernating,113
11275,373,1,575,1,1,3,Hibernating,113
11276,355,1,615,1,1,3,Hibernating,113
11277,361,1,599,1,1,3,Hibernating,113
11278,4,1,30,5,1,1,New Customers,511
11279,319,1,7,1,1,1,Hibernating,111
11280,56,1,30,5,1,1,New Customers,511
11281,257,1,32,2,1,1,Hibernating,211
11282,348,1,540,1,1,3,Hibernating,113
11283,364,1,575,1,1,3,Hibernating,113
11284,162,1,157,3,1,3,Needs Attention,313
11285,366,1,600,1,1,3,Hibernating,113
11286,199,1,90,3,1,2,Needs Attention,312
11287,262,1,35,2,1,1,Hibernating,211
11288,345,1,540,1,1,3,Hibernating,113
11289,356,1,561,1,1,3,Hibernating,113
11290,357,1,561,1,1,3,Hibernating,113
11291,238,1,600,2,1,3,Hibernating,213
11292,243,1,575,2,1,3,Hibernating,213
11293,217,1,554,2,1,3,Hibernating,213
11294,237,1,561,2,1,3,Hibernating,213
11295,221,1,650,2,1,3,Hibernating,213
11296,220,1,600,2,1,3,Hibernating,213
11297,94,1,133,4,1,3,New Customers,413
11298,227,1,600,2,1,3,Hibernating,213
11299,189,1,578,3,1,3,Needs Attention,313
11300,93,2,4145,4,3,5,Potential Loyalists,435
11301,341,1,549,1,1,3,Hibernating,113
11302,357,1,540,1,1,3,Hibernating,113
11303,203,1,1764,3,1,4,Needs Attention,314
11304,46,1,21,5,1,1,New Customers,511
11305,191,1,37,3,1,1,Needs Attention,311
11306,24,1,120,5,1,3,New Customers,513
11307,269,1,561,2,1,3,Hibernating,213
11308,120,1,804,4,1,3,New Customers,413
11309,213,1,1769,2,1,4,At Risk (high value),214
11310,169,1,1786,3,1,4,Needs Attention,314
11311,219,1,94,2,1,3,Hibernating,213
11312,198,1,1739,3,1,4,Needs Attention,314
11313,383,1,2478,1,1,4,At Risk (high value),114
11314,179,1,1736,3,1,4,Needs Attention,314
11315,181,1,84,3,1,2,Needs Attention,312
11316,98,1,40,4,1,2,New Customers,412
11317,245,1,618,2,1,3,Hibernating,213
11318,334,1,14,1,1,1,Hibernating,111
11319,34,1,1174,5,1,4,New Customers,514
11320,249,1,554,2,1,3,Hibernating,213
11321,176,1,1736,3,1,4,Needs Attention,314
11322,170,1,1701,3,1,4,Needs Attention,314
11323,271,1,600,2,1,3,Hibernating,213
11324,373,1,2443,1,1,4,At Risk (high value),114
11325,307,1,25,1,1,1,Hibernating,111
11326,184,1,14,3,1,1,Needs Attention,311
11327,84,1,40,4,1,2,New Customers,412
11328,347,1,575,1,1,3,Hibernating,113
11329,355,1,549,1,1,3,Hibernating,113
11330,339,1,575,1,1,3,Hibernating,113
11331,366,1,609,1,1,3,Hibernating,113
11332,14,1,15,5,1,1,New Customers,511
11333,227,1,40,2,1,2,Hibernating,212
11334,331,1,70,1,1,2,Hibernating,112
11335,340,1,549,1,1,3,Hibernating,113
11336,324,1,578,1,1,3,Hibernating,113
11337,309,1,600,1,1,3,Hibernating,113
11338,107,1,50,4,1,2,New Customers,412
11339,361,1,69,1,1,2,Hibernating,112
11340,181,1,15,3,1,1,Needs Attention,311
11341,149,1,15,3,1,1,Needs Attention,311
11342,2,1,74,5,1,2,New Customers,512
11343,120,1,69,4,1,2,New Customers,412
11344,300,1,2422,1,1,4,At Risk (high value),114
11345,246,1,2419,2,1,4,At Risk (high value),214
11346,346,1,74,1,1,2,Hibernating,112
11347,334,1,575,1,1,3,Hibernating,113
11348,133,1,50,4,1,2,New Customers,412
11349,248,1,15,2,1,1,Hibernating,211
11350,165,1,125,3,1,3,Needs Attention,313
11351,102,1,15,4,1,1,New Customers,411
11352,224,1,70,2,1,2,Hibernating,212
11353,144,1,10,3,1,1,Needs Attention,311
11354,193,1,40,3,1,2,Needs Attention,312
11355,207,1,40,2,1,2,Hibernating,212
11356,239,1,10,2,1,1,Hibernating,211
11357,3,1,50,5,1,2,New Customers,512
11358,15,1,50,5,1,2,New Customers,512
11359,252,1,39,2,1,1,Hibernating,211
11360,271,1,7,2,1,1,Hibernating,211
11361,186,1,59,3,1,2,Needs Attention,312
11362,220,1,35,2,1,1,Hibernating,211
11363,141,1,35,3,1,1,Needs Attention,311
11364,217,1,57,2,1,2,Hibernating,212
11365,195,1,45,3,1,2,Needs Attention,312
11366,356,1,32,1,1,1,Hibernating,111
11367,176,1,57,3,1,2,Needs Attention,312
11368,278,1,70,2,1,2,Hibernating,212
11369,313,1,615,1,1,3,Hibernating,113
11370,232,1,70,2,1,2,Hibernating,212
11371,34,1,160,5,1,3,New Customers,513
11372,185,1,40,3,1,2,Needs Attention,312
11373,328,1,575,1,1,3,Hibernating,113
11374,151,2,5976,3,3,5,Potential Loyalists,335
11375,308,1,600,1,1,3,Hibernating,113
11376,139,1,35,3,1,1,Needs Attention,311
11377,229,1,30,2,1,1,Hibernating,211
11378,108,1,184,4,1,3,New Customers,413
11379,296,1,30,1,1,1,Hibernating,111
11380,91,1,27,4,1,1,New Customers,411
11381,301,1,5,1,1,1,Hibernating,111
11382,256,1,29,2,1,1,Hibernating,211
11383,20,1,5,5,1,1,New Customers,511
11384,181,1,68,3,1,2,Needs Attention,312
11385,218,1,40,2,1,2,Hibernating,212
11386,140,1,59,3,1,2,Needs Attention,312
11387,131,1,5,4,1,1,New Customers,411
11388,106,1,5,4,1,1,New Customers,411
11389,310,1,69,1,1,2,Hibernating,112
11390,17,1,40,5,1,2,New Customers,512
11391,200,1,29,3,1,1,Needs Attention,311
11392,44,1,1174,5,1,4,New Customers,514
11393,238,1,643,2,1,3,Hibernating,213
11394,377,1,589,1,1,3,Hibernating,113
11395,4,1,25,5,1,1,New Customers,511
11396,243,1,571,2,1,3,Hibernating,213
11397,172,1,1726,3,1,4,Needs Attention,314
11398,246,1,27,2,1,1,Hibernating,211
11399,368,1,540,1,1,3,Hibernating,113
11400,270,2,2786,2,3,4,At Risk (high value),234
11401,252,2,2738,2,3,4,At Risk (high value),234
11402,260,2,2983,2,3,4,At Risk (high value),234
11403,247,2,2722,2,3,4,At Risk (high value),234
11404,269,1,70,2,1,2,Hibernating,212
11405,243,2,2983,2,3,4,At Risk (high value),234
11406,267,1,124,2,1,3,Hibernating,213
11407,238,2,3018,2,3,4,At Risk (high value),234
11408,236,2,2757,2,3,4,At Risk (high value),234
11409,237,2,2771,2,3,4,At Risk (high value),234
11410,238,2,2746,2,3,4,At Risk (high value),234
11411,219,2,2983,2,3,4,At Risk (high value),234
11412,220,2,2771,2,3,4,At Risk (high value),234
11413,232,2,3018,2,3,4,At Risk (high value),234
11414,37,1,23,5,1,1,New Customers,511
11415,386,1,575,1,1,3,Hibernating,113
11416,387,1,615,1,1,3,Hibernating,113
11417,176,1,1765,3,1,4,Needs Attention,314
11418,135,1,21,3,1,1,Needs Attention,311
11419,173,1,1732,3,1,4,Needs Attention,314
11420,127,1,60,4,1,2,New Customers,412
11421,245,1,23,2,1,1,Hibernating,211
11422,237,1,59,2,1,2,Hibernating,212
11423,133,1,1736,4,1,4,New Customers,414
11424,231,1,584,2,1,3,Hibernating,213
11425,297,1,75,1,1,2,Hibernating,112
11426,97,1,25,4,1,1,New Customers,411
11427,217,1,554,2,1,3,Hibernating,213
11428,153,1,1701,3,1,4,Needs Attention,314
11429,129,1,1739,4,1,4,New Customers,414
11430,151,1,1778,3,1,4,Needs Attention,314
11431,397,1,2639,1,1,4,At Risk (high value),114
11432,329,1,60,1,1,2,Hibernating,112
11433,389,1,578,1,1,3,Hibernating,113
11434,152,1,1765,3,1,4,Needs Attention,314
11435,103,1,1736,4,1,4,New Customers,414
11436,257,1,23,2,1,1,Hibernating,211
11437,379,1,608,1,1,3,Hibernating,113
11438,163,1,1739,3,1,4,Needs Attention,314
11439,238,1,617,2,1,3,Hibernating,213
11440,95,1,1701,4,1,4,New Customers,414
11441,225,1,554,2,1,3,Hibernating,213
11442,371,1,598,1,1,3,Hibernating,113
11443,94,1,1710,4,1,4,New Customers,414
11444,241,1,554,2,1,3,Hibernating,213
11445,89,1,828,4,1,3,New Customers,413
11446,370,1,2490,1,1,4,At Risk (high value),114
11447,134,1,1739,3,1,4,Needs Attention,314
11448,82,1,793,4,1,3,New Customers,413
11449,342,1,2480,1,1,4,At Risk (high value),114
11450,339,1,2515,1,1,4,At Risk (high value),114
11451,92,1,799,4,1,3,New Customers,413
11452,133,1,1710,4,1,4,New Customers,414
11453,153,1,1736,3,1,4,Needs Attention,314
11454,74,1,40,4,1,2,New Customers,412
11455,83,1,13,4,1,1,New Customers,411
11456,355,1,29,1,1,1,Hibernating,111
11457,104,1,1728,4,1,4,New Customers,414
11458,281,1,5,2,1,1,Hibernating,211
11459,222,1,563,2,1,3,Hibernating,213
11460,374,1,540,1,1,3,Hibernating,113
11461,110,1,1751,4,1,4,New Customers,414
11462,107,1,1755,4,1,4,New Customers,414
11463,355,1,554,1,1,3,Hibernating,113
11464,207,1,575,2,1,3,Hibernating,213
11465,277,1,2443,2,1,4,At Risk (high value),214
11466,283,1,2492,2,1,4,At Risk (high value),214
11467,213,1,549,2,1,3,Hibernating,213
11468,105,1,1732,4,1,4,New Customers,414
11469,74,1,1701,4,1,4,New Customers,414
11470,320,1,563,1,1,3,Hibernating,113
11471,88,1,1736,4,1,4,New Customers,414
11472,190,1,561,3,1,3,Needs Attention,313
11473,206,1,540,3,1,3,Needs Attention,313
11474,313,1,608,1,1,3,Hibernating,113
11475,53,1,14,5,1,1,New Customers,511
11476,294,1,99,1,1,3,Hibernating,113
11477,78,1,59,4,1,2,New Customers,412
11478,331,1,575,1,1,3,Hibernating,113
11479,316,1,554,1,1,3,Hibernating,113
11480,313,1,600,1,1,3,Hibernating,113
11481,208,1,617,2,1,3,Hibernating,213
11482,334,1,564,1,1,3,Hibernating,113
11483,21,1,40,5,1,2,New Customers,512
11484,56,1,110,5,1,3,New Customers,513
11485,183,1,589,3,1,3,Needs Attention,313
11486,100,1,23,4,1,1,New Customers,411
11487,314,1,589,1,1,3,Hibernating,113
11488,181,1,589,3,1,3,Needs Attention,313
11489,277,1,5,2,1,1,Hibernating,211
11490,48,1,30,5,1,1,New Customers,511
11491,171,1,549,3,1,3,Needs Attention,313
11492,355,1,5,1,1,1,Hibernating,111
11493,344,1,68,1,1,2,Hibernating,112
11494,5,1,5,5,1,1,New Customers,511
11495,328,1,5,1,1,1,Hibernating,111
11496,178,1,608,3,1,3,Needs Attention,313
11497,116,1,49,4,1,2,New Customers,412
11498,242,1,59,2,1,2,Hibernating,212
11499,171,1,35,3,1,1,Needs Attention,311
11500,155,1,23,3,1,1,Needs Attention,311
11501,259,1,2481,2,1,4,At Risk (high value),214
11502,224,1,2566,2,1,4,At Risk (high value),214
11503,153,1,1736,3,1,4,Needs Attention,314
11504,142,1,1775,3,1,4,Needs Attention,314
11505,153,1,1736,3,1,4,Needs Attention,314
11506,90,1,1736,4,1,4,New Customers,414
11507,279,1,561,2,1,3,Hibernating,213
11508,219,1,49,2,1,2,Hibernating,212
11509,78,1,799,4,1,3,New Customers,413
11510,81,1,804,4,1,3,New Customers,413
11511,119,1,1764,4,1,4,New Customers,414
11512,184,1,80,3,1,2,Needs Attention,312
11513,170,1,30,3,1,1,Needs Attention,311
11514,280,1,23,2,1,1,Hibernating,211
11515,15,1,59,5,1,2,New Customers,512
11516,172,1,554,3,1,3,Needs Attention,313
11517,230,1,5,2,1,1,Hibernating,211
11518,285,1,563,2,1,3,Hibernating,213
11519,75,1,1736,4,1,4,New Customers,414
11520,90,1,921,4,1,3,New Customers,413
11521,107,1,1775,4,1,4,New Customers,414
11522,27,1,5,5,1,1,New Customers,511
11523,294,1,540,1,1,3,Hibernating,113
11524,41,1,806,5,1,3,New Customers,513
11525,239,1,2478,2,1,4,At Risk (high value),214
11526,285,1,575,2,1,3,Hibernating,213
11527,71,1,1732,5,1,4,New Customers,514
11528,315,1,75,1,1,2,Hibernating,112
11529,174,1,40,3,1,2,Needs Attention,312
11530,173,1,23,3,1,1,Needs Attention,311
11531,127,1,5,4,1,1,New Customers,411
11532,119,1,184,4,1,3,New Customers,413
11533,57,1,5,5,1,1,New Customers,511
11534,63,1,29,5,1,1,New Customers,511
11535,41,1,25,5,1,1,New Customers,511
11536,74,1,1751,4,1,4,New Customers,414
11537,73,1,1775,5,1,4,New Customers,514
11538,46,1,14,5,1,1,New Customers,511
11539,5,1,21,5,1,1,New Customers,511
11540,248,1,99,2,1,3,Hibernating,213
11541,280,1,29,2,1,1,Hibernating,211
11542,275,1,589,2,1,3,Hibernating,213
11543,97,1,23,4,1,1,New Customers,411
11544,315,1,563,1,1,3,Hibernating,113
11545,359,1,127,1,1,3,Hibernating,113
11546,177,1,49,3,1,2,Needs Attention,312
11547,161,1,30,3,1,1,Needs Attention,311
11548,267,1,37,2,1,1,Hibernating,211
11549,27,1,37,5,1,1,New Customers,511
11550,333,1,35,1,1,1,Hibernating,111
11551,165,1,29,3,1,1,Needs Attention,311
11552,92,1,68,4,1,2,New Customers,412
11553,215,1,21,2,1,1,Hibernating,211
11554,207,1,49,2,1,2,Hibernating,212
11555,324,1,5,1,1,1,Hibernating,111
11556,136,1,143,3,1,3,Needs Attention,313
11557,200,1,60,3,1,2,Needs Attention,312
11558,182,1,5,3,1,1,Needs Attention,311
11559,248,1,5,2,1,1,Hibernating,211
11560,350,1,5,1,1,1,Hibernating,111
11561,281,1,94,2,1,3,Hibernating,213
11562,188,1,25,3,1,1,Needs Attention,311
11563,321,1,30,1,1,1,Hibernating,111
11564,125,1,13,4,1,1,New Customers,411
11565,119,1,59,4,1,2,New Customers,412
11566,71,1,6,5,1,1,New Customers,511
11567,64,1,1701,5,1,4,New Customers,514
11568,234,1,23,2,1,1,Hibernating,211
11569,196,1,4,3,1,1,Needs Attention,311
11570,316,1,49,1,1,2,Hibernating,112
11571,89,1,1736,4,1,4,New Customers,414
11572,238,2,2835,2,3,4,At Risk (high value),234
11573,214,2,2997,2,3,4,At Risk (high value),234
11574,234,2,2722,2,3,4,At Risk (high value),234
11575,240,1,70,2,1,2,Hibernating,212
11576,233,2,3018,2,3,4,At Risk (high value),234
11577,232,2,2722,2,3,4,At Risk (high value),234
11578,214,2,2743,2,3,4,At Risk (high value),234
11579,226,2,2736,2,3,4,At Risk (high value),234
11580,241,2,2731,2,3,4,At Risk (high value),234
11581,240,2,3051,2,3,4,At Risk (high value),234
11582,239,2,2749,2,3,4,At Risk (high value),234
11583,200,2,2757,3,3,4,Potential Loyalists,334
11584,200,2,2821,3,3,4,Potential Loyalists,334
11585,217,1,34,2,1,1,Hibernating,211
11586,246,1,554,2,1,3,Hibernating,213
11587,64,1,1739,5,1,4,New Customers,514
11588,273,1,549,2,1,3,Hibernating,213
11589,204,1,49,3,1,2,Needs Attention,312
11590,155,1,5,3,1,1,Needs Attention,311
11591,261,1,584,2,1,3,Hibernating,213
11592,251,1,567,2,1,3,Hibernating,213
11593,74,1,1755,4,1,4,New Customers,414
11594,156,1,554,3,1,3,Needs Attention,313
11595,86,1,1710,4,1,4,New Customers,414
11596,207,1,2520,2,1,4,At Risk (high value),214
11597,89,1,1751,4,1,4,New Customers,414
11598,258,1,615,2,1,3,Hibernating,213
11599,248,1,598,2,1,3,Hibernating,213
11600,79,1,1701,4,1,4,New Customers,414
11601,44,1,1736,5,1,4,New Customers,514
11602,160,1,565,3,1,3,Needs Attention,313
11603,53,1,1755,5,1,4,New Customers,514
11604,155,1,561,3,1,3,Needs Attention,313
11605,48,1,1736,5,1,4,New Customers,514
11606,48,1,1751,5,1,4,New Customers,514
11607,268,1,589,2,1,3,Hibernating,213
11608,230,1,609,2,1,3,Hibernating,213
11609,43,1,1745,5,1,4,New Customers,514
11610,236,1,609,2,1,3,Hibernating,213
11611,239,1,575,2,1,3,Hibernating,213
11612,66,1,1775,5,1,4,New Customers,514
11613,175,1,562,3,1,3,Needs Attention,313
11614,384,1,1183,1,1,4,At Risk (high value),114
11615,376,1,1155,1,1,3,Hibernating,113
11616,224,1,540,2,1,3,Hibernating,213
11617,62,1,1736,5,1,4,New Customers,514
11618,44,1,806,5,1,3,New Customers,513
11619,54,1,1701,5,1,4,New Customers,514
11620,48,1,819,5,1,3,New Customers,513
11621,354,1,574,1,1,3,Hibernating,113
11622,283,1,590,2,1,3,Hibernating,213
11623,155,1,59,3,1,2,Needs Attention,312
11624,215,1,554,2,1,3,Hibernating,213
11625,27,1,34,5,1,1,New Customers,511
11626,338,1,78,1,1,2,Hibernating,112
11627,175,1,565,3,1,3,Needs Attention,313
11628,218,1,589,2,1,3,Hibernating,213
11629,239,1,563,2,1,3,Hibernating,213
11630,237,1,60,2,1,2,Hibernating,212
11631,375,1,1164,1,1,4,At Risk (high value),114
11632,388,1,1149,1,1,3,Hibernating,113
11633,174,1,2492,3,1,4,Needs Attention,314
11634,266,1,565,2,1,3,Hibernating,213
11635,37,1,1775,5,1,4,New Customers,514
11636,50,1,1728,5,1,4,New Customers,514
11637,37,1,1701,5,1,4,New Customers,514
11638,55,1,1715,5,1,4,New Customers,514
11639,231,1,549,2,1,3,Hibernating,213
11640,343,1,1155,1,1,3,Hibernating,113
11641,350,1,1149,1,1,3,Hibernating,113
11642,133,1,589,4,1,3,New Customers,413
11643,349,1,1198,1,1,4,At Risk (high value),114
11644,341,1,1120,1,1,3,Hibernating,113
11645,220,1,604,2,1,3,Hibernating,213
11646,136,1,554,3,1,3,Needs Attention,313
11647,347,1,1155,1,1,3,Hibernating,113
11648,153,1,2443,3,1,4,Needs Attention,314
11649,145,1,2476,3,1,4,Needs Attention,314
11650,131,1,589,4,1,3,New Customers,413
11651,236,1,575,2,1,3,Hibernating,213
11652,129,1,575,4,1,3,New Customers,413
11653,225,1,554,2,1,3,Hibernating,213
11654,352,1,1188,1,1,4,At Risk (high value),114
11655,135,1,563,3,1,3,Needs Attention,313
11656,197,1,565,3,1,3,Needs Attention,313
11657,313,1,1169,1,1,4,At Risk (high value),114
11658,143,1,40,3,1,2,Needs Attention,312
11659,84,1,29,4,1,1,New Customers,411
11660,81,1,39,4,1,1,New Customers,411
11661,16,1,4,5,1,1,New Customers,511
11662,90,1,69,4,1,2,New Customers,412
11663,70,1,5,5,1,1,New Customers,511
11664,127,1,575,4,1,3,New Customers,413
11665,113,1,2511,4,1,4,New Customers,414
11666,258,1,587,2,1,3,Hibernating,213
11667,227,1,575,2,1,3,Hibernating,213
11668,391,1,1170,1,1,4,At Risk (high value),114
11669,378,1,1174,1,1,4,At Risk (high value),114
11670,375,1,1120,1,1,3,Hibernating,113
11671,321,1,40,1,1,2,Hibernating,112
11672,330,1,1155,1,1,3,Hibernating,113
11673,212,1,29,2,1,1,Hibernating,211
11674,137,1,609,3,1,3,Needs Attention,313
11675,211,1,575,2,1,3,Hibernating,213
11676,136,1,629,3,1,3,Needs Attention,313
11677,340,1,29,1,1,1,Hibernating,111
11678,78,1,13,4,1,1,New Customers,411
11679,197,1,654,3,1,3,Needs Attention,313
11680,151,1,612,3,1,3,Needs Attention,313
11681,72,1,621,5,1,3,New Customers,513
11682,233,1,132,2,1,3,Hibernating,213
11683,12,1,29,5,1,1,New Customers,511
11684,256,1,58,2,1,2,Hibernating,212
11685,63,1,549,5,1,3,New Customers,513
11686,188,1,600,3,1,3,Needs Attention,313
11687,324,1,1243,1,1,4,At Risk (high value),114
11688,396,1,1155,1,1,3,Hibernating,113
11689,188,1,39,3,1,1,Needs Attention,311
11690,106,1,549,4,1,3,New Customers,413
11691,96,1,2524,4,1,4,New Customers,414
11692,104,1,2457,4,1,4,New Customers,414
11693,75,1,2481,4,1,4,New Customers,414
11694,361,1,1755,1,1,4,At Risk (high value),114
11695,206,1,575,3,1,3,Needs Attention,313
11696,325,1,1174,1,1,4,At Risk (high value),114
11697,75,1,69,4,1,2,New Customers,412
11698,329,1,84,1,1,2,Hibernating,112
11699,291,1,69,1,1,2,Hibernating,112
11700,67,1,163,5,1,3,New Customers,513
11701,195,1,6,3,1,1,Needs Attention,311
11702,209,1,58,2,1,2,Hibernating,212
11703,77,1,29,4,1,1,New Customers,411
11704,22,1,69,5,1,2,New Customers,512
11705,228,1,42,2,1,2,Hibernating,212
11706,352,1,39,1,1,1,Hibernating,111
11707,13,1,67,5,1,2,New Customers,512
11708,171,1,63,3,1,2,Needs Attention,312
11709,141,1,89,3,1,2,Needs Attention,312
11710,138,1,29,3,1,1,Needs Attention,311
11711,286,1,4,2,1,1,Hibernating,211
11712,196,1,589,3,1,3,Needs Attention,313
11713,101,1,575,4,1,3,New Customers,413
11714,35,2,4148,5,3,5,Potential Loyalists,535
11715,218,1,72,2,1,2,Hibernating,212
11716,258,1,86,2,1,2,Hibernating,212
11717,196,1,554,3,1,3,Needs Attention,313
11718,204,1,575,3,1,3,Needs Attention,313
11719,185,1,600,3,1,3,Needs Attention,313
11720,195,1,567,3,1,3,Needs Attention,313
11721,34,1,30,5,1,1,New Customers,511
11722,175,1,37,3,1,1,Needs Attention,311
11723,193,1,563,3,1,3,Needs Attention,313
11724,122,1,70,4,1,2,New Customers,412
11725,185,1,70,3,1,2,Needs Attention,312
11726,179,1,39,3,1,1,Needs Attention,311
11727,32,1,30,5,1,1,New Customers,511
11728,298,1,35,1,1,1,Hibernating,111
11729,339,1,150,1,1,3,Hibernating,113
11730,298,1,70,1,1,2,Hibernating,112
11731,149,1,5,3,1,1,Needs Attention,311
11732,204,1,70,3,1,2,Needs Attention,312
11733,55,2,4133,5,3,5,Potential Loyalists,535
11734,209,1,549,2,1,3,Hibernating,213
11735,339,1,74,1,1,2,Hibernating,112
11736,272,1,35,2,1,1,Hibernating,211
11737,323,1,30,1,1,1,Hibernating,111
11738,230,1,165,2,1,3,Hibernating,213
11739,105,1,120,4,1,3,New Customers,413
11740,350,1,7,1,1,1,Hibernating,111
11741,83,1,30,4,1,1,New Customers,411
11742,311,1,35,1,1,1,Hibernating,111
11743,331,1,72,1,1,2,Hibernating,112
11744,334,1,66,1,1,2,Hibernating,112
11745,121,1,54,4,1,2,New Customers,412
11746,326,1,589,1,1,3,Hibernating,113
11747,196,1,40,3,1,2,Needs Attention,312
11748,289,1,32,1,1,1,Hibernating,111
11749,33,2,4188,5,3,5,Potential Loyalists,535
11750,202,1,600,3,1,3,Needs Attention,313
11751,103,1,30,4,1,1,New Customers,411
11752,230,1,134,2,1,3,Hibernating,213
11753,256,1,32,2,1,1,Hibernating,211
11754,184,1,724,3,1,3,Needs Attention,313
11755,139,1,194,3,1,3,Needs Attention,313
11756,48,1,5,5,1,1,New Customers,511
11757,273,1,70,2,1,2,Hibernating,212
11758,13,1,94,5,1,3,New Customers,513
11759,300,1,563,1,1,3,Hibernating,113
11760,225,1,37,2,1,1,Hibernating,211
11761,284,1,549,2,1,3,Hibernating,213
11762,133,1,70,4,1,2,New Customers,412
11763,123,1,94,4,1,3,New Customers,413
11764,112,1,70,4,1,2,New Customers,412
11765,148,1,30,3,1,1,Needs Attention,311
11766,141,2,5978,3,3,5,Potential Loyalists,335
11767,254,1,30,2,1,1,Hibernating,211
11768,310,1,70,1,1,2,Hibernating,112
11769,285,1,600,2,1,3,Hibernating,213
11770,235,1,30,2,1,1,Hibernating,211
11771,193,1,540,3,1,3,Needs Attention,313
11772,21,1,77,5,1,2,New Customers,512
11773,312,1,5,1,1,1,Hibernating,111
11774,92,1,216,4,1,3,New Customers,413
11775,35,1,30,5,1,1,New Customers,511
11776,210,1,37,2,1,1,Hibernating,211
11777,244,1,70,2,1,2,Hibernating,212
11778,238,1,194,2,1,3,Hibernating,213
11779,280,1,722,2,1,3,Hibernating,213
11780,15,1,30,5,1,1,New Customers,511
11781,283,1,722,2,1,3,Hibernating,213
11782,22,1,37,5,1,1,New Customers,511
11783,191,1,567,3,1,3,Needs Attention,313
11784,142,1,70,3,1,2,Needs Attention,312
11785,205,1,564,3,1,3,Needs Attention,313
11786,393,2,6029,1,3,5,At Risk (high value),135
11787,88,1,37,4,1,1,New Customers,411
11788,208,1,620,2,1,3,Hibernating,213
11789,200,1,604,3,1,3,Needs Attention,313
11790,196,1,575,3,1,3,Needs Attention,313
11791,188,1,575,3,1,3,Needs Attention,313
11792,281,1,600,2,1,3,Hibernating,213
11793,173,1,70,3,1,2,Needs Attention,312
11794,127,1,70,4,1,2,New Customers,412
11795,331,1,27,1,1,1,Hibernating,111
11796,342,1,68,1,1,2,Hibernating,112
11797,258,1,49,2,1,2,Hibernating,212
11798,40,1,2310,5,1,4,New Customers,514
11799,267,1,25,2,1,1,Hibernating,211
11800,67,1,35,5,1,1,New Customers,511
11801,52,1,2360,5,1,4,New Customers,514
11802,138,1,5,3,1,1,Needs Attention,311
11803,8,1,5,5,1,1,New Customers,511
11804,40,1,2365,5,1,4,New Customers,514
11805,298,1,54,1,1,2,Hibernating,112
11806,54,1,4,5,1,1,New Customers,511
11807,106,1,39,4,1,1,New Customers,411
11808,17,1,72,5,1,2,New Customers,512
11809,375,1,2478,1,1,4,At Risk (high value),114
11810,30,1,39,5,1,1,New Customers,511
11811,38,1,2355,5,1,4,New Customers,514
11812,73,1,35,5,1,1,New Customers,511
11813,168,1,32,3,1,1,Needs Attention,311
11814,94,1,120,4,1,3,New Customers,413
11815,311,1,5,1,1,1,Hibernating,111
11816,154,1,13,3,1,1,Needs Attention,311
11817,47,1,2341,5,1,4,New Customers,514
11818,47,1,2401,5,1,4,New Customers,514
11819,365,1,57,1,1,2,Hibernating,112
11820,166,1,35,3,1,1,Needs Attention,311
11821,4,1,29,5,1,1,New Customers,511
11822,236,1,39,2,1,1,Hibernating,211
11823,394,1,2476,1,1,4,At Risk (high value),114
11824,141,1,44,3,1,2,Needs Attention,312
11825,46,1,2305,5,1,4,New Customers,514
11826,145,1,79,3,1,2,Needs Attention,312
11827,320,1,35,1,1,1,Hibernating,111
11828,236,1,90,2,1,2,Hibernating,212
11829,380,1,2451,1,1,4,At Risk (high value),114
11830,55,1,5,5,1,1,New Customers,511
11831,33,1,14,5,1,1,New Customers,511
11832,273,1,40,2,1,2,Hibernating,212
11833,322,1,14,1,1,1,Hibernating,111
11834,98,1,29,4,1,1,New Customers,411
11835,145,1,13,3,1,1,Needs Attention,311
11836,321,1,39,1,1,1,Hibernating,111
11837,52,1,2335,5,1,4,New Customers,514
11838,139,1,70,3,1,2,Needs Attention,312
11839,195,1,30,3,1,1,Needs Attention,311
11840,358,1,39,1,1,1,Hibernating,111
11841,100,1,37,4,1,1,New Customers,411
11842,330,1,35,1,1,1,Hibernating,111
11843,226,1,86,2,1,2,Hibernating,212
11844,292,1,49,1,1,2,Hibernating,112
11845,304,1,40,1,1,2,Hibernating,112
11846,34,2,4634,5,3,5,Potential Loyalists,535
11847,364,1,75,1,1,2,Hibernating,112
11848,263,1,37,2,1,1,Hibernating,211
11849,358,1,40,1,1,2,Hibernating,112
11850,51,1,50,5,1,2,New Customers,512
11851,42,2,4658,5,3,5,Potential Loyalists,535
11852,58,2,4633,5,3,5,Potential Loyalists,535
11853,70,1,40,5,1,2,New Customers,512
11854,247,1,40,2,1,2,Hibernating,212
11855,42,2,4660,5,3,5,Potential Loyalists,535
11856,62,1,71,5,1,2,New Customers,512
11857,188,1,5,3,1,1,Needs Attention,311
11858,54,2,4886,5,3,5,Potential Loyalists,535
11859,13,1,5,5,1,1,New Customers,511
11860,198,1,5,3,1,1,Needs Attention,311
11861,35,2,4664,5,3,5,Potential Loyalists,535
11862,189,1,70,3,1,2,Needs Attention,312
11863,185,1,540,3,1,3,Needs Attention,313
11864,285,1,30,2,1,1,Hibernating,211
11865,190,1,571,3,1,3,Needs Attention,313
11866,119,1,37,4,1,1,New Customers,411
11867,310,1,6,1,1,1,Hibernating,111
11868,182,1,39,3,1,1,Needs Attention,311
11869,47,1,34,5,1,1,New Customers,511
11870,132,1,40,4,1,2,New Customers,412
11871,280,1,69,2,1,2,Hibernating,212
11872,189,1,561,3,1,3,Needs Attention,313
11873,195,1,540,3,1,3,Needs Attention,313
11874,192,1,540,3,1,3,Needs Attention,313
11875,283,1,549,2,1,3,Hibernating,213
11876,291,1,556,1,1,3,Hibernating,113
11877,286,1,575,2,1,3,Hibernating,213
11878,111,2,5962,4,3,5,Potential Loyalists,435
11879,295,1,554,1,1,3,Hibernating,113
11880,290,1,563,1,1,3,Hibernating,113
11881,277,1,549,2,1,3,Hibernating,213
11882,72,2,5997,5,3,5,Potential Loyalists,535
11883,156,1,101,3,1,3,Needs Attention,313
11884,314,1,30,1,1,1,Hibernating,111
11885,34,1,35,5,1,1,New Customers,511
11886,305,1,549,1,1,3,Hibernating,113
11887,288,1,599,2,1,3,Hibernating,213
11888,277,1,578,2,1,3,Hibernating,213
11889,278,1,540,2,1,3,Hibernating,213
11890,65,2,5971,5,3,5,Potential Loyalists,535
11891,81,1,70,4,1,2,New Customers,412
11892,262,1,70,2,1,2,Hibernating,212
11893,157,1,561,3,1,3,Needs Attention,313
11894,350,2,6056,1,3,5,At Risk (high value),135
11895,328,1,32,1,1,1,Hibernating,111
11896,366,2,6029,1,3,5,At Risk (high value),135
11897,303,1,600,1,1,3,Hibernating,113
11898,266,1,562,2,1,3,Hibernating,213
11899,272,1,540,2,1,3,Hibernating,213
11900,274,1,600,2,1,3,Hibernating,213
11901,258,1,540,2,1,3,Hibernating,213
11902,84,2,5971,4,3,5,Potential Loyalists,435
11903,130,1,32,4,1,1,New Customers,411
11904,275,2,6054,2,3,5,At Risk (high value),235
11905,37,2,4761,5,3,5,Potential Loyalists,535
11906,35,2,4625,5,3,5,Potential Loyalists,535
11907,60,2,4625,5,3,5,Potential Loyalists,535
11908,67,2,4169,5,3,5,Potential Loyalists,535
11909,54,2,4662,5,3,5,Potential Loyalists,535
11910,85,2,3981,4,3,5,Potential Loyalists,435
11911,73,2,3883,5,3,5,Potential Loyalists,535
11912,156,1,40,3,1,2,Needs Attention,312
11913,35,2,4660,5,3,5,Potential Loyalists,535
11914,55,2,4684,5,3,5,Potential Loyalists,535
11915,300,1,60,1,1,2,Hibernating,112
11916,216,1,14,2,1,1,Hibernating,211
11917,141,1,59,3,1,2,Needs Attention,312
11918,332,1,5,1,1,1,Hibernating,111
11919,115,1,5,4,1,1,New Customers,411
11920,170,1,59,3,1,2,Needs Attention,312
11921,64,1,92,5,1,2,New Customers,512
11922,36,2,4648,5,3,5,Potential Loyalists,535
11923,186,1,69,3,1,2,Needs Attention,312
11924,32,1,22,5,1,1,New Customers,511
11925,352,1,91,1,1,2,Hibernating,112
11926,148,1,135,3,1,3,Needs Attention,313
11927,43,2,3937,5,3,5,Potential Loyalists,535
11928,42,2,3914,5,3,5,Potential Loyalists,535
11929,230,1,59,2,1,2,Hibernating,212
11930,57,2,4674,5,3,5,Potential Loyalists,535
11931,33,2,4900,5,3,5,Potential Loyalists,535
11932,375,2,3883,1,3,5,At Risk (high value),135
11933,380,2,4169,1,3,5,At Risk (high value),135
11934,56,2,3918,5,3,5,Potential Loyalists,535
11935,49,2,4173,5,3,5,Potential Loyalists,535
11936,57,2,3952,5,3,5,Potential Loyalists,535
11937,47,2,3947,5,3,5,Potential Loyalists,535
11938,42,2,4179,5,3,5,Potential Loyalists,535
11939,49,2,4173,5,3,5,Potential Loyalists,535
11940,48,2,3961,5,3,5,Potential Loyalists,535
11941,389,2,4207,1,3,5,At Risk (high value),135
11942,209,1,59,2,1,2,Hibernating,212
11943,58,2,3972,5,3,5,Potential Loyalists,535
11944,44,2,4144,5,3,5,Potential Loyalists,535
11945,267,1,64,2,1,2,Hibernating,212
11946,315,1,13,1,1,1,Hibernating,111
11947,341,2,3912,1,3,5,At Risk (high value),135
11948,332,1,76,1,1,2,Hibernating,112
11949,273,1,40,2,1,2,Hibernating,212
11950,286,1,72,2,1,2,Hibernating,212
11951,361,2,3918,1,3,5,At Risk (high value),135
11952,312,2,4242,1,3,5,At Risk (high value),135
11953,340,1,40,1,1,2,Hibernating,112
11954,309,2,3900,1,3,5,At Risk (high value),135
11955,312,2,4179,1,3,5,At Risk (high value),135
11956,156,1,14,3,1,1,Needs Attention,311
11957,101,1,64,4,1,2,New Customers,412
11958,171,1,40,3,1,2,Needs Attention,312
11959,38,2,4208,5,3,5,Potential Loyalists,535
11960,35,2,3918,5,3,5,Potential Loyalists,535
11961,133,1,5,4,1,1,New Customers,411
11962,311,2,3892,1,3,5,At Risk (high value),135
11963,244,1,40,2,1,2,Hibernating,212
11964,312,1,59,1,1,2,Hibernating,112
11965,247,1,124,2,1,3,Hibernating,213
11966,130,1,7,4,1,1,New Customers,411
11967,286,2,3918,2,3,5,At Risk (high value),235
11968,158,1,70,3,1,2,Needs Attention,312
11969,249,1,32,2,1,1,Hibernating,211
11970,21,1,40,5,1,2,New Customers,512
11971,348,1,79,1,1,2,Hibernating,112
11972,935,1,3578,1,1,5,At Risk (high value),115
11973,246,1,540,2,1,3,Hibernating,213
11974,32,1,7,5,1,1,New Customers,511
11975,312,1,7,1,1,1,Hibernating,111
11976,938,1,3578,1,1,5,At Risk (high value),115
11977,65,2,5971,5,3,5,Potential Loyalists,535
11978,247,1,70,2,1,2,Hibernating,212
11979,29,1,81,5,1,2,New Customers,512
11980,84,1,79,4,1,2,New Customers,412
11981,358,1,30,1,1,1,Hibernating,111
11982,48,1,92,5,1,3,New Customers,513
11983,330,1,70,1,1,2,Hibernating,112
11984,192,1,7,3,1,1,Needs Attention,311
11985,40,1,35,5,1,1,New Customers,511
11986,120,1,81,4,1,2,New Customers,412
11987,197,2,2757,3,3,4,Potential Loyalists,334
11988,55,2,3942,5,3,5,Potential Loyalists,535
11989,54,2,4194,5,3,5,Potential Loyalists,535
11990,258,1,70,2,1,2,Hibernating,212
11991,280,1,30,2,1,1,Hibernating,211
11992,240,1,35,2,1,1,Hibernating,211
11993,260,1,608,2,1,3,Hibernating,213
11994,157,1,565,3,1,3,Needs Attention,313
11995,156,1,540,3,1,3,Needs Attention,313
11996,214,2,6060,2,3,5,At Risk (high value),235
11997,219,2,6035,2,3,5,At Risk (high value),235
11998,164,1,608,3,1,3,Needs Attention,313
11999,397,2,5329,1,3,5,At Risk (high value),135
12000,181,1,554,3,1,3,Needs Attention,313
12001,16,1,94,5,1,3,New Customers,513
12002,114,1,37,4,1,1,New Customers,411
12003,292,1,67,1,1,2,Hibernating,112
12004,282,1,32,2,1,1,Hibernating,211
12005,91,1,57,4,1,2,New Customers,412
12006,284,1,32,2,1,1,Hibernating,211
12007,91,1,39,4,1,1,New Customers,411
12008,298,1,15,1,1,1,Hibernating,111
12009,258,1,60,2,1,2,Hibernating,212
12010,54,1,7,5,1,1,New Customers,511
12011,91,1,64,4,1,2,New Customers,412
12012,213,1,15,2,1,1,Hibernating,211
12013,144,1,5,3,1,1,Needs Attention,311
12014,223,1,13,2,1,1,Hibernating,211
12015,174,1,14,3,1,1,Needs Attention,311
12016,169,1,563,3,1,3,Needs Attention,313
12017,177,1,561,3,1,3,Needs Attention,313
12018,169,1,563,3,1,3,Needs Attention,313
12019,160,1,608,3,1,3,Needs Attention,313
12020,259,1,613,2,1,3,Hibernating,213
12021,25,1,107,5,1,3,New Customers,513
12022,168,1,564,3,1,3,Needs Attention,313
12023,250,1,7,2,1,1,Hibernating,211
12024,310,1,32,1,1,1,Hibernating,111
12025,261,1,107,2,1,3,Hibernating,213
12026,154,1,30,3,1,1,Needs Attention,311
12027,162,1,604,3,1,3,Needs Attention,313
12028,172,1,37,3,1,1,Needs Attention,311
12029,158,1,600,3,1,3,Needs Attention,313
12030,301,1,121,1,1,3,Hibernating,113
12031,152,1,30,3,1,1,Needs Attention,311
12032,166,1,70,3,1,2,Needs Attention,312
12033,164,1,549,3,1,3,Needs Attention,313
12034,164,1,589,3,1,3,Needs Attention,313
12035,161,1,540,3,1,3,Needs Attention,313
12036,168,1,562,3,1,3,Needs Attention,313
12037,166,1,624,3,1,3,Needs Attention,313
12038,8,1,32,5,1,1,New Customers,511
12039,261,1,564,2,1,3,Hibernating,213
12040,258,1,561,2,1,3,Hibernating,213
12041,250,1,565,2,1,3,Hibernating,213
12042,171,1,561,3,1,3,Needs Attention,313
12043,170,1,589,3,1,3,Needs Attention,313
12044,40,1,30,5,1,1,New Customers,511
12045,295,1,37,1,1,1,Hibernating,111
12046,228,1,35,2,1,1,Hibernating,211
12047,347,1,37,1,1,1,Hibernating,111
12048,171,1,554,3,1,3,Needs Attention,313
12049,273,1,51,2,1,2,Hibernating,212
12050,333,1,35,1,1,1,Hibernating,111
12051,359,1,70,1,1,2,Hibernating,112
12052,317,1,35,1,1,1,Hibernating,111
12053,178,1,30,3,1,1,Needs Attention,311
12054,93,1,70,4,1,2,New Customers,412
12055,199,1,30,3,1,1,Needs Attention,311
12056,162,1,70,3,1,2,Needs Attention,312
12057,166,1,599,3,1,3,Needs Attention,313
12058,38,2,6021,5,3,5,Potential Loyalists,535
12059,182,1,589,3,1,3,Needs Attention,313
12060,172,1,600,3,1,3,Needs Attention,313
12061,243,1,127,2,1,3,Hibernating,213
12062,325,1,30,1,1,1,Hibernating,111
12063,108,1,120,4,1,3,New Customers,413
12064,44,1,37,5,1,1,New Customers,511
12065,293,1,30,1,1,1,Hibernating,111
12066,219,1,70,2,1,2,Hibernating,212
12067,271,1,618,2,1,3,Hibernating,213
12068,243,1,85,2,1,2,Hibernating,212
12069,79,1,37,4,1,1,New Customers,411
12070,349,1,70,1,1,2,Hibernating,112
12071,360,1,5,1,1,1,Hibernating,111
12072,235,1,32,2,1,1,Hibernating,211
12073,283,1,37,2,1,1,Hibernating,211
12074,166,1,540,3,1,3,Needs Attention,313
12075,54,2,6021,5,3,5,Potential Loyalists,535
12076,269,1,563,2,1,3,Hibernating,213
12077,35,1,30,5,1,1,New Customers,511
12078,312,1,7,1,1,1,Hibernating,111
12079,206,1,15,3,1,1,Needs Attention,311
12080,206,1,7,3,1,1,Needs Attention,311
12081,258,1,549,2,1,3,Hibernating,213
12082,179,1,609,3,1,3,Needs Attention,313
12083,175,1,604,3,1,3,Needs Attention,313
12084,178,1,50,3,1,2,Needs Attention,312
12085,224,1,40,2,1,2,Hibernating,212
12086,104,1,7,4,1,1,New Customers,411
12087,311,1,13,1,1,1,Hibernating,111
12088,154,1,40,3,1,2,Needs Attention,312
12089,355,1,32,1,1,1,Hibernating,111
12090,324,1,37,1,1,1,Hibernating,111
12091,160,1,37,3,1,1,Needs Attention,311
12092,66,1,98,5,1,3,New Customers,513
12093,218,1,30,2,1,1,Hibernating,211
12094,23,1,70,5,1,2,New Customers,512
12095,277,1,68,2,1,2,Hibernating,212
12096,225,1,5,2,1,1,Hibernating,211
12097,275,1,7,2,1,1,Hibernating,211
12098,183,2,2771,3,3,4,Potential Loyalists,334
12099,187,2,2745,3,3,4,Potential Loyalists,334
12100,199,2,2983,3,3,4,Potential Loyalists,334
12101,201,2,3006,3,3,4,Potential Loyalists,334
12102,195,2,2795,3,3,4,Potential Loyalists,334
12103,198,2,2731,3,3,4,Potential Loyalists,334
12104,257,1,86,2,1,2,Hibernating,212
12105,374,2,3490,1,3,5,At Risk (high value),135
12106,393,2,3361,1,3,5,At Risk (high value),135
12107,287,2,3956,2,3,5,At Risk (high value),235
12108,287,2,3897,2,3,5,At Risk (high value),235
12109,168,1,32,3,1,1,Needs Attention,311
12110,346,1,37,1,1,1,Hibernating,111
12111,248,1,540,2,1,3,Hibernating,213
12112,246,1,554,2,1,3,Hibernating,213
12113,265,1,561,2,1,3,Hibernating,213
12114,57,2,5997,5,3,5,Potential Loyalists,535
12115,50,2,5996,5,3,5,Potential Loyalists,535
12116,333,1,35,1,1,1,Hibernating,111
12117,278,2,3937,2,3,5,At Risk (high value),235
12118,284,2,3932,2,3,5,At Risk (high value),235
12119,248,2,3914,2,3,5,At Risk (high value),235
12120,248,2,3946,2,3,5,At Risk (high value),235
12121,256,2,4144,2,3,5,At Risk (high value),235
12122,251,2,4144,2,3,5,At Risk (high value),235
12123,183,1,14,3,1,1,Needs Attention,311
12124,87,1,40,4,1,2,New Customers,412
12125,16,1,30,5,1,1,New Customers,511
12126,181,1,604,3,1,3,Needs Attention,313
12127,50,1,45,5,1,2,New Customers,512
12128,263,1,565,2,1,3,Hibernating,213
12129,216,1,40,2,1,2,Hibernating,212
12130,268,1,5,2,1,1,Hibernating,211
12131,347,1,32,1,1,1,Hibernating,111
12132,120,1,30,4,1,1,New Customers,411
12133,318,1,160,1,1,3,Hibernating,113
12134,151,1,70,3,1,2,Needs Attention,312
12135,81,1,40,4,1,2,New Customers,412
12136,155,1,554,3,1,3,Needs Attention,313
12137,145,1,575,3,1,3,Needs Attention,313
12138,311,2,5314,1,3,5,At Risk (high value),135
12139,129,1,599,4,1,3,New Customers,413
12140,237,1,554,2,1,3,Hibernating,213
12141,347,1,39,1,1,1,Hibernating,111
12142,138,1,604,3,1,3,Needs Attention,313
12143,138,1,557,3,1,3,Needs Attention,313
12144,231,1,563,2,1,3,Hibernating,213
12145,238,1,549,2,1,3,Hibernating,213
12146,217,1,575,2,1,3,Hibernating,213
12147,128,1,604,4,1,3,New Customers,413
12148,76,1,157,4,1,3,New Customers,413
12149,225,1,540,2,1,3,Hibernating,213
12150,152,1,32,3,1,1,Needs Attention,311
12151,54,1,49,5,1,2,New Customers,512
12152,224,1,608,2,1,3,Hibernating,213
12153,84,1,37,4,1,1,New Customers,411
12154,314,1,35,1,1,1,Hibernating,111
12155,229,1,563,2,1,3,Hibernating,213
12156,233,1,609,2,1,3,Hibernating,213
12157,217,1,617,2,1,3,Hibernating,213
12158,167,1,70,3,1,2,Needs Attention,312
12159,219,1,599,2,1,3,Hibernating,213
12160,127,1,563,4,1,3,New Customers,413
12161,134,1,674,3,1,3,Needs Attention,313
12162,151,1,575,3,1,3,Needs Attention,313
12163,138,1,563,3,1,3,Needs Attention,313
12164,134,1,600,3,1,3,Needs Attention,313
12165,351,2,4807,1,3,5,At Risk (high value),135
12166,230,1,549,2,1,3,Hibernating,213
12167,225,1,557,2,1,3,Hibernating,213
12168,129,1,540,4,1,3,New Customers,413
12169,149,1,540,3,1,3,Needs Attention,313
12170,129,1,685,4,1,3,New Customers,413
12171,148,1,575,3,1,3,Needs Attention,313
12172,267,1,124,2,1,3,Hibernating,213
12173,354,2,4809,1,3,5,At Risk (high value),135
12174,242,1,589,2,1,3,Hibernating,213
12175,148,1,554,3,1,3,Needs Attention,313
12176,146,1,570,3,1,3,Needs Attention,313
12177,214,1,540,2,1,3,Hibernating,213
12178,232,1,554,2,1,3,Hibernating,213
12179,222,1,540,2,1,3,Hibernating,213
12180,244,1,540,2,1,3,Hibernating,213
12181,214,1,152,2,1,3,Hibernating,213
12182,194,1,589,3,1,3,Needs Attention,313
12183,20,1,37,5,1,1,New Customers,511
12184,209,1,549,2,1,3,Hibernating,213
12185,246,1,45,2,1,2,Hibernating,212
12186,127,1,639,4,1,3,New Customers,413
12187,123,1,549,4,1,3,New Customers,413
12188,133,1,575,4,1,3,New Customers,413
12189,337,1,120,1,1,3,Hibernating,113
12190,150,1,600,3,1,3,Needs Attention,313
12191,64,1,15,5,1,1,New Customers,511
12192,198,1,35,3,1,1,Needs Attention,311
12193,146,1,32,3,1,1,Needs Attention,311
12194,218,1,32,2,1,1,Hibernating,211
12195,85,1,70,4,1,2,New Customers,412
12196,199,1,639,3,1,3,Needs Attention,313
12197,237,1,40,2,1,2,Hibernating,212
12198,183,1,39,3,1,1,Needs Attention,311
12199,303,1,35,1,1,1,Hibernating,111
12200,197,1,45,3,1,2,Needs Attention,312
12201,237,1,92,2,1,3,Hibernating,213
12202,169,1,30,3,1,1,Needs Attention,311
12203,86,1,32,4,1,1,New Customers,411
12204,97,1,70,4,1,2,New Customers,412
12205,186,1,563,3,1,3,Needs Attention,313
12206,265,1,70,2,1,2,Hibernating,212
12207,178,1,70,3,1,2,Needs Attention,312
12208,175,1,30,3,1,1,Needs Attention,311
12209,181,1,60,3,1,2,Needs Attention,312
12210,351,2,4802,1,3,5,At Risk (high value),135
12211,99,1,554,4,1,3,New Customers,413
12212,108,1,584,4,1,3,New Customers,413
12213,67,1,30,5,1,1,New Customers,511
12214,99,1,618,4,1,3,New Customers,413
12215,102,1,629,4,1,3,New Customers,413
12216,128,1,50,4,1,2,New Customers,412
12217,185,1,613,3,1,3,Needs Attention,313
12218,210,1,563,2,1,3,Hibernating,213
12219,45,1,39,5,1,1,New Customers,511
12220,280,1,40,2,1,2,Hibernating,212
12221,309,1,1174,1,1,4,At Risk (high value),114
12222,200,1,39,3,1,1,Needs Attention,311
12223,122,1,575,4,1,3,New Customers,413
12224,348,1,1155,1,1,3,Hibernating,113
12225,361,1,1183,1,1,4,At Risk (high value),114
12226,355,1,1184,1,1,4,At Risk (high value),114
12227,198,1,589,3,1,3,Needs Attention,313
12228,121,1,598,4,1,3,New Customers,413
12229,304,1,63,1,1,2,Hibernating,112
12230,113,1,28,4,1,1,New Customers,411
12231,308,1,1155,1,1,3,Hibernating,113
12232,112,1,598,4,1,3,New Customers,413
12233,298,1,1120,1,1,3,Hibernating,113
12234,34,1,640,5,1,3,New Customers,513
12235,395,1,2478,1,1,4,At Risk (high value),114
12236,359,1,40,1,1,2,Hibernating,112
12237,154,1,7,3,1,1,Needs Attention,311
12238,341,1,69,1,1,2,Hibernating,112
12239,205,1,618,3,1,3,Needs Attention,313
12240,199,1,540,3,1,3,Needs Attention,313
12241,125,1,70,4,1,2,New Customers,412
12242,230,1,70,2,1,2,Hibernating,212
12243,194,1,554,3,1,3,Needs Attention,313
12244,25,1,35,5,1,1,New Customers,511
12245,261,1,40,2,1,2,Hibernating,212
12246,221,1,40,2,1,2,Hibernating,212
12247,166,1,32,3,1,1,Needs Attention,311
12248,79,1,111,4,1,3,New Customers,413
12249,133,1,50,4,1,2,New Customers,412
12250,360,1,50,1,1,2,Hibernating,112
12251,127,1,65,4,1,2,New Customers,412
12252,318,1,45,1,1,2,Hibernating,112
12253,346,1,15,1,1,1,Hibernating,111
12254,204,1,40,3,1,2,Needs Attention,312
12255,340,1,10,1,1,1,Hibernating,111
12256,341,1,40,1,1,2,Hibernating,112
12257,131,1,74,4,1,2,New Customers,412
12258,200,1,540,3,1,3,Needs Attention,313
12259,221,1,15,2,1,1,Hibernating,211
12260,80,1,50,4,1,2,New Customers,412
12261,98,1,93,4,1,3,New Customers,413
12262,203,1,78,3,1,2,Needs Attention,312
12263,108,1,50,4,1,2,New Customers,412
12264,167,1,24,3,1,1,Needs Attention,311
12265,192,1,540,3,1,3,Needs Attention,313
12266,209,1,563,2,1,3,Hibernating,213
12267,200,1,604,3,1,3,Needs Attention,313
12268,316,2,4862,1,3,5,At Risk (high value),135
12269,192,1,567,3,1,3,Needs Attention,313
12270,186,1,575,3,1,3,Needs Attention,313
12271,180,1,618,3,1,3,Needs Attention,313
12272,174,1,50,3,1,2,Needs Attention,312
12273,313,1,39,1,1,1,Hibernating,111
12274,2,1,39,5,1,1,New Customers,511
12275,336,1,50,1,1,2,Hibernating,112
12276,84,1,69,4,1,2,New Customers,412
12277,202,1,2393,3,1,4,Needs Attention,314
12278,359,1,23,1,1,1,Hibernating,111
12279,229,1,10,2,1,1,Hibernating,211
12280,93,1,125,4,1,3,New Customers,413
12281,267,1,15,2,1,1,Hibernating,211
12282,312,2,4828,1,3,5,At Risk (high value),135
12283,273,1,37,2,1,1,Hibernating,211
12284,287,2,4828,2,3,5,At Risk (high value),235
12285,190,1,40,3,1,2,Needs Attention,312
12286,12,1,70,5,1,2,New Customers,512
12287,196,1,30,3,1,1,Needs Attention,311
12288,181,1,609,3,1,3,Needs Attention,313
12289,180,1,39,3,1,1,Needs Attention,311
12290,350,1,35,1,1,1,Hibernating,111
12291,18,1,7,5,1,1,New Customers,511
12292,7,1,43,5,1,2,New Customers,512
12293,183,1,35,3,1,1,Needs Attention,311
12294,150,1,152,3,1,3,Needs Attention,313
12295,242,1,37,2,1,1,Hibernating,211
12296,138,1,35,3,1,1,Needs Attention,311
12297,160,1,570,3,1,3,Needs Attention,313
12298,148,1,37,3,1,1,Needs Attention,311
12299,135,1,70,3,1,2,Needs Attention,312
12300,337,1,30,1,1,1,Hibernating,111
12301,286,1,134,2,1,3,Hibernating,213
12302,44,1,57,5,1,2,New Customers,512
12303,164,1,554,3,1,3,Needs Attention,313
12304,97,1,37,4,1,1,New Customers,411
12305,122,1,37,4,1,1,New Customers,411
12306,270,1,7,2,1,1,Hibernating,211
12307,294,2,4828,1,3,5,At Risk (high value),135
12308,263,1,68,2,1,2,Hibernating,212
12309,52,1,5,5,1,1,New Customers,511
12310,324,1,60,1,1,2,Hibernating,112
12311,387,2,3333,1,3,5,At Risk (high value),135
12312,362,2,3337,1,3,5,At Risk (high value),135
12313,145,1,14,3,1,1,Needs Attention,311
12314,184,2,2906,3,3,4,Potential Loyalists,334
12315,196,2,2745,3,3,4,Potential Loyalists,334
12316,94,1,15,4,1,1,New Customers,411
12317,184,2,2835,3,3,4,Potential Loyalists,334
12318,131,1,40,4,1,2,New Customers,412
12319,179,1,561,3,1,3,Needs Attention,313
12320,109,1,575,4,1,3,New Customers,413
12321,203,2,2731,3,3,4,Potential Loyalists,334
12322,198,2,3061,3,3,4,Potential Loyalists,334
12323,185,2,3042,3,3,4,Potential Loyalists,334
12324,185,2,2745,3,3,4,Potential Loyalists,334
12325,206,2,2731,3,3,4,Potential Loyalists,334
12326,190,2,2997,3,3,4,Potential Loyalists,334
12327,164,1,561,3,1,3,Needs Attention,313
12328,118,1,74,4,1,2,New Customers,412
12329,156,1,2442,3,1,4,Needs Attention,314
12330,159,1,40,3,1,2,Needs Attention,312
12331,228,1,32,2,1,1,Hibernating,211
12332,244,2,4144,2,3,5,At Risk (high value),235
12333,222,2,4144,2,3,5,At Risk (high value),235
12334,201,1,120,3,1,3,Needs Attention,313
12335,182,1,554,3,1,3,Needs Attention,313
12336,102,1,32,4,1,1,New Customers,411
12337,323,1,32,1,1,1,Hibernating,111
12338,123,1,30,4,1,1,New Customers,411
12339,165,1,567,3,1,3,Needs Attention,313
12340,173,1,575,3,1,3,Needs Attention,313
12341,120,1,554,4,1,3,New Customers,413
12342,113,1,561,4,1,3,New Customers,413
12343,113,1,556,4,1,3,New Customers,413
12344,238,2,3937,2,3,5,At Risk (high value),235
12345,238,2,3883,2,3,5,At Risk (high value),235
12346,189,1,5,3,1,1,Needs Attention,311
12347,284,1,5,2,1,1,Hibernating,211
12348,145,1,5,3,1,1,Needs Attention,311
12349,214,2,4167,2,3,5,At Risk (high value),235
12350,124,1,66,4,1,2,New Customers,412
12351,26,1,60,5,1,2,New Customers,512
12352,258,2,4828,2,3,5,At Risk (high value),235
12353,165,1,540,3,1,3,Needs Attention,313
12354,121,1,45,4,1,2,New Customers,412
12355,335,1,70,1,1,2,Hibernating,112
12356,175,1,604,3,1,3,Needs Attention,313
12357,175,1,589,3,1,3,Needs Attention,313
12358,289,1,99,1,1,3,Hibernating,113
12359,166,1,562,3,1,3,Needs Attention,313
12360,112,1,540,4,1,3,New Customers,413
12361,329,1,30,1,1,1,Hibernating,111
12362,13,1,32,5,1,1,New Customers,511
12363,83,1,7,4,1,1,New Customers,411
12364,23,1,5,5,1,1,New Customers,511
12365,297,1,32,1,1,1,Hibernating,111
12366,145,1,540,3,1,3,Needs Attention,313
12367,297,1,59,1,1,2,Hibernating,112
12368,227,1,70,2,1,2,Hibernating,212
12369,211,1,5,2,1,1,Hibernating,211
12370,141,1,609,3,1,3,Needs Attention,313
12371,122,1,563,4,1,3,New Customers,413
12372,146,1,564,3,1,3,Needs Attention,313
12373,151,1,554,3,1,3,Needs Attention,313
12374,129,1,561,4,1,3,New Customers,413
12375,109,1,589,4,1,3,New Customers,413
12376,98,1,564,4,1,3,New Customers,413
12377,301,2,5314,1,3,5,At Risk (high value),135
12378,100,1,557,4,1,3,New Customers,413
12379,258,2,5317,2,3,5,At Risk (high value),235
12380,247,1,15,2,1,1,Hibernating,211
12381,309,1,70,1,1,2,Hibernating,112
12382,1,1,37,5,1,1,New Customers,511
12383,153,1,600,3,1,3,Needs Attention,313
12384,146,1,600,3,1,3,Needs Attention,313
12385,130,1,549,4,1,3,New Customers,413
12386,263,2,4829,2,3,5,At Risk (high value),235
12387,128,1,549,4,1,3,New Customers,413
12388,234,1,94,2,1,3,Hibernating,213
12389,54,1,70,5,1,2,New Customers,512
12390,275,1,37,2,1,1,Hibernating,211
12391,146,1,540,3,1,3,Needs Attention,313
12392,130,1,613,4,1,3,New Customers,413
12393,153,1,554,3,1,3,Needs Attention,313
12394,146,1,615,3,1,3,Needs Attention,313
12395,143,1,540,3,1,3,Needs Attention,313
12396,138,1,554,3,1,3,Needs Attention,313
12397,254,2,4892,2,3,5,At Risk (high value),235
12398,227,2,4828,2,3,5,At Risk (high value),235
12399,133,1,554,4,1,3,New Customers,413
12400,153,1,561,3,1,3,Needs Attention,313
12401,44,1,30,5,1,1,New Customers,511
12402,139,1,40,3,1,2,Needs Attention,312
12403,338,1,30,1,1,1,Hibernating,111
12404,130,1,554,4,1,3,New Customers,413
12405,131,1,625,4,1,3,New Customers,413
12406,315,1,70,1,1,2,Hibernating,112
12407,347,1,30,1,1,1,Hibernating,111
12408,102,1,561,4,1,3,New Customers,413
12409,221,2,4218,2,3,5,At Risk (high value),235
12410,225,2,3918,2,3,5,At Risk (high value),235
12411,237,2,4017,2,3,5,At Risk (high value),235
12412,363,2,3577,1,3,5,At Risk (high value),135
12413,344,2,3586,1,3,5,At Risk (high value),135
12414,336,2,3617,1,3,5,At Risk (high value),135
12415,318,2,3391,1,3,5,At Risk (high value),135
12416,311,2,3588,1,3,5,At Risk (high value),135
12417,334,2,3598,1,3,5,At Risk (high value),135
12418,307,2,3337,1,3,5,At Risk (high value),135
12419,320,2,3400,1,3,5,At Risk (high value),135
12420,92,1,40,4,1,2,New Customers,412
12421,222,2,4144,2,3,5,At Risk (high value),235
12422,186,2,4208,3,3,5,Potential Loyalists,335
12423,192,2,3912,3,3,5,Potential Loyalists,335
12424,209,2,3937,2,3,5,At Risk (high value),235
12425,286,1,29,2,1,1,Hibernating,211
12426,203,2,3952,3,3,5,Potential Loyalists,335
12427,108,1,40,4,1,2,New Customers,412
12428,56,1,5,5,1,1,New Customers,511
12429,180,1,40,3,1,2,Needs Attention,312
12430,204,2,3937,3,3,5,Potential Loyalists,335
12431,213,1,5,2,1,1,Hibernating,211
12432,213,2,4158,2,3,5,At Risk (high value),235
12433,198,2,4179,3,3,5,Potential Loyalists,335
12434,201,2,3883,3,3,5,Potential Loyalists,335
12435,194,2,3883,3,3,5,Potential Loyalists,335
12436,185,2,3918,3,3,5,Potential Loyalists,335
12437,205,2,3951,3,3,5,Potential Loyalists,335
12438,109,1,5,4,1,1,New Customers,411
12439,134,1,124,3,1,3,Needs Attention,313
12440,320,1,69,1,1,2,Hibernating,112
12441,193,1,34,3,1,1,Needs Attention,311
12442,238,1,89,2,1,2,Hibernating,212
12443,331,1,5,1,1,1,Hibernating,111
12444,103,1,722,4,1,3,New Customers,413
12445,115,1,549,4,1,3,New Customers,413
12446,138,1,29,3,1,1,Needs Attention,311
12447,266,1,6,2,1,1,Hibernating,211
12448,22,1,6,5,1,1,New Customers,511
12449,74,1,32,4,1,1,New Customers,411
12450,350,1,7,1,1,1,Hibernating,111
12451,146,1,578,3,1,3,Needs Attention,313
12452,280,1,35,2,1,1,Hibernating,211
12453,359,1,32,1,1,1,Hibernating,111
12454,112,1,632,4,1,3,New Customers,413
12455,117,1,567,4,1,3,New Customers,413
12456,46,1,13,5,1,1,New Customers,511
12457,251,1,157,2,1,3,Hibernating,213
12458,144,1,70,3,1,2,Needs Attention,312
12459,172,1,42,3,1,2,Needs Attention,312
12460,131,1,40,4,1,2,New Customers,412
12461,98,1,649,4,1,3,New Customers,413
12462,22,1,35,5,1,1,New Customers,511
12463,103,1,567,4,1,3,New Customers,413
12464,116,1,575,4,1,3,New Customers,413
12465,76,1,30,4,1,1,New Customers,411
12466,309,1,35,1,1,1,Hibernating,111
12467,363,1,30,1,1,1,Hibernating,111
12468,11,1,30,5,1,1,New Customers,511
12469,36,1,70,5,1,2,New Customers,512
12470,287,1,30,2,1,1,Hibernating,211
12471,253,1,107,2,1,3,Hibernating,213
12472,103,1,600,4,1,3,New Customers,413
12473,327,1,32,1,1,1,Hibernating,111
12474,335,1,133,1,1,3,Hibernating,113
12475,115,1,600,4,1,3,New Customers,413
12476,204,1,122,3,1,3,Needs Attention,313
12477,184,1,5,3,1,1,Needs Attention,311
12478,61,1,70,5,1,2,New Customers,512
12479,114,1,589,4,1,3,New Customers,413
12480,107,1,589,4,1,3,New Customers,413
12481,70,1,540,5,1,3,New Customers,513
12482,218,1,30,2,1,1,Hibernating,211
12483,64,1,30,5,1,1,New Customers,511
12484,220,1,32,2,1,1,Hibernating,211
12485,80,1,540,4,1,3,New Customers,413
12486,30,1,90,5,1,2,New Customers,512
12487,234,2,5343,2,3,5,At Risk (high value),235
12488,79,1,90,4,1,2,New Customers,412
12489,84,1,5,4,1,1,New Customers,411
12490,35,1,35,5,1,1,New Customers,511
12491,261,1,44,2,1,2,Hibernating,212
12492,187,1,44,3,1,2,Needs Attention,312
12493,76,1,589,4,1,3,New Customers,413
12494,68,1,549,5,1,3,New Customers,513
12495,43,1,90,5,1,2,New Customers,512
12496,109,1,70,4,1,2,New Customers,412
12497,294,1,70,1,1,2,Hibernating,112
12498,111,1,30,4,1,1,New Customers,411
12499,300,1,5,1,1,1,Hibernating,111
12500,70,1,540,5,1,3,New Customers,513
12501,240,1,35,2,1,1,Hibernating,211
12502,127,1,37,4,1,1,New Customers,411
12503,351,1,32,1,1,1,Hibernating,111
12504,314,1,7,1,1,1,Hibernating,111
12505,246,1,32,2,1,1,Hibernating,211
12506,89,1,617,4,1,3,New Customers,413
12507,85,1,540,4,1,3,New Customers,413
12508,90,1,575,4,1,3,New Customers,413
12509,70,1,561,5,1,3,New Customers,513
12510,89,1,575,4,1,3,New Customers,413
12511,150,1,554,3,1,3,Needs Attention,313
12512,225,2,4843,2,3,5,At Risk (high value),235
12513,272,1,30,2,1,1,Hibernating,211
12514,32,1,64,5,1,2,New Customers,512
12515,125,1,70,4,1,2,New Customers,412
12516,131,1,540,4,1,3,New Customers,413
12517,125,1,599,4,1,3,New Customers,413
12518,101,1,79,4,1,2,New Customers,412
12519,32,1,5,5,1,1,New Customers,511
12520,98,1,24,4,1,1,New Customers,411
12521,128,1,549,4,1,3,New Customers,413
12522,166,1,22,3,1,1,Needs Attention,311
12523,293,1,121,1,1,3,Hibernating,113
12524,332,2,3337,1,3,5,At Risk (high value),135
12525,324,2,3598,1,3,5,At Risk (high value),135
12526,311,2,3302,1,3,5,At Risk (high value),135
12527,308,2,3563,1,3,5,At Risk (high value),135
12528,243,1,57,2,1,2,Hibernating,212
12529,135,1,76,3,1,2,Needs Attention,312
12530,329,2,3617,1,3,5,At Risk (high value),135
12531,24,1,40,5,1,2,New Customers,512
12532,330,2,3337,1,3,5,At Risk (high value),135
12533,323,2,3337,1,3,5,At Risk (high value),135
12534,193,2,3918,3,3,5,Potential Loyalists,335
12535,199,2,4179,3,3,5,Potential Loyalists,335
12536,169,1,5,3,1,1,Needs Attention,311
12537,232,1,40,2,1,2,Hibernating,212
12538,78,1,60,4,1,2,New Customers,412
12539,196,2,4198,3,3,5,Potential Loyalists,335
12540,179,2,4144,3,3,5,Potential Loyalists,335
12541,285,2,3626,2,3,5,At Risk (high value),235
12542,278,2,3337,2,3,5,At Risk (high value),235
12543,287,2,3337,2,3,5,At Risk (high value),235
12544,162,1,13,3,1,1,Needs Attention,311
12545,163,2,3971,3,3,5,Potential Loyalists,335
12546,166,2,3883,3,3,5,Potential Loyalists,335
12547,281,2,3337,2,3,5,At Risk (high value),235
12548,275,2,3598,2,3,5,At Risk (high value),235
12549,39,1,49,5,1,2,New Customers,512
12550,245,1,94,2,1,3,Hibernating,213
12551,91,1,112,4,1,3,New Customers,413
12552,132,1,40,4,1,2,New Customers,412
12553,65,1,104,5,1,3,New Customers,513
12554,156,1,5,3,1,1,Needs Attention,311
12555,209,1,5,2,1,1,Hibernating,211
12556,310,1,35,1,1,1,Hibernating,111
12557,366,1,30,1,1,1,Hibernating,111
12558,260,1,7,2,1,1,Hibernating,211
12559,109,1,35,4,1,1,New Customers,411
12560,363,1,64,1,1,2,Hibernating,112
12561,99,1,554,4,1,3,New Customers,413
12562,210,1,30,2,1,1,Hibernating,211
12563,245,1,5,2,1,1,Hibernating,211
12564,153,1,57,3,1,2,Needs Attention,312
12565,136,1,35,3,1,1,Needs Attention,311
12566,33,1,35,5,1,1,New Customers,511
12567,848,1,3578,1,1,5,At Risk (high value),115
12568,230,1,40,2,1,2,Hibernating,212
12569,96,1,567,4,1,3,New Customers,413
12570,194,1,40,3,1,2,Needs Attention,312
12571,275,1,22,2,1,1,Hibernating,211
12572,305,2,3563,1,3,5,At Risk (high value),135
12573,274,2,3617,2,3,5,At Risk (high value),235
12574,247,2,3337,2,3,5,At Risk (high value),235
12575,267,2,3337,2,3,5,At Risk (high value),235
12576,253,2,3302,2,3,5,At Risk (high value),235
12577,253,1,40,2,1,2,Hibernating,212
12578,336,1,94,1,1,3,Hibernating,113
12579,319,1,37,1,1,1,Hibernating,111
12580,88,1,35,4,1,1,New Customers,411
12581,338,1,70,1,1,2,Hibernating,112
12582,165,1,70,3,1,2,Needs Attention,312
12583,121,1,629,4,1,3,New Customers,413
12584,230,2,4829,2,3,5,At Risk (high value),235
12585,85,1,575,4,1,3,New Customers,413
12586,87,1,565,4,1,3,New Customers,413
12587,81,1,563,4,1,3,New Customers,413
12588,63,1,565,5,1,3,New Customers,513
12589,273,1,37,2,1,1,Hibernating,211
12590,72,1,589,5,1,3,New Customers,513
12591,24,1,70,5,1,2,New Customers,512
12592,306,1,7,1,1,1,Hibernating,111
12593,112,2,5279,4,3,5,Potential Loyalists,435
12594,179,2,3990,3,3,5,Potential Loyalists,335
12595,216,1,30,2,1,1,Hibernating,211
12596,92,1,68,4,1,2,New Customers,412
12597,150,1,39,3,1,1,Needs Attention,311
12598,367,1,2482,1,1,4,At Risk (high value),114
12599,141,1,32,3,1,1,Needs Attention,311
12600,44,1,43,5,1,2,New Customers,512
12601,322,1,6,1,1,1,Hibernating,111
12602,219,1,6,2,1,1,Hibernating,211
12603,348,1,39,1,1,1,Hibernating,111
12604,42,1,2373,5,1,4,New Customers,514
12605,125,1,4,4,1,1,New Customers,411
12606,61,1,2345,5,1,4,New Customers,514
12607,378,1,2544,1,1,4,At Risk (high value),114
12608,380,1,2451,1,1,4,At Risk (high value),114
12609,340,1,2511,1,1,4,At Risk (high value),114
12610,258,1,13,2,1,1,Hibernating,211
12611,8,1,39,5,1,1,New Customers,511
12612,229,1,4,2,1,1,Hibernating,211
12613,48,1,2396,5,1,4,New Customers,514
12614,219,1,35,2,1,1,Hibernating,211
12615,256,1,144,2,1,3,Hibernating,213
12616,120,1,32,4,1,1,New Customers,411
12617,131,1,819,4,1,3,New Customers,413
12618,53,1,35,5,1,1,New Customers,511
12619,355,1,2481,1,1,4,At Risk (high value),114
12620,135,1,806,3,1,3,Needs Attention,313
12621,163,1,79,3,1,2,Needs Attention,312
12622,43,1,2310,5,1,4,New Customers,514
12623,222,1,572,2,1,3,Hibernating,213
12624,341,1,4,1,1,1,Hibernating,111
12625,251,1,63,2,1,2,Hibernating,212
12626,104,1,79,4,1,2,New Customers,412
12627,189,1,39,3,1,1,Needs Attention,311
12628,143,1,39,3,1,1,Needs Attention,311
12629,256,1,70,2,1,2,Hibernating,212
12630,356,1,2466,1,1,4,At Risk (high value),114
12631,349,1,2481,1,1,4,At Risk (high value),114
12632,10,1,48,5,1,2,New Customers,512
12633,296,1,163,1,1,3,Hibernating,113
12634,66,1,39,5,1,1,New Customers,511
12635,169,1,4,3,1,1,Needs Attention,311
12636,359,1,2452,1,1,4,At Risk (high value),114
12637,341,1,2480,1,1,4,At Risk (high value),114
12638,141,1,28,3,1,1,Needs Attention,311
12639,127,1,30,4,1,1,New Customers,411
12640,337,1,70,1,1,2,Hibernating,112
12641,181,2,3937,3,3,5,Potential Loyalists,335
12642,236,1,64,2,1,2,Hibernating,212
12643,11,1,14,5,1,1,New Customers,511
12644,270,1,5,2,1,1,Hibernating,211
12645,116,1,40,4,1,2,New Customers,412
12646,157,2,4198,3,3,5,Potential Loyalists,335
12647,210,1,14,2,1,1,Hibernating,211
12648,130,1,13,4,1,1,New Customers,411
12649,177,2,4144,3,3,5,Potential Loyalists,335
12650,156,2,3946,3,3,5,Potential Loyalists,335
12651,247,1,40,2,1,2,Hibernating,212
12652,173,2,3918,3,3,5,Potential Loyalists,335
12653,174,2,3908,3,3,5,Potential Loyalists,335
12654,164,2,3976,3,3,5,Potential Loyalists,335
12655,184,1,60,3,1,2,Needs Attention,312
12656,137,2,4144,3,3,5,Potential Loyalists,335
12657,140,2,4144,3,3,5,Potential Loyalists,335
12658,106,1,5,4,1,1,New Customers,411
12659,124,2,3937,4,3,5,Potential Loyalists,435
12660,132,2,4179,4,3,5,Potential Loyalists,435
12661,139,2,3918,3,3,5,Potential Loyalists,335
12662,140,2,3961,3,3,5,Potential Loyalists,335
12663,120,2,3918,4,3,5,Potential Loyalists,435
12664,115,2,3883,4,3,5,Potential Loyalists,435
12665,97,2,3942,4,3,5,Potential Loyalists,435
12666,105,2,4207,4,3,5,Potential Loyalists,435
12667,123,1,2453,4,1,4,New Customers,414
12668,38,1,2398,5,1,4,New Customers,514
12669,107,1,564,4,1,3,New Customers,413
12670,41,1,30,5,1,1,New Customers,511
12671,365,1,43,1,1,2,Hibernating,112
12672,125,1,194,4,1,3,New Customers,413
12673,235,1,30,2,1,1,Hibernating,211
12674,254,1,5,2,1,1,Hibernating,211
12675,38,1,70,5,1,2,New Customers,512
12676,132,1,30,4,1,1,New Customers,411
12677,338,1,5,1,1,1,Hibernating,111
12678,98,1,30,4,1,1,New Customers,411
12679,304,1,30,1,1,1,Hibernating,111
12680,357,1,40,1,1,2,Hibernating,112
12681,98,1,540,4,1,3,New Customers,413
12682,61,1,14,5,1,1,New Customers,511
12683,353,1,60,1,1,2,Hibernating,112
12684,120,1,554,4,1,3,New Customers,413
12685,6,1,35,5,1,1,New Customers,511
12686,147,1,30,3,1,1,Needs Attention,311
12687,62,1,94,5,1,3,New Customers,513
12688,209,1,30,2,1,1,Hibernating,211
12689,382,1,1215,1,1,4,At Risk (high value),114
12690,209,1,44,2,1,2,Hibernating,212
12691,362,1,39,1,1,1,Hibernating,111
12692,231,1,30,2,1,1,Hibernating,211
12693,203,1,43,3,1,2,Needs Attention,312
12694,200,1,120,3,1,3,Needs Attention,313
12695,213,1,70,2,1,2,Hibernating,212
12696,357,1,151,1,1,3,Hibernating,113
12697,314,1,233,1,1,3,Hibernating,113
12698,290,1,70,1,1,2,Hibernating,112
12699,34,1,30,5,1,1,New Customers,511
12700,180,1,1274,3,1,4,Needs Attention,314
12701,38,1,30,5,1,1,New Customers,511
12702,122,1,589,4,1,3,New Customers,413
12703,7,1,94,5,1,3,New Customers,513
12704,109,1,35,4,1,1,New Customers,411
12705,120,1,600,4,1,3,New Customers,413
12706,74,1,94,4,1,3,New Customers,413
12707,90,1,540,4,1,3,New Customers,413
12708,71,1,565,5,1,3,New Customers,513
12709,77,1,575,4,1,3,New Customers,413
12710,62,1,549,5,1,3,New Customers,513
12711,166,1,30,3,1,1,Needs Attention,311
12712,342,1,35,1,1,1,Hibernating,111
12713,168,1,39,3,1,1,Needs Attention,311
12714,41,1,35,5,1,1,New Customers,511
12715,329,1,45,1,1,2,Hibernating,112
12716,73,1,540,5,1,3,New Customers,513
12717,288,1,27,2,1,1,Hibernating,211
12718,248,1,30,2,1,1,Hibernating,211
12719,103,1,567,4,1,3,New Customers,413
12720,16,1,40,5,1,2,New Customers,512
12721,68,1,35,5,1,1,New Customers,511
12722,104,1,589,4,1,3,New Customers,413
12723,316,1,32,1,1,1,Hibernating,111
12724,117,1,628,4,1,3,New Customers,413
12725,73,1,589,5,1,3,New Customers,513
12726,233,2,4828,2,3,5,At Risk (high value),235
12727,96,1,563,4,1,3,New Customers,413
12728,217,1,35,2,1,1,Hibernating,211
12729,294,1,70,1,1,2,Hibernating,112
12730,360,1,72,1,1,2,Hibernating,112
12731,209,2,4828,2,3,5,At Risk (high value),235
12732,209,2,4828,2,3,5,At Risk (high value),235
12733,299,1,74,1,1,2,Hibernating,112
12734,113,1,567,4,1,3,New Customers,413
12735,199,1,70,3,1,2,Needs Attention,312
12736,333,1,35,1,1,1,Hibernating,111
12737,270,1,43,2,1,2,Hibernating,212
12738,170,1,35,3,1,1,Needs Attention,311
12739,105,1,37,4,1,1,New Customers,411
12740,91,1,573,4,1,3,New Customers,413
12741,179,1,37,3,1,1,Needs Attention,311
12742,102,1,33,4,1,1,New Customers,411
12743,114,1,615,4,1,3,New Customers,413
12744,339,1,40,1,1,2,Hibernating,112
12745,100,1,567,4,1,3,New Customers,413
12746,274,1,44,2,1,2,Hibernating,212
12747,121,1,540,4,1,3,New Customers,413
12748,279,1,1142,2,1,3,Hibernating,213
12749,114,1,36,4,1,1,New Customers,411
12750,132,1,78,4,1,2,New Customers,412
12751,356,1,1155,1,1,3,Hibernating,113
12752,324,1,1155,1,1,3,Hibernating,113
12753,298,1,1164,1,1,4,At Risk (high value),114
12754,280,1,1193,2,1,4,At Risk (high value),214
12755,100,1,69,4,1,2,New Customers,412
12756,166,1,6,3,1,1,Needs Attention,311
12757,303,1,151,1,1,3,Hibernating,113
12758,275,1,39,2,1,1,Hibernating,211
12759,349,1,1755,1,1,4,At Risk (high value),114
12760,373,1,2476,1,1,4,At Risk (high value),114
12761,290,1,1183,1,1,4,At Risk (high value),114
12762,221,1,69,2,1,2,Hibernating,212
12763,283,1,1164,2,1,4,At Risk (high value),214
12764,314,1,1736,1,1,4,At Risk (high value),114
12765,342,1,2457,1,1,4,At Risk (high value),114
12766,311,1,2535,1,1,4,At Risk (high value),114
12767,182,1,69,3,1,2,Needs Attention,312
12768,12,1,14,5,1,1,New Customers,511
12769,28,1,29,5,1,1,New Customers,511
12770,321,1,29,1,1,1,Hibernating,111
12771,342,1,5,1,1,1,Hibernating,111
12772,261,1,83,2,1,2,Hibernating,212
12773,198,1,39,3,1,1,Needs Attention,311
12774,304,1,89,1,1,2,Hibernating,112
12775,299,1,1234,1,1,4,At Risk (high value),114
12776,286,1,1155,2,1,3,Hibernating,213
12777,318,1,2478,1,1,4,At Risk (high value),114
12778,273,1,1179,2,1,4,At Risk (high value),214
12779,98,1,589,4,1,3,New Customers,413
12780,247,1,1147,2,1,3,Hibernating,213
12781,307,1,1751,1,1,4,At Risk (high value),114
12782,106,1,567,4,1,3,New Customers,413
12783,126,1,70,4,1,2,New Customers,412
12784,332,1,59,1,1,2,Hibernating,112
12785,357,1,35,1,1,1,Hibernating,111
12786,360,1,37,1,1,1,Hibernating,111
12787,203,1,39,3,1,1,Needs Attention,311
12788,310,1,72,1,1,2,Hibernating,112
12789,160,1,1215,3,1,4,Needs Attention,314
12790,127,1,1251,4,1,4,New Customers,414
12791,206,1,47,3,1,2,Needs Attention,312
12792,213,1,72,2,1,2,Hibernating,212
12793,197,1,33,3,1,1,Needs Attention,311
12794,288,1,39,2,1,1,Hibernating,211
12795,119,1,1250,4,1,4,New Customers,414
12796,316,1,72,1,1,2,Hibernating,112
12797,208,1,37,2,1,1,Hibernating,211
12798,292,1,68,1,1,2,Hibernating,112
12799,317,1,68,1,1,2,Hibernating,112
12800,48,1,1229,5,1,4,New Customers,514
12801,115,1,72,4,1,2,New Customers,412
12802,348,1,83,1,1,2,Hibernating,112
12803,57,1,33,5,1,1,New Customers,511
12804,238,1,69,2,1,2,Hibernating,212
12805,311,1,72,1,1,2,Hibernating,112
12806,126,1,33,4,1,1,New Customers,411
12807,825,1,3578,1,1,5,At Risk (high value),115
12808,95,1,608,4,1,3,New Customers,413
12809,223,1,30,2,1,1,Hibernating,211
12810,139,1,30,3,1,1,Needs Attention,311
12811,252,1,32,2,1,1,Hibernating,211
12812,96,1,549,4,1,3,New Customers,413
12813,119,1,70,4,1,2,New Customers,412
12814,105,1,564,4,1,3,New Customers,413
12815,141,1,30,3,1,1,Needs Attention,311
12816,117,1,724,4,1,3,New Customers,413
12817,120,1,563,4,1,3,New Customers,413
12818,221,1,30,2,1,1,Hibernating,211
12819,115,1,554,4,1,3,New Customers,413
12820,201,2,4802,3,3,5,Potential Loyalists,335
12821,45,1,37,5,1,1,New Customers,511
12822,73,1,639,5,1,3,New Customers,513
12823,269,1,37,2,1,1,Hibernating,211
12824,256,1,59,2,1,2,Hibernating,212
12825,357,1,70,1,1,2,Hibernating,112
12826,104,1,32,4,1,1,New Customers,411
12827,293,1,32,1,1,1,Hibernating,111
12828,56,1,14,5,1,1,New Customers,511
12829,78,1,549,4,1,3,New Customers,413
12830,209,2,4802,2,3,5,At Risk (high value),235
12831,162,2,4802,3,3,5,Potential Loyalists,335
12832,362,1,70,1,1,2,Hibernating,112
12833,88,1,687,4,1,3,New Customers,413
12834,63,1,722,5,1,3,New Customers,513
12835,81,1,562,4,1,3,New Customers,413
12836,84,1,604,4,1,3,New Customers,413
12837,70,1,599,5,1,3,New Customers,513
12838,73,1,575,5,1,3,New Customers,513
12839,70,1,540,5,1,3,New Customers,513
12840,289,1,30,1,1,1,Hibernating,111
12841,68,1,540,5,1,3,New Customers,513
12842,68,1,659,5,1,3,New Customers,513
12843,133,2,4828,4,3,5,Potential Loyalists,435
12844,72,1,39,5,1,1,New Customers,511
12845,66,1,563,5,1,3,New Customers,513
12846,74,1,608,4,1,3,New Customers,413
12847,124,2,4828,4,3,5,Potential Loyalists,435
12848,88,1,722,4,1,3,New Customers,413
12849,89,1,561,4,1,3,New Customers,413
12850,81,1,600,4,1,3,New Customers,413
12851,78,1,540,4,1,3,New Customers,413
12852,88,1,540,4,1,3,New Customers,413
12853,77,1,589,4,1,3,New Customers,413
12854,73,1,589,5,1,3,New Customers,513
12855,80,1,584,4,1,3,New Customers,413
12856,70,1,624,5,1,3,New Customers,513
12857,89,1,604,4,1,3,New Customers,413
12858,76,1,600,4,1,3,New Customers,413
12859,342,2,4712,1,3,5,At Risk (high value),135
12860,394,2,4153,1,3,5,At Risk (high value),135
12861,85,1,549,4,1,3,New Customers,413
12862,347,1,153,1,1,3,Hibernating,113
12863,304,1,70,1,1,2,Hibernating,112
12864,233,1,70,2,1,2,Hibernating,212
12865,184,1,85,3,1,2,Needs Attention,312
12866,131,2,4892,4,3,5,Potential Loyalists,435
12867,111,2,4828,4,3,5,Potential Loyalists,435
12868,93,2,4802,4,3,5,Potential Loyalists,435
12869,98,2,4829,4,3,5,Potential Loyalists,435
12870,325,1,35,1,1,1,Hibernating,111
12871,39,1,624,5,1,3,New Customers,513
12872,50,1,674,5,1,3,New Customers,513
12873,41,1,556,5,1,3,New Customers,513
12874,53,1,629,5,1,3,New Customers,513
12875,91,1,540,4,1,3,New Customers,413
12876,66,1,37,5,1,1,New Customers,511
12877,118,1,37,4,1,1,New Customers,411
12878,61,1,79,5,1,2,New Customers,512
12879,53,1,589,5,1,3,New Customers,513
12880,306,1,64,1,1,2,Hibernating,112
12881,56,1,554,5,1,3,New Customers,513
12882,59,1,549,5,1,3,New Customers,513
12883,49,1,604,5,1,3,New Customers,513
12884,36,1,575,5,1,3,New Customers,513
12885,32,1,604,5,1,3,New Customers,513
12886,38,1,540,5,1,3,New Customers,513
12887,56,1,563,5,1,3,New Customers,513
12888,57,1,549,5,1,3,New Customers,513
12889,329,1,35,1,1,1,Hibernating,111
12890,38,1,70,5,1,2,New Customers,512
12891,157,1,32,3,1,1,Needs Attention,311
12892,237,1,30,2,1,1,Hibernating,211
12893,238,1,5,2,1,1,Hibernating,211
12894,226,1,59,2,1,2,Hibernating,212
12895,318,1,70,1,1,2,Hibernating,112
12896,53,1,540,5,1,3,New Customers,513
12897,45,1,549,5,1,3,New Customers,513
12898,321,1,39,1,1,1,Hibernating,111
12899,199,1,604,3,1,3,Needs Attention,313
12900,94,1,574,4,1,3,New Customers,413
12901,160,1,540,3,1,3,Needs Attention,313
12902,120,1,575,4,1,3,New Customers,413
12903,167,1,564,3,1,3,Needs Attention,313
12904,176,1,540,3,1,3,Needs Attention,313
12905,285,1,1198,2,1,4,At Risk (high value),214
12906,162,1,575,3,1,3,Needs Attention,313
12907,294,1,2443,1,1,4,At Risk (high value),114
12908,269,1,1120,2,1,3,Hibernating,213
12909,63,1,575,5,1,3,New Customers,513
12910,78,1,549,4,1,3,New Customers,413
12911,297,1,6,1,1,1,Hibernating,111
12912,143,1,36,3,1,1,Needs Attention,311
12913,88,1,4,4,1,1,New Customers,411
12914,30,1,48,5,1,2,New Customers,512
12915,146,1,6,3,1,1,Needs Attention,311
12916,60,1,28,5,1,1,New Customers,511
12917,152,1,4,3,1,1,Needs Attention,311
12918,174,1,554,3,1,3,Needs Attention,313
12919,316,1,69,1,1,2,Hibernating,112
12920,212,1,58,2,1,2,Hibernating,212
12921,285,1,1736,2,1,4,At Risk (high value),214
12922,293,1,2465,1,1,4,At Risk (high value),114
12923,275,1,2466,2,1,4,At Risk (high value),214
12924,227,1,1174,2,1,4,At Risk (high value),214
12925,239,1,1129,2,1,3,Hibernating,213
12926,272,1,2457,2,1,4,At Risk (high value),214
12927,214,1,2443,2,1,4,At Risk (high value),214
12928,165,1,36,3,1,1,Needs Attention,311
12929,297,1,36,1,1,1,Hibernating,111
12930,133,1,84,4,1,2,New Customers,412
12931,232,1,1243,2,1,4,At Risk (high value),214
12932,7,1,69,5,1,2,New Customers,512
12933,63,1,589,5,1,3,New Customers,513
12934,173,1,563,3,1,3,Needs Attention,313
12935,4,1,36,5,1,1,New Customers,511
12936,204,1,5,3,1,1,Needs Attention,311
12937,242,1,124,2,1,3,Hibernating,213
12938,344,1,39,1,1,1,Hibernating,111
12939,232,1,1120,2,1,3,Hibernating,213
12940,298,1,1710,1,1,4,At Risk (high value),114
12941,222,1,1120,2,1,3,Hibernating,213
12942,366,1,39,1,1,1,Hibernating,111
12943,232,1,6,2,1,1,Hibernating,211
12944,62,1,40,5,1,2,New Customers,512
12945,302,1,1155,1,1,3,Hibernating,113
12946,112,1,5,4,1,1,New Customers,411
12947,101,1,54,4,1,2,New Customers,412
12948,64,1,39,5,1,1,New Customers,511
12949,75,1,69,4,1,2,New Customers,412
12950,281,1,93,2,1,3,Hibernating,213
12951,131,1,89,4,1,2,New Customers,412
12952,98,1,36,4,1,1,New Customers,411
12953,151,1,39,3,1,1,Needs Attention,311
12954,271,1,4,2,1,1,Hibernating,211
12955,296,1,1178,1,1,4,At Risk (high value),114
12956,42,1,44,5,1,2,New Customers,512
12957,202,1,68,3,1,2,Needs Attention,312
12958,94,1,39,4,1,1,New Customers,411
12959,71,1,663,5,1,3,New Customers,513
12960,339,1,39,1,1,1,Hibernating,111
12961,167,1,600,3,1,3,Needs Attention,313
12962,155,1,685,3,1,3,Needs Attention,313
12963,366,1,29,1,1,1,Hibernating,111
12964,162,1,69,3,1,2,Needs Attention,312
12965,338,1,36,1,1,1,Hibernating,111
12966,274,1,39,2,1,1,Hibernating,211
12967,305,1,29,1,1,1,Hibernating,111
12968,206,1,5,3,1,1,Needs Attention,311
12969,131,1,40,4,1,2,New Customers,412
12970,199,1,36,3,1,1,Needs Attention,311
12971,93,1,36,4,1,1,New Customers,411
12972,53,1,99,5,1,3,New Customers,513
12973,96,1,69,4,1,2,New Customers,412
12974,65,1,34,5,1,1,New Customers,511
12975,38,1,36,5,1,1,New Customers,511
12976,68,1,39,5,1,1,New Customers,511
12977,305,1,5,1,1,1,Hibernating,111
12978,180,1,124,3,1,3,Needs Attention,313
12979,24,1,40,5,1,2,New Customers,512
12980,228,1,6,2,1,1,Hibernating,211
12981,127,1,69,4,1,2,New Customers,412
12982,339,1,34,1,1,1,Hibernating,111
12983,176,1,549,3,1,3,Needs Attention,313
12984,255,1,1195,2,1,4,At Risk (high value),214
12985,270,1,1155,2,1,3,Hibernating,213
12986,156,1,40,3,1,2,Needs Attention,312
12987,258,1,1184,2,1,4,At Risk (high value),214
12988,250,1,1147,2,1,3,Hibernating,213
12989,238,1,1179,2,1,4,At Risk (high value),214
12990,352,1,59,1,1,2,Hibernating,112
12991,82,1,549,4,1,3,New Customers,413
12992,92,1,549,4,1,3,New Customers,413
12993,178,2,3167,3,3,4,Potential Loyalists,334
12994,176,2,3072,3,3,4,Potential Loyalists,334
12995,162,2,2791,3,3,4,Potential Loyalists,334
12996,160,2,2983,3,3,4,Potential Loyalists,334
12997,171,2,2745,3,3,4,Potential Loyalists,334
12998,287,1,40,2,1,2,Hibernating,212
12999,176,2,2757,3,3,4,Potential Loyalists,334
13000,180,2,2731,3,3,4,Potential Loyalists,334
13001,165,2,2983,3,3,4,Potential Loyalists,334
13002,173,2,2983,3,3,4,Potential Loyalists,334
13003,168,2,2745,3,3,4,Potential Loyalists,334
13004,180,2,2807,3,3,4,Potential Loyalists,334
13005,175,2,2745,3,3,4,Potential Loyalists,334
13006,171,2,2757,3,3,4,Potential Loyalists,334
13007,161,2,2722,3,3,4,Potential Loyalists,334
13008,162,2,3042,3,3,4,Potential Loyalists,334
13009,164,2,2731,3,3,4,Potential Loyalists,334
13010,172,2,2746,3,3,4,Potential Loyalists,334
13011,72,1,565,5,1,3,New Customers,513
13012,226,1,1179,2,1,4,At Risk (high value),214
13013,107,1,69,4,1,2,New Customers,412
13014,261,1,89,2,1,2,Hibernating,212
13015,109,1,39,4,1,1,New Customers,411
13016,230,1,1155,2,1,3,Hibernating,213
13017,192,1,44,3,1,2,Needs Attention,312
13018,143,1,554,3,1,3,Needs Attention,313
13019,138,1,575,3,1,3,Needs Attention,313
13020,228,1,1120,2,1,3,Hibernating,213
13021,164,1,14,3,1,1,Needs Attention,311
13022,105,1,156,4,1,3,New Customers,413
13023,75,1,561,4,1,3,New Customers,413
13024,92,1,589,4,1,3,New Customers,413
13025,124,1,604,4,1,3,New Customers,413
13026,153,1,578,3,1,3,Needs Attention,313
13027,233,1,1213,2,1,4,At Risk (high value),214
13028,142,1,562,3,1,3,Needs Attention,313
13029,37,1,598,5,1,3,New Customers,513
13030,59,1,563,5,1,3,New Customers,513
13031,217,1,1170,2,1,4,At Risk (high value),214
13032,241,1,1170,2,1,4,At Risk (high value),214
13033,38,1,563,5,1,3,New Customers,513
13034,128,1,575,4,1,3,New Customers,413
13035,226,1,1203,2,1,4,At Risk (high value),214
13036,298,1,14,1,1,1,Hibernating,111
13037,131,1,608,4,1,3,New Customers,413
13038,33,1,540,5,1,3,New Customers,513
13039,48,1,570,5,1,3,New Customers,513
13040,238,1,1701,2,1,4,At Risk (high value),214
13041,206,1,2482,3,1,4,Needs Attention,314
13042,91,1,94,4,1,3,New Customers,413
13043,24,1,13,5,1,1,New Customers,511
13044,57,1,31,5,1,1,New Customers,511
13045,192,1,1174,3,1,4,Needs Attention,314
13046,116,1,5,4,1,1,New Customers,411
13047,127,1,554,4,1,3,New Customers,413
13048,208,1,1174,2,1,4,At Risk (high value),214
13049,193,1,1174,3,1,4,Needs Attention,314
13050,148,1,575,3,1,3,Needs Attention,313
13051,192,1,1164,3,1,4,Needs Attention,314
13052,202,1,1170,3,1,4,Needs Attention,314
13053,137,1,549,3,1,3,Needs Attention,313
13054,186,1,2443,3,1,4,Needs Attention,314
13055,190,1,1174,3,1,4,Needs Attention,314
13056,192,1,1170,3,1,4,Needs Attention,314
13057,59,1,629,5,1,3,New Customers,513
13058,53,1,575,5,1,3,New Customers,513
13059,159,1,1164,3,1,4,Needs Attention,314
13060,148,1,584,3,1,3,Needs Attention,313
13061,133,1,604,4,1,3,New Customers,413
13062,389,1,2413,1,1,4,At Risk (high value),114
13063,177,1,29,3,1,1,Needs Attention,311
13064,365,1,2433,1,1,4,At Risk (high value),114
13065,345,1,5,1,1,1,Hibernating,111
13066,161,1,1170,3,1,4,Needs Attention,314
13067,113,1,2515,4,1,4,New Customers,414
13068,121,1,2492,4,1,4,New Customers,414
13069,96,1,2457,4,1,4,New Customers,414
13070,188,1,1174,3,1,4,Needs Attention,314
13071,113,1,36,4,1,1,New Customers,411
13072,253,1,13,2,1,1,Hibernating,211
13073,244,1,6,2,1,1,Hibernating,211
13074,134,1,69,3,1,2,Needs Attention,312
13075,133,1,39,4,1,1,New Customers,411
13076,100,1,69,4,1,2,New Customers,412
13077,113,1,78,4,1,2,New Customers,412
13078,139,1,589,3,1,3,Needs Attention,313
13079,296,1,4,1,1,1,Hibernating,111
13080,253,1,40,2,1,2,Hibernating,212
13081,185,1,54,3,1,2,Needs Attention,312
13082,144,1,31,3,1,1,Needs Attention,311
13083,148,1,40,3,1,2,Needs Attention,312
13084,348,1,2419,1,1,4,At Risk (high value),114
13085,327,1,2407,1,1,4,At Risk (high value),114
13086,326,1,40,1,1,2,Hibernating,112
13087,126,1,54,4,1,2,New Customers,412
13088,64,1,39,5,1,1,New Customers,511
13089,260,1,6,2,1,1,Hibernating,211
13090,244,1,1745,2,1,4,At Risk (high value),214
13091,238,1,1736,2,1,4,At Risk (high value),214
13092,65,1,2478,5,1,4,New Customers,514
13093,89,1,2481,4,1,4,New Customers,414
13094,361,1,2466,1,1,4,At Risk (high value),114
13095,365,1,40,1,1,2,Hibernating,112
13096,218,1,29,2,1,1,Hibernating,211
13097,251,1,7,2,1,1,Hibernating,211
13098,29,1,6,5,1,1,New Customers,511
13099,107,1,655,4,1,3,New Customers,413
13100,121,1,563,4,1,3,New Customers,413
13101,209,1,1169,2,1,4,At Risk (high value),214
13102,202,1,1170,3,1,4,Needs Attention,314
13103,369,1,1779,1,1,4,At Risk (high value),114
13104,346,1,1755,1,1,4,At Risk (high value),114
13105,155,1,1155,3,1,3,Needs Attention,313
13106,319,1,2419,1,1,4,At Risk (high value),114
13107,144,1,40,3,1,2,Needs Attention,312
13108,88,1,124,4,1,3,New Customers,413
13109,278,1,4,2,1,1,Hibernating,211
13110,291,1,5,1,1,1,Hibernating,111
13111,316,1,2393,1,1,4,At Risk (high value),114
13112,167,1,5,3,1,1,Needs Attention,311
13113,109,1,1155,4,1,3,New Customers,413
13114,320,1,40,1,1,2,Hibernating,112
13115,182,1,1179,3,1,4,Needs Attention,314
13116,113,1,1164,4,1,4,New Customers,414
13117,230,1,1701,2,1,4,At Risk (high value),214
13118,130,1,13,4,1,1,New Customers,411
13119,4,1,7,5,1,1,New Customers,511
13120,139,1,14,3,1,1,Needs Attention,311
13121,310,1,4,1,1,1,Hibernating,111
13122,101,1,540,4,1,3,New Customers,413
13123,125,1,5,4,1,1,New Customers,411
13124,206,1,7,3,1,1,Needs Attention,311
13125,31,1,60,5,1,2,New Customers,512
13126,102,1,14,4,1,1,New Customers,411
13127,164,1,29,3,1,1,Needs Attention,311
13128,106,1,549,4,1,3,New Customers,413
13129,189,1,94,3,1,3,Needs Attention,313
13130,184,1,4,3,1,1,Needs Attention,311
13131,234,1,48,2,1,2,Hibernating,212
13132,4,1,14,5,1,1,New Customers,511
13133,106,1,5,4,1,1,New Customers,411
13134,262,1,49,2,1,2,Hibernating,212
13135,43,1,5,5,1,1,New Customers,511
13136,307,1,2419,1,1,4,At Risk (high value),114
13137,302,1,2413,1,1,4,At Risk (high value),114
13138,244,1,6,2,1,1,Hibernating,211
13139,99,1,1194,4,1,4,New Customers,414
13140,81,1,39,4,1,1,New Customers,411
13141,276,1,2419,2,1,4,At Risk (high value),214
13142,354,1,15,1,1,1,Hibernating,111
13143,104,1,7,4,1,1,New Customers,411
13144,35,1,6,5,1,1,New Customers,511
13145,107,1,40,4,1,2,New Customers,412
13146,27,1,14,5,1,1,New Customers,511
13147,277,1,60,2,1,2,Hibernating,212
13148,41,1,39,5,1,1,New Customers,511
13149,301,1,12,1,1,1,Hibernating,111
13150,137,1,7,3,1,1,Needs Attention,311
13151,100,1,4,4,1,1,New Customers,411
13152,152,1,59,3,1,2,Needs Attention,312
13153,67,1,5,5,1,1,New Customers,511
13154,290,1,2418,1,1,4,At Risk (high value),114
13155,304,1,29,1,1,1,Hibernating,111
13156,98,1,540,4,1,3,New Customers,413
13157,125,1,6,4,1,1,New Customers,411
13158,250,1,2419,2,1,4,At Risk (high value),214
13159,258,1,2398,2,1,4,At Risk (high value),214
13160,169,2,2757,3,3,4,Potential Loyalists,334
13161,168,2,3047,3,3,4,Potential Loyalists,334
13162,173,2,2983,3,3,4,Potential Loyalists,334
13163,176,2,3004,3,3,4,Potential Loyalists,334
13164,175,2,2757,3,3,4,Potential Loyalists,334
13165,168,2,2760,3,3,4,Potential Loyalists,334
13166,169,2,3047,3,3,4,Potential Loyalists,334
13167,146,2,2790,3,3,4,Potential Loyalists,334
13168,147,2,2983,3,3,4,Potential Loyalists,334
13169,128,2,2791,4,3,4,Potential Loyalists,434
13170,152,2,2736,3,3,4,Potential Loyalists,334
13171,141,2,3018,3,3,4,Potential Loyalists,334
13172,133,2,3006,4,3,4,Potential Loyalists,434
13173,147,2,2736,3,3,4,Potential Loyalists,334
13174,131,2,2771,4,3,4,Potential Loyalists,434
13175,128,2,2983,4,3,4,Potential Loyalists,434
13176,135,2,2743,3,3,4,Potential Loyalists,334
13177,143,2,3042,3,3,4,Potential Loyalists,334
13178,152,2,2722,3,3,4,Potential Loyalists,334
13179,147,2,2811,3,3,4,Potential Loyalists,334
13180,146,2,3052,3,3,4,Potential Loyalists,334
13181,134,1,39,3,1,1,Needs Attention,311
13182,328,1,6,1,1,1,Hibernating,111
13183,120,1,563,4,1,3,New Customers,413
13184,245,1,2462,2,1,4,At Risk (high value),214
13185,174,1,1155,3,1,3,Needs Attention,313
13186,24,1,7,5,1,1,New Customers,511
13187,177,1,1147,3,1,3,Needs Attention,313
13188,169,1,1155,3,1,3,Needs Attention,313
13189,202,1,13,3,1,1,Needs Attention,311
13190,153,1,1174,3,1,4,Needs Attention,314
13191,226,1,2428,2,1,4,At Risk (high value),214
13192,111,1,540,4,1,3,New Customers,413
13193,136,1,1155,3,1,3,Needs Attention,313
13194,131,1,1199,4,1,4,New Customers,414
13195,218,1,2418,2,1,4,At Risk (high value),214
13196,260,1,60,2,1,2,Hibernating,212
13197,195,1,40,3,1,2,Needs Attention,312
13198,125,1,1155,4,1,3,New Customers,413
13199,231,1,2433,2,1,4,At Risk (high value),214
13200,100,1,1155,4,1,3,New Customers,413
13201,93,1,1120,4,1,3,New Customers,413
13202,201,1,2428,3,1,4,Needs Attention,314
13203,153,1,1120,3,1,3,Needs Attention,313
13204,168,1,2469,3,1,4,Needs Attention,314
13205,98,1,598,4,1,3,New Customers,413
13206,119,1,615,4,1,3,New Customers,413
13207,346,1,1755,1,1,4,At Risk (high value),114
13208,45,1,5,5,1,1,New Customers,511
13209,154,1,1710,3,1,4,Needs Attention,314
13210,178,1,1736,3,1,4,Needs Attention,314
13211,310,1,1730,1,1,4,At Risk (high value),114
13212,106,1,1170,4,1,4,New Customers,414
13213,144,1,1155,3,1,3,Needs Attention,313
13214,132,1,1214,4,1,4,New Customers,414
13215,112,1,584,4,1,3,New Customers,413
13216,45,1,89,5,1,2,New Customers,512
13217,53,1,49,5,1,2,New Customers,512
13218,145,1,1209,3,1,4,Needs Attention,314
13219,269,1,5,2,1,1,Hibernating,211
13220,181,1,2433,3,1,4,Needs Attention,314
13221,128,1,68,4,1,2,New Customers,412
13222,55,1,554,5,1,3,New Customers,513
13223,118,1,37,4,1,1,New Customers,411
13224,298,1,32,1,1,1,Hibernating,111
13225,47,1,540,5,1,3,New Customers,513
13226,178,1,94,3,1,3,Needs Attention,313
13227,170,1,70,3,1,2,Needs Attention,312
13228,186,1,35,3,1,1,Needs Attention,311
13229,79,1,15,4,1,1,New Customers,411
13230,251,1,7,2,1,1,Hibernating,211
13231,163,1,14,3,1,1,Needs Attention,311
13232,35,1,563,5,1,3,New Customers,513
13233,42,1,554,5,1,3,New Customers,513
13234,60,1,554,5,1,3,New Customers,513
13235,49,1,563,5,1,3,New Customers,513
13236,120,2,4829,4,3,5,Potential Loyalists,435
13237,270,1,122,2,1,3,Hibernating,213
13238,45,1,72,5,1,2,New Customers,512
13239,41,1,609,5,1,3,New Customers,513
13240,58,1,589,5,1,3,New Customers,513
13241,41,1,5,5,1,1,New Customers,511
13242,152,2,2997,3,3,4,Potential Loyalists,334
13243,148,2,2757,3,3,4,Potential Loyalists,334
13244,228,1,49,2,1,2,Hibernating,212
13245,250,2,3617,2,3,5,At Risk (high value),235
13246,42,1,17,5,1,1,New Customers,511
13247,265,1,10,2,1,1,Hibernating,211
13248,150,2,2722,3,3,4,Potential Loyalists,334
13249,132,2,2771,4,3,4,Potential Loyalists,434
13250,126,2,2757,4,3,4,Potential Loyalists,434
13251,129,2,2739,4,3,4,Potential Loyalists,434
13252,146,2,2983,3,3,4,Potential Loyalists,334
13253,120,2,2745,4,3,4,Potential Loyalists,434
13254,112,1,10,4,1,1,New Customers,411
13255,34,1,604,5,1,3,New Customers,513
13256,30,1,14,5,1,1,New Customers,511
13257,310,1,40,1,1,2,Hibernating,112
13258,114,2,2771,4,3,4,Potential Loyalists,434
13259,63,1,5,5,1,1,New Customers,511
13260,21,1,30,5,1,1,New Customers,511
13261,53,1,45,5,1,2,New Customers,512
13262,201,1,72,3,1,2,Needs Attention,312
13263,219,1,39,2,1,1,Hibernating,211
13264,201,1,35,3,1,1,Needs Attention,311
13265,108,1,72,4,1,2,New Customers,412
13266,192,1,96,3,1,3,Needs Attention,313
13267,119,2,2749,4,3,4,Potential Loyalists,434
13268,219,1,23,2,1,1,Hibernating,211
13269,247,1,50,2,1,2,Hibernating,212
13270,138,1,15,3,1,1,Needs Attention,311
13271,111,2,2845,4,3,4,Potential Loyalists,434
13272,98,2,2745,4,3,4,Potential Loyalists,434
13273,119,2,2736,4,3,4,Potential Loyalists,434
13274,100,2,2722,4,3,4,Potential Loyalists,434
13275,93,2,3018,4,3,4,Potential Loyalists,434
13276,337,1,831,1,1,3,Hibernating,113
13277,327,1,24,1,1,1,Hibernating,111
13278,340,1,10,1,1,1,Hibernating,111
13279,242,1,184,2,1,3,Hibernating,213
13280,17,1,79,5,1,2,New Customers,512
13281,196,1,27,3,1,1,Needs Attention,311
13282,261,2,3302,2,3,5,At Risk (high value),235
13283,95,2,3918,4,3,5,Potential Loyalists,435
13284,103,2,3947,4,3,5,Potential Loyalists,435
13285,83,2,4837,4,3,5,Potential Loyalists,435
13286,208,1,33,2,1,1,Hibernating,211
13287,42,1,575,5,1,3,New Customers,513
13288,45,1,101,5,1,3,New Customers,513
13289,115,1,72,4,1,2,New Customers,412
13290,300,1,33,1,1,1,Hibernating,111
13291,190,1,33,3,1,1,Needs Attention,311
13292,51,1,540,5,1,3,New Customers,513
13293,350,1,39,1,1,1,Hibernating,111
13294,366,1,35,1,1,1,Hibernating,111
13295,139,1,46,3,1,2,Needs Attention,312
13296,51,1,609,5,1,3,New Customers,513
13297,59,1,575,5,1,3,New Customers,513
13298,347,1,39,1,1,1,Hibernating,111
13299,323,1,87,1,1,2,Hibernating,112
13300,321,1,39,1,1,1,Hibernating,111
13301,96,2,4144,4,3,5,Potential Loyalists,435
13302,110,2,4144,4,3,5,Potential Loyalists,435
13303,97,2,3883,4,3,5,Potential Loyalists,435
13304,118,2,4207,4,3,5,Potential Loyalists,435
13305,105,2,3947,4,3,5,Potential Loyalists,435
13306,119,2,3946,4,3,5,Potential Loyalists,435
13307,3,1,7,5,1,1,New Customers,511
13308,96,2,4158,4,3,5,Potential Loyalists,435
13309,34,1,613,5,1,3,New Customers,513
13310,55,2,4793,5,3,5,Potential Loyalists,535
13311,33,2,4829,5,3,5,Potential Loyalists,535
13312,45,1,625,5,1,3,New Customers,513
13313,187,1,37,3,1,1,Needs Attention,311
13314,256,1,46,2,1,2,Hibernating,212
13315,318,1,57,1,1,2,Hibernating,112
13316,258,1,33,2,1,1,Hibernating,211
13317,89,1,39,4,1,1,New Customers,411
13318,343,1,35,1,1,1,Hibernating,111
13319,279,1,72,2,1,2,Hibernating,212
13320,78,1,37,4,1,1,New Customers,411
13321,172,1,39,3,1,1,Needs Attention,311
13322,54,1,549,5,1,3,New Customers,513
13323,149,1,69,3,1,2,Needs Attention,312
13324,55,1,600,5,1,3,New Customers,513
13325,40,1,600,5,1,3,New Customers,513
13326,52,1,567,5,1,3,New Customers,513
13327,43,1,556,5,1,3,New Customers,513
13328,35,1,549,5,1,3,New Customers,513
13329,43,1,575,5,1,3,New Customers,513
13330,40,1,604,5,1,3,New Customers,513
13331,56,1,575,5,1,3,New Customers,513
13332,59,1,549,5,1,3,New Customers,513
13333,55,2,4816,5,3,5,Potential Loyalists,535
13334,58,1,617,5,1,3,New Customers,513
13335,48,1,575,5,1,3,New Customers,513
13336,56,1,575,5,1,3,New Customers,513
13337,42,1,549,5,1,3,New Customers,513
13338,44,1,600,5,1,3,New Customers,513
13339,37,1,554,5,1,3,New Customers,513
13340,397,1,2384,1,1,4,At Risk (high value),114
13341,339,1,2393,1,1,4,At Risk (high value),114
13342,339,1,2453,1,1,4,At Risk (high value),114
13343,49,2,4828,5,3,5,Potential Loyalists,535
13344,327,1,2443,1,1,4,At Risk (high value),114
13345,337,2,4329,1,3,5,At Risk (high value),135
13346,321,1,2398,1,1,4,At Risk (high value),114
13347,281,1,2473,2,1,4,At Risk (high value),214
13348,298,1,2419,1,1,4,At Risk (high value),114
13349,290,1,2443,1,1,4,At Risk (high value),114
13350,301,1,2419,1,1,4,At Risk (high value),114
13351,271,1,72,2,1,2,Hibernating,212
13352,298,1,2393,1,1,4,At Risk (high value),114
13353,255,1,2393,2,1,4,At Risk (high value),214
13354,269,1,2398,2,1,4,At Risk (high value),214
13355,274,1,2418,2,1,4,At Risk (high value),214
13356,259,1,37,2,1,1,Hibernating,211
13357,38,1,615,5,1,3,New Customers,513
13358,261,1,2443,2,1,4,At Risk (high value),214
13359,250,1,2418,2,1,4,At Risk (high value),214
13360,269,1,2420,2,1,4,At Risk (high value),214
13361,267,2,3626,2,3,5,At Risk (high value),235
13362,256,2,3391,2,3,5,At Risk (high value),235
13363,272,2,3600,2,3,5,At Risk (high value),235
13364,7,1,14,5,1,1,New Customers,511
13365,64,2,3966,5,3,5,Potential Loyalists,535
13366,272,2,3331,2,3,5,At Risk (high value),235
13367,74,2,4144,4,3,5,Potential Loyalists,435
13368,77,2,4179,4,3,5,Potential Loyalists,435
13369,78,2,3947,4,3,5,Potential Loyalists,435
13370,93,1,5,4,1,1,New Customers,411
13371,160,1,68,3,1,2,Needs Attention,312
13372,90,2,4193,4,3,5,Potential Loyalists,435
13373,215,2,3356,2,3,5,At Risk (high value),235
13374,183,1,27,3,1,1,Needs Attention,311
13375,2,1,21,5,1,1,New Customers,511
13376,296,1,31,1,1,1,Hibernating,111
13377,53,1,5,5,1,1,New Customers,511
13378,89,2,3946,4,3,5,Potential Loyalists,435
13379,66,2,4173,5,3,5,Potential Loyalists,535
13380,280,1,14,2,1,1,Hibernating,211
13381,175,1,5,3,1,1,Needs Attention,311
13382,64,2,3971,5,3,5,Potential Loyalists,535
13383,187,1,143,3,1,3,Needs Attention,313
13384,168,1,2384,3,1,4,Needs Attention,314
13385,124,1,2428,4,1,4,New Customers,414
13386,38,1,563,5,1,3,New Customers,513
13387,391,2,4143,1,3,5,At Risk (high value),135
13388,35,1,540,5,1,3,New Customers,513
13389,53,1,589,5,1,3,New Customers,513
13390,349,1,46,1,1,2,Hibernating,112
13391,222,1,33,2,1,1,Hibernating,211
13392,244,1,43,2,1,2,Hibernating,212
13393,292,2,4329,1,3,5,At Risk (high value),135
13394,356,1,37,1,1,1,Hibernating,111
13395,212,1,37,2,1,1,Hibernating,211
13396,304,1,37,1,1,1,Hibernating,111
13397,278,1,39,2,1,1,Hibernating,211
13398,333,1,39,1,1,1,Hibernating,111
13399,286,1,43,2,1,2,Hibernating,212
13400,307,1,133,1,1,3,Hibernating,113
13401,45,1,609,5,1,3,New Customers,513
13402,183,1,46,3,1,2,Needs Attention,312
13403,42,1,575,5,1,3,New Customers,513
13404,388,1,2393,1,1,4,At Risk (high value),114
13405,372,1,2384,1,1,4,At Risk (high value),114
13406,372,1,2419,1,1,4,At Risk (high value),114
13407,40,1,196,5,1,3,New Customers,513
13408,77,1,72,4,1,2,New Customers,412
13409,63,1,96,5,1,3,New Customers,513
13410,39,1,72,5,1,2,New Customers,512
13411,82,1,194,4,1,3,New Customers,413
13412,313,1,72,1,1,2,Hibernating,112
13413,268,1,39,2,1,1,Hibernating,211
13414,382,1,2407,1,1,4,At Risk (high value),114
13415,374,1,2398,1,1,4,At Risk (high value),114
13416,353,1,5,1,1,1,Hibernating,111
13417,153,1,96,3,1,3,Needs Attention,313
13418,386,1,2467,1,1,4,At Risk (high value),114
13419,277,2,4329,2,3,5,At Risk (high value),235
13420,277,1,72,2,1,2,Hibernating,212
13421,371,1,2393,1,1,4,At Risk (high value),114
13422,368,1,2447,1,1,4,At Risk (high value),114
13423,283,1,153,2,1,3,Hibernating,213
13424,307,1,33,1,1,1,Hibernating,111
13425,314,1,250,1,1,3,Hibernating,113
13426,390,1,2419,1,1,4,At Risk (high value),114
13427,100,1,72,4,1,2,New Customers,412
13428,376,1,2400,1,1,4,At Risk (high value),114
13429,71,1,153,5,1,3,New Customers,513
13430,346,1,146,1,1,3,Hibernating,113
13431,245,1,131,2,1,3,Hibernating,213
13432,262,2,4334,2,3,5,At Risk (high value),235
13433,264,1,2438,2,1,4,At Risk (high value),214
13434,369,1,2442,1,1,4,At Risk (high value),114
13435,386,1,2398,1,1,4,At Risk (high value),114
13436,286,1,47,2,1,2,Hibernating,212
13437,338,1,2438,1,1,4,At Risk (high value),114
13438,342,1,2427,1,1,4,At Risk (high value),114
13439,13,1,96,5,1,3,New Customers,513
13440,151,1,72,3,1,2,Needs Attention,312
13441,280,1,61,2,1,2,Hibernating,212
13442,244,1,2419,2,1,4,At Risk (high value),214
13443,157,1,83,3,1,2,Needs Attention,312
13444,23,1,35,5,1,1,New Customers,511
13445,237,1,2443,2,1,4,At Risk (high value),214
13446,244,1,2419,2,1,4,At Risk (high value),214
13447,227,1,2447,2,1,4,At Risk (high value),214
13448,330,1,751,1,1,3,Hibernating,113
13449,116,1,72,4,1,2,New Customers,412
13450,260,1,39,2,1,1,Hibernating,211
13451,318,1,68,1,1,2,Hibernating,112
13452,291,1,39,1,1,1,Hibernating,111
13453,329,1,33,1,1,1,Hibernating,111
13454,102,1,60,4,1,2,New Customers,412
13455,232,1,21,2,1,1,Hibernating,211
13456,289,1,75,1,1,2,Hibernating,112
13457,190,1,21,3,1,1,Needs Attention,311
13458,229,2,3356,2,3,5,At Risk (high value),235
13459,86,2,4144,4,3,5,Potential Loyalists,435
13460,74,2,3961,4,3,5,Potential Loyalists,435
13461,243,2,3302,2,3,5,At Risk (high value),235
13462,241,2,3302,2,3,5,At Risk (high value),235
13463,242,2,3617,2,3,5,At Risk (high value),235
13464,92,2,3918,4,3,5,Potential Loyalists,435
13465,229,1,5,2,1,1,Hibernating,211
13466,239,2,3356,2,3,5,At Risk (high value),235
13467,239,2,3337,2,3,5,At Risk (high value),235
13468,241,2,3337,2,3,5,At Risk (high value),235
13469,69,2,4144,5,3,5,Potential Loyalists,535
13470,347,1,64,1,1,2,Hibernating,112
13471,273,1,40,2,1,2,Hibernating,212
13472,303,1,5,1,1,1,Hibernating,111
13473,44,1,13,5,1,1,New Customers,511
13474,153,1,14,3,1,1,Needs Attention,311
13475,60,2,3883,5,3,5,Potential Loyalists,535
13476,38,2,3946,5,3,5,Potential Loyalists,535
13477,244,2,3563,2,3,5,At Risk (high value),235
13478,208,2,3302,2,3,5,At Risk (high value),235
13479,187,2,3337,3,3,5,Potential Loyalists,335
13480,12,1,7,5,1,1,New Customers,511
13481,41,2,4175,5,3,5,Potential Loyalists,535
13482,44,2,4179,5,3,5,Potential Loyalists,535
13483,45,2,3883,5,3,5,Potential Loyalists,535
13484,135,1,24,3,1,1,Needs Attention,311
13485,211,2,3563,2,3,5,At Risk (high value),235
13486,199,2,3356,3,3,5,Potential Loyalists,335
13487,362,1,37,1,1,1,Hibernating,111
13488,159,1,5,3,1,1,Needs Attention,311
13489,38,1,14,5,1,1,New Customers,511
13490,291,1,5,1,1,1,Hibernating,111
13491,133,1,37,4,1,1,New Customers,411
13492,774,1,3578,1,1,5,At Risk (high value),115
13493,332,1,791,1,1,3,Hibernating,113
13494,789,1,3578,1,1,5,At Risk (high value),115
13495,363,1,10,1,1,1,Hibernating,111
13496,15,1,15,5,1,1,New Customers,511
13497,239,2,4349,2,3,5,At Risk (high value),235
13498,359,1,72,1,1,2,Hibernating,112
13499,233,1,2407,2,1,4,At Risk (high value),214
13500,253,1,33,2,1,1,Hibernating,211
13501,231,1,72,2,1,2,Hibernating,212
13502,764,1,3578,1,1,5,At Risk (high value),115
13503,196,2,3622,3,3,5,Potential Loyalists,335
13504,183,2,3617,3,3,5,Potential Loyalists,335
13505,202,2,3563,3,3,5,Potential Loyalists,335
13506,201,2,3302,3,3,5,Potential Loyalists,335
13507,194,2,3563,3,3,5,Potential Loyalists,335
13508,137,1,33,3,1,1,Needs Attention,311
13509,105,1,122,4,1,3,New Customers,413
13510,83,1,35,4,1,1,New Customers,411
13511,118,1,61,4,1,2,New Customers,412
13512,154,1,37,3,1,1,Needs Attention,311
13513,200,1,33,3,1,1,Needs Attention,311
13514,293,1,39,1,1,1,Hibernating,111
13515,195,1,37,3,1,1,Needs Attention,311
13516,40,1,72,5,1,2,New Customers,512
13517,355,1,39,1,1,1,Hibernating,111
13518,31,1,87,5,1,2,New Customers,512
13519,206,1,37,3,1,1,Needs Attention,311
13520,115,1,39,4,1,1,New Customers,411
13521,215,1,2462,2,1,4,At Risk (high value),214
13522,347,1,2419,1,1,4,At Risk (high value),114
13523,359,1,2483,1,1,4,At Risk (high value),114
13524,356,1,2492,1,1,4,At Risk (high value),114
13525,135,1,35,3,1,1,Needs Attention,311
13526,324,1,7,1,1,1,Hibernating,111
13527,338,1,2419,1,1,4,At Risk (high value),114
13528,336,1,2419,1,1,4,At Risk (high value),114
13529,359,1,2420,1,1,4,At Risk (high value),114
13530,359,1,2398,1,1,4,At Risk (high value),114
13531,273,1,37,2,1,1,Hibernating,211
13532,194,1,68,3,1,2,Needs Attention,312
13533,87,1,39,4,1,1,New Customers,411
13534,30,1,32,5,1,1,New Customers,511
13535,332,1,2534,1,1,4,At Risk (high value),114
13536,199,1,4,3,1,1,Needs Attention,311
13537,242,1,587,2,1,3,Hibernating,213
13538,334,1,2511,1,1,4,At Risk (high value),114
13539,64,1,4,5,1,1,New Customers,511
13540,283,1,39,2,1,1,Hibernating,211
13541,234,1,70,2,1,2,Hibernating,212
13542,42,1,37,5,1,1,New Customers,511
13543,57,1,124,5,1,3,New Customers,513
13544,220,1,54,2,1,2,Hibernating,212
13545,327,1,6,1,1,1,Hibernating,111
13546,125,1,70,4,1,2,New Customers,412
13547,289,1,37,1,1,1,Hibernating,111
13548,219,1,39,2,1,1,Hibernating,211
13549,255,1,39,2,1,1,Hibernating,211
13550,279,1,2515,2,1,4,At Risk (high value),214
13551,359,1,37,1,1,1,Hibernating,111
13552,338,1,142,1,1,3,Hibernating,113
13553,57,1,39,5,1,1,New Customers,511
13554,37,1,4,5,1,1,New Customers,511
13555,170,1,70,3,1,2,Needs Attention,312
13556,171,1,59,3,1,2,Needs Attention,312
13557,220,1,6,2,1,1,Hibernating,211
13558,245,1,70,2,1,2,Hibernating,212
13559,276,1,2487,2,1,4,At Risk (high value),214
13560,121,1,6,4,1,1,New Customers,411
13561,40,1,2405,5,1,4,New Customers,514
13562,356,1,4,1,1,1,Hibernating,111
13563,118,1,4,4,1,1,New Customers,411
13564,187,1,6,3,1,1,Needs Attention,311
13565,119,1,39,4,1,1,New Customers,411
13566,197,1,575,3,1,3,Needs Attention,313
13567,69,1,5,5,1,1,New Customers,511
13568,315,1,6,1,1,1,Hibernating,111
13569,203,1,14,3,1,1,Needs Attention,311
13570,246,1,2480,2,1,4,At Risk (high value),214
13571,66,1,59,5,1,2,New Customers,512
13572,32,1,27,5,1,1,New Customers,511
13573,288,1,4,2,1,1,Hibernating,211
13574,254,1,2563,2,1,4,At Risk (high value),214
13575,175,1,99,3,1,3,Needs Attention,313
13576,51,1,5,5,1,1,New Customers,511
13577,202,1,90,3,1,2,Needs Attention,312
13578,253,1,2487,2,1,4,At Risk (high value),214
13579,84,1,27,4,1,1,New Customers,411
13580,44,1,39,5,1,1,New Customers,511
13581,159,1,597,3,1,3,Needs Attention,313
13582,93,1,40,4,1,2,New Customers,412
13583,231,1,2466,2,1,4,At Risk (high value),214
13584,227,1,2487,2,1,4,At Risk (high value),214
13585,237,1,30,2,1,1,Hibernating,211
13586,211,2,3366,2,3,5,At Risk (high value),235
13587,33,2,4144,5,3,5,Potential Loyalists,535
13588,46,2,3883,5,3,5,Potential Loyalists,535
13589,193,1,14,3,1,1,Needs Attention,311
13590,315,1,69,1,1,2,Hibernating,112
13591,37,2,3912,5,3,5,Potential Loyalists,535
13592,177,1,59,3,1,2,Needs Attention,312
13593,53,2,3897,5,3,5,Potential Loyalists,535
13594,10,1,5,5,1,1,New Customers,511
13595,336,1,40,1,1,2,Hibernating,112
13596,300,1,62,1,1,2,Hibernating,112
13597,47,2,4168,5,3,5,Potential Loyalists,535
13598,49,2,4010,5,3,5,Potential Loyalists,535
13599,51,2,4228,5,3,5,Potential Loyalists,535
13600,169,1,27,3,1,1,Needs Attention,311
13601,121,1,5,4,1,1,New Customers,411
13602,41,2,3883,5,3,5,Potential Loyalists,535
13603,41,2,3883,5,3,5,Potential Loyalists,535
13604,105,1,40,4,1,2,New Customers,412
13605,395,2,3681,1,3,5,At Risk (high value),135
13606,374,2,3627,1,3,5,At Risk (high value),135
13607,381,2,2155,1,3,4,At Risk (high value),134
13608,146,1,5,3,1,1,Needs Attention,311
13609,345,2,2120,1,3,4,At Risk (high value),134
13610,360,2,2120,1,3,4,At Risk (high value),134
13611,141,1,40,3,1,2,Needs Attention,312
13612,365,2,2219,1,3,4,At Risk (high value),134
13613,347,2,2151,1,3,4,At Risk (high value),134
13614,360,2,2147,1,3,4,At Risk (high value),134
13615,347,2,2120,1,3,4,At Risk (high value),134
13616,328,2,2155,1,3,4,At Risk (high value),134
13617,174,1,72,3,1,2,Needs Attention,312
13618,271,1,35,2,1,1,Hibernating,211
13619,230,1,33,2,1,1,Hibernating,211
13620,321,1,33,1,1,1,Hibernating,111
13621,94,1,196,4,1,3,New Customers,413
13622,252,1,13,2,1,1,Hibernating,211
13623,251,1,96,2,1,3,Hibernating,213
13624,16,1,33,5,1,1,New Customers,511
13625,200,1,39,3,1,1,Needs Attention,311
13626,117,1,14,4,1,1,New Customers,411
13627,166,1,39,3,1,1,Needs Attention,311
13628,199,1,69,3,1,2,Needs Attention,312
13629,78,1,33,4,1,1,New Customers,411
13630,272,1,101,2,1,3,Hibernating,213
13631,245,1,5,2,1,1,Hibernating,211
13632,71,1,146,5,1,3,New Customers,513
13633,215,1,2483,2,1,4,At Risk (high value),214
13634,239,1,2447,2,1,4,At Risk (high value),214
13635,111,1,131,4,1,3,New Customers,413
13636,4,1,72,5,1,2,New Customers,512
13637,71,1,33,5,1,1,New Customers,511
13638,81,1,14,4,1,1,New Customers,411
13639,86,1,57,4,1,2,New Customers,412
13640,59,1,40,5,1,2,New Customers,512
13641,225,1,2419,2,1,4,At Risk (high value),214
13642,239,1,2384,2,1,4,At Risk (high value),214
13643,153,1,39,3,1,1,Needs Attention,311
13644,206,1,35,3,1,1,Needs Attention,311
13645,243,1,2393,2,1,4,At Risk (high value),214
13646,217,1,2438,2,1,4,At Risk (high value),214
13647,770,1,3578,1,1,5,At Risk (high value),115
13648,89,1,40,4,1,2,New Customers,412
13649,258,1,791,2,1,3,Hibernating,213
13650,239,1,5,2,1,1,Hibernating,211
13651,148,1,37,3,1,1,Needs Attention,311
13652,237,1,72,2,1,2,Hibernating,212
13653,362,1,92,1,1,3,Hibernating,113
13654,184,1,2393,3,1,4,Needs Attention,314
13655,203,1,2453,3,1,4,Needs Attention,314
13656,131,1,33,4,1,1,New Customers,411
13657,254,1,35,2,1,1,Hibernating,211
13658,63,1,101,5,1,3,New Customers,513
13659,252,1,39,2,1,1,Hibernating,211
13660,124,1,15,4,1,1,New Customers,411
13661,362,1,2419,1,1,4,At Risk (high value),114
13662,369,2,4182,1,3,5,At Risk (high value),135
13663,350,1,2493,1,1,4,At Risk (high value),114
13664,24,1,59,5,1,2,New Customers,512
13665,163,2,4368,3,3,5,Potential Loyalists,335
13666,182,1,110,3,1,3,Needs Attention,313
13667,73,2,4370,5,3,5,Potential Loyalists,535
13668,21,1,37,5,1,1,New Customers,511
13669,183,1,2473,3,1,4,Needs Attention,314
13670,358,1,2419,1,1,4,At Risk (high value),114
13671,309,1,2419,1,1,4,At Risk (high value),114
13672,49,2,4354,5,3,5,Potential Loyalists,535
13673,2,1,72,5,1,2,New Customers,512
13674,308,1,2428,1,1,4,At Risk (high value),114
13675,328,1,2384,1,1,4,At Risk (high value),114
13676,331,1,2419,1,1,4,At Risk (high value),114
13677,207,1,2462,2,1,4,At Risk (high value),214
13678,260,1,33,2,1,1,Hibernating,211
13679,170,1,101,3,1,3,Needs Attention,313
13680,73,1,72,5,1,2,New Customers,512
13681,314,1,2418,1,1,4,At Risk (high value),114
13682,329,1,2453,1,1,4,At Risk (high value),114
13683,97,1,60,4,1,2,New Customers,412
13684,207,1,2393,2,1,4,At Risk (high value),214
13685,212,1,2393,2,1,4,At Risk (high value),214
13686,190,1,2393,3,1,4,Needs Attention,314
13687,6,1,39,5,1,1,New Customers,511
13688,234,1,92,2,1,3,Hibernating,213
13689,155,1,2393,3,1,4,Needs Attention,314
13690,99,1,1155,4,1,3,New Customers,413
13691,98,1,609,4,1,3,New Customers,413
13692,247,1,4,2,1,1,Hibernating,211
13693,40,1,39,5,1,1,New Customers,511
13694,292,1,7,1,1,1,Hibernating,111
13695,266,1,58,2,1,2,Hibernating,212
13696,325,1,166,1,1,3,Hibernating,113
13697,150,1,23,3,1,1,Needs Attention,311
13698,113,1,1170,4,1,4,New Customers,414
13699,117,1,575,4,1,3,New Customers,413
13700,50,1,29,5,1,1,New Customers,511
13701,119,1,2452,4,1,4,New Customers,414
13702,163,1,1745,3,1,4,Needs Attention,314
13703,88,1,1174,4,1,4,New Customers,414
13704,300,1,5,1,1,1,Hibernating,111
13705,1,1,21,5,1,1,New Customers,511
13706,103,1,1155,4,1,3,New Customers,413
13707,96,1,578,4,1,3,New Customers,413
13708,100,1,2393,4,1,4,New Customers,414
13709,73,1,2419,5,1,4,New Customers,514
13710,153,1,1736,3,1,4,Needs Attention,314
13711,322,1,1732,1,1,4,At Risk (high value),114
13712,322,1,1751,1,1,4,At Risk (high value),114
13713,88,1,1120,4,1,3,New Customers,413
13714,336,1,7,1,1,1,Hibernating,111
13715,9,1,68,5,1,2,New Customers,512
13716,116,1,29,4,1,1,New Customers,411
13717,122,1,562,4,1,3,New Customers,413
13718,95,1,540,4,1,3,New Customers,413
13719,297,1,1751,1,1,4,At Risk (high value),114
13720,101,1,69,4,1,2,New Customers,412
13721,239,1,15,2,1,1,Hibernating,211
13722,132,1,90,4,1,2,New Customers,412
13723,134,1,34,3,1,1,Needs Attention,311
13724,281,1,1794,2,1,4,At Risk (high value),214
13725,122,1,29,4,1,1,New Customers,411
13726,269,1,39,2,1,1,Hibernating,211
13727,149,1,72,3,1,2,Needs Attention,312
13728,32,1,72,5,1,2,New Customers,512
13729,158,1,57,3,1,2,Needs Attention,312
13730,255,1,59,2,1,2,Hibernating,212
13731,257,1,40,2,1,2,Hibernating,212
13732,56,1,5,5,1,1,New Customers,511
13733,177,1,100,3,1,3,Needs Attention,313
13734,56,1,7,5,1,1,New Customers,511
13735,318,1,2492,1,1,4,At Risk (high value),114
13736,321,1,2478,1,1,4,At Risk (high value),114
13737,243,1,72,2,1,2,Hibernating,212
13738,302,1,47,1,1,2,Hibernating,112
13739,177,1,2433,3,1,4,Needs Attention,314
13740,175,1,2453,3,1,4,Needs Attention,314
13741,271,1,96,2,1,3,Hibernating,213
13742,365,1,33,1,1,1,Hibernating,111
13743,307,1,37,1,1,1,Hibernating,111
13744,167,1,38,3,1,1,Needs Attention,311
13745,112,1,5,4,1,1,New Customers,411
13746,188,1,30,3,1,1,Needs Attention,311
13747,360,1,14,1,1,1,Hibernating,111
13748,16,1,65,5,1,2,New Customers,512
13749,340,1,40,1,1,2,Hibernating,112
13750,127,1,65,4,1,2,New Customers,412
13751,113,1,30,4,1,1,New Customers,411
13752,215,1,147,2,1,3,Hibernating,213
13753,252,1,756,2,1,3,Hibernating,213
13754,237,1,791,2,1,3,Hibernating,213
13755,171,1,2440,3,1,4,Needs Attention,314
13756,172,1,40,3,1,2,Needs Attention,312
13757,163,1,2398,3,1,4,Needs Attention,314
13758,32,2,4343,5,3,5,Potential Loyalists,535
13759,115,1,35,4,1,1,New Customers,411
13760,58,2,4369,5,3,5,Potential Loyalists,535
13761,170,1,2419,3,1,4,Needs Attention,314
13762,155,1,2419,3,1,4,Needs Attention,314
13763,167,1,2393,3,1,4,Needs Attention,314
13764,291,1,5,1,1,1,Hibernating,111
13765,168,1,2398,3,1,4,Needs Attention,314
13766,115,1,100,4,1,3,New Customers,413
13767,188,1,72,3,1,2,Needs Attention,312
13768,151,1,87,3,1,2,Needs Attention,312
13769,281,1,33,2,1,1,Hibernating,211
13770,98,1,35,4,1,1,New Customers,411
13771,180,1,2398,3,1,4,Needs Attention,314
13772,333,1,60,1,1,2,Hibernating,112
13773,294,1,196,1,1,3,Hibernating,113
13774,288,1,7,2,1,1,Hibernating,211
13775,203,1,33,3,1,1,Needs Attention,311
13776,2,1,37,5,1,1,New Customers,511
13777,343,1,92,1,1,3,Hibernating,113
13778,351,1,72,1,1,2,Hibernating,112
13779,342,2,2859,1,3,4,At Risk (high value),134
13780,311,1,2419,1,1,4,At Risk (high value),114
13781,328,1,2384,1,1,4,At Risk (high value),114
13782,756,1,2182,1,1,4,At Risk (high value),114
13783,178,1,2420,3,1,4,Needs Attention,314
13784,134,1,2420,3,1,4,Needs Attention,314
13785,301,1,2393,1,1,4,At Risk (high value),114
13786,133,1,2406,4,1,4,New Customers,414
13787,744,1,2443,1,1,4,At Risk (high value),114
13788,140,1,2393,3,1,4,Needs Attention,314
13789,136,1,2418,3,1,4,Needs Attention,314
13790,124,1,2419,4,1,4,New Customers,414
13791,139,1,2433,3,1,4,Needs Attention,314
13792,134,1,2419,3,1,4,Needs Attention,314
13793,123,1,2419,4,1,4,New Customers,414
13794,106,1,2419,4,1,4,New Customers,414
13795,104,1,2448,4,1,4,New Customers,414
13796,104,1,2507,4,1,4,New Customers,414
13797,118,1,2398,4,1,4,New Customers,414
13798,113,1,2393,4,1,4,New Customers,414
13799,111,1,2407,4,1,4,New Customers,414
13800,96,1,2452,4,1,4,New Customers,414
13801,106,1,2419,4,1,4,New Customers,414
13802,118,1,2419,4,1,4,New Customers,414
13803,302,1,2407,1,1,4,At Risk (high value),114
13804,249,1,33,2,1,1,Hibernating,211
13805,299,1,2384,1,1,4,At Risk (high value),114
13806,216,1,5,2,1,1,Hibernating,211
13807,302,1,2413,1,1,4,At Risk (high value),114
13808,292,1,2469,1,1,4,At Risk (high value),114
13809,297,1,2407,1,1,4,At Risk (high value),114
13810,295,1,2419,1,1,4,At Risk (high value),114
13811,95,1,2419,4,1,4,New Customers,414
13812,120,1,2438,4,1,4,New Customers,414
13813,240,1,83,2,1,2,Hibernating,212
13814,291,1,72,1,1,2,Hibernating,112
13815,87,1,2419,4,1,4,New Customers,414
13816,295,1,2438,1,1,4,At Risk (high value),114
13817,215,1,5,2,1,1,Hibernating,211
13818,743,1,2182,1,1,4,At Risk (high value),114
13819,278,1,2438,2,1,4,At Risk (high value),214
13820,290,1,2393,1,1,4,At Risk (high value),114
13821,359,1,39,1,1,1,Hibernating,111
13822,191,1,43,3,1,2,Needs Attention,312
13823,175,1,196,3,1,3,Needs Attention,313
13824,11,1,96,5,1,3,New Customers,513
13825,745,1,2182,1,1,4,At Risk (high value),114
13826,136,1,5,3,1,1,Needs Attention,311
13827,203,1,96,3,1,3,Needs Attention,313
13828,297,1,35,1,1,1,Hibernating,111
13829,73,1,2419,5,1,4,New Customers,514
13830,355,1,35,1,1,1,Hibernating,111
13831,291,1,96,1,1,3,Hibernating,113
13832,78,1,2398,4,1,4,New Customers,414
13833,733,1,2182,1,1,4,At Risk (high value),114
13834,134,1,1755,3,1,4,Needs Attention,314
13835,277,1,1745,2,1,4,At Risk (high value),214
13836,80,1,1170,4,1,4,New Customers,414
13837,97,1,29,4,1,1,New Customers,411
13838,165,1,588,3,1,3,Needs Attention,313
13839,132,1,23,4,1,1,New Customers,411
13840,365,1,33,1,1,1,Hibernating,111
13841,49,1,29,5,1,1,New Customers,511
13842,43,1,2319,5,1,4,New Customers,514
13843,227,1,23,2,1,1,Hibernating,211
13844,130,1,89,4,1,2,New Customers,412
13845,49,1,25,5,1,1,New Customers,511
13846,118,1,69,4,1,2,New Customers,412
13847,236,1,23,2,1,1,Hibernating,211
13848,226,1,2552,2,1,4,At Risk (high value),214
13849,16,1,21,5,1,1,New Customers,511
13850,86,1,27,4,1,1,New Customers,411
13851,144,1,625,3,1,3,Needs Attention,313
13852,203,1,29,3,1,1,Needs Attention,311
13853,219,1,2457,2,1,4,At Risk (high value),214
13854,165,1,40,3,1,2,Needs Attention,312
13855,207,1,23,2,1,1,Hibernating,211
13856,346,1,25,1,1,1,Hibernating,111
13857,112,1,27,4,1,1,New Customers,411
13858,214,1,5,2,1,1,Hibernating,211
13859,292,1,40,1,1,2,Hibernating,112
13860,4,1,40,5,1,2,New Customers,512
13861,227,1,2520,2,1,4,At Risk (high value),214
13862,93,1,75,4,1,2,New Customers,412
13863,234,1,75,2,1,2,Hibernating,212
13864,326,1,27,1,1,1,Hibernating,111
13865,194,1,155,3,1,3,Needs Attention,313
13866,188,1,2478,3,1,4,Needs Attention,314
13867,326,1,27,1,1,1,Hibernating,111
13868,177,1,21,3,1,1,Needs Attention,311
13869,196,1,2501,3,1,4,Needs Attention,314
13870,128,1,40,4,1,2,New Customers,412
13871,201,1,2457,3,1,4,Needs Attention,314
13872,199,1,35,3,1,1,Needs Attention,311
13873,320,1,23,1,1,1,Hibernating,111
13874,63,1,549,5,1,3,New Customers,513
13875,105,1,21,4,1,1,New Customers,411
13876,216,1,27,2,1,1,Hibernating,211
13877,284,1,49,2,1,2,Hibernating,212
13878,27,1,34,5,1,1,New Customers,511
13879,255,1,23,2,1,1,Hibernating,211
13880,114,1,21,4,1,1,New Customers,411
13881,42,1,40,5,1,2,New Customers,512
13882,231,1,5,2,1,1,Hibernating,211
13883,324,1,23,1,1,1,Hibernating,111
13884,390,1,2487,1,1,4,At Risk (high value),114
13885,121,1,23,4,1,1,New Customers,411
13886,18,1,31,5,1,1,New Customers,511
13887,214,1,80,2,1,2,Hibernating,212
13888,324,2,2218,1,3,4,At Risk (high value),134
13889,310,2,2174,1,3,4,At Risk (high value),134
13890,317,2,2269,1,3,4,At Risk (high value),134
13891,356,1,40,1,1,2,Hibernating,112
13892,52,1,5,5,1,1,New Customers,511
13893,41,1,7,5,1,1,New Customers,511
13894,254,1,23,2,1,1,Hibernating,211
13895,346,1,5,1,1,1,Hibernating,111
13896,332,1,5,1,1,1,Hibernating,111
13897,72,1,15,5,1,1,New Customers,511
13898,198,1,5,3,1,1,Needs Attention,311
13899,280,1,7,2,1,1,Hibernating,211
13900,343,1,106,1,1,3,Hibernating,113
13901,329,2,2155,1,3,4,At Risk (high value),134
13902,330,2,2174,1,3,4,At Risk (high value),134
13903,309,2,2120,1,3,4,At Risk (high value),134
13904,326,2,2164,1,3,4,At Risk (high value),134
13905,315,2,2199,1,3,4,At Risk (high value),134
13906,303,2,2195,1,3,4,At Risk (high value),134
13907,300,1,62,1,1,2,Hibernating,112
13908,298,2,2183,1,3,4,At Risk (high value),134
13909,287,2,2155,2,3,4,At Risk (high value),234
13910,279,2,2149,2,3,4,At Risk (high value),234
13911,293,2,2183,1,3,4,At Risk (high value),134
13912,182,1,103,3,1,3,Needs Attention,313
13913,291,2,2120,1,3,4,At Risk (high value),134
13914,263,2,2155,2,3,4,At Risk (high value),234
13915,272,2,2149,2,3,4,At Risk (high value),234
13916,265,2,2145,2,3,4,At Risk (high value),234
13917,272,2,2169,2,3,4,At Risk (high value),234
13918,261,2,2179,2,3,4,At Risk (high value),234
13919,253,2,2120,2,3,4,At Risk (high value),234
13920,272,2,2212,2,3,4,At Risk (high value),234
13921,272,2,2155,2,3,4,At Risk (high value),234
13922,262,2,2179,2,3,4,At Risk (high value),234
13923,247,2,2145,2,3,4,At Risk (high value),234
13924,255,2,2158,2,3,4,At Risk (high value),234
13925,241,2,2143,2,3,4,At Risk (high value),234
13926,45,1,32,5,1,1,New Customers,511
13927,36,1,65,5,1,2,New Customers,512
13928,300,1,191,1,1,3,Hibernating,113
13929,291,1,27,1,1,1,Hibernating,111
13930,227,1,65,2,1,2,Hibernating,212
13931,351,1,65,1,1,2,Hibernating,112
13932,206,1,37,3,1,1,Needs Attention,311
13933,245,1,72,2,1,2,Hibernating,212
13934,304,1,33,1,1,1,Hibernating,111
13935,57,1,33,5,1,1,New Customers,511
13936,145,1,39,3,1,1,Needs Attention,311
13937,80,1,39,4,1,1,New Customers,411
13938,57,1,33,5,1,1,New Customers,511
13939,215,1,39,2,1,1,Hibernating,211
13940,164,1,7,3,1,1,Needs Attention,311
13941,366,1,35,1,1,1,Hibernating,111
13942,313,1,33,1,1,1,Hibernating,111
13943,92,1,2419,4,1,4,New Customers,414
13944,64,1,72,5,1,2,New Customers,512
13945,305,1,126,1,1,3,Hibernating,113
13946,262,1,153,2,1,3,Hibernating,213
13947,283,1,39,2,1,1,Hibernating,211
13948,241,1,40,2,1,2,Hibernating,212
13949,128,1,37,4,1,1,New Customers,411
13950,92,1,33,4,1,1,New Customers,411
13951,137,1,39,3,1,1,Needs Attention,311
13952,183,1,33,3,1,1,Needs Attention,311
13953,350,1,72,1,1,2,Hibernating,112
13954,230,1,27,2,1,1,Hibernating,211
13955,114,1,72,4,1,2,New Customers,412
13956,206,1,742,3,1,3,Needs Attention,313
13957,206,1,751,3,1,3,Needs Attention,313
13958,209,1,777,2,1,3,Hibernating,213
13959,73,1,2384,5,1,4,New Customers,514
13960,288,1,2419,2,1,4,At Risk (high value),214
13961,315,2,3008,1,3,4,At Risk (high value),134
13962,209,1,72,2,1,2,Hibernating,212
13963,191,1,33,3,1,1,Needs Attention,311
13964,283,1,33,2,1,1,Hibernating,211
13965,12,1,122,5,1,3,New Customers,513
13966,221,1,72,2,1,2,Hibernating,212
13967,284,1,2419,2,1,4,At Risk (high value),214
13968,30,1,5,5,1,1,New Customers,511
13969,216,1,45,2,1,2,Hibernating,212
13970,339,1,35,1,1,1,Hibernating,111
13971,228,1,39,2,1,1,Hibernating,211
13972,90,1,153,4,1,3,New Customers,413
13973,87,1,2398,4,1,4,New Customers,414
13974,239,1,72,2,1,2,Hibernating,212
13975,143,1,101,3,1,3,Needs Attention,313
13976,103,1,68,4,1,2,New Customers,412
13977,758,1,2182,1,1,4,At Risk (high value),114
13978,749,1,2182,1,1,4,At Risk (high value),114
13979,199,1,156,3,1,3,Needs Attention,313
13980,79,1,2419,4,1,4,New Customers,414
13981,239,1,33,2,1,1,Hibernating,211
13982,138,1,33,3,1,1,Needs Attention,311
13983,276,1,35,2,1,1,Hibernating,211
13984,91,1,39,4,1,1,New Customers,411
13985,180,1,37,3,1,1,Needs Attention,311
13986,145,1,96,3,1,3,Needs Attention,313
13987,88,1,5,4,1,1,New Customers,411
13988,78,1,2413,4,1,4,New Customers,414
13989,300,1,2419,1,1,4,At Risk (high value),114
13990,360,1,37,1,1,1,Hibernating,111
13991,279,1,2468,2,1,4,At Risk (high value),214
13992,291,1,35,1,1,1,Hibernating,111
13993,238,1,43,2,1,2,Hibernating,212
13994,51,1,61,5,1,2,New Customers,512
13995,366,1,35,1,1,1,Hibernating,111
13996,314,1,5,1,1,1,Hibernating,111
13997,90,1,2418,4,1,4,New Customers,414
13998,41,1,2438,5,1,4,New Customers,514
13999,302,1,2438,1,1,4,At Risk (high value),114
14000,133,1,33,4,1,1,New Customers,411
14001,47,1,2418,5,1,4,New Customers,514
14002,206,1,50,3,1,2,Needs Attention,312
14003,211,1,5,2,1,1,Hibernating,211
14004,227,1,49,2,1,2,Hibernating,212
14005,8,1,25,5,1,1,New Customers,511
14006,305,1,65,1,1,2,Hibernating,112
14007,214,1,30,2,1,1,Hibernating,211
14008,279,1,27,2,1,1,Hibernating,211
14009,41,1,2438,5,1,4,New Customers,514
14010,113,1,15,4,1,1,New Customers,411
14011,102,2,1540,4,3,4,Potential Loyalists,434
14012,113,2,1589,4,3,4,Potential Loyalists,434
14013,291,1,74,1,1,2,Hibernating,112
14014,80,1,70,4,1,2,New Customers,412
14015,50,1,2419,5,1,4,New Customers,514
14016,297,1,2462,1,1,4,At Risk (high value),114
14017,188,1,5,3,1,1,Needs Attention,311
14018,156,1,15,3,1,1,Needs Attention,311
14019,244,1,198,2,1,3,Hibernating,213
14020,68,1,24,5,1,1,New Customers,511
14021,120,2,1549,4,3,4,Potential Loyalists,434
14022,113,2,1554,4,3,4,Potential Loyalists,434
14023,96,2,1564,4,3,4,Potential Loyalists,434
14024,287,1,39,2,1,1,Hibernating,211
14025,171,1,33,3,1,1,Needs Attention,311
14026,300,1,2469,1,1,4,At Risk (high value),114
14027,336,1,6,1,1,1,Hibernating,111
14028,22,1,60,5,1,2,New Customers,512
14029,23,1,23,5,1,1,New Customers,511
14030,183,2,2271,3,3,4,Potential Loyalists,334
14031,161,2,2179,3,3,4,Potential Loyalists,334
14032,272,1,25,2,1,1,Hibernating,211
14033,180,2,2184,3,3,4,Potential Loyalists,334
14034,177,2,2120,3,3,4,Potential Loyalists,334
14035,223,2,2164,2,3,4,At Risk (high value),234
14036,226,2,2183,2,3,4,At Risk (high value),234
14037,237,2,2120,2,3,4,At Risk (high value),234
14038,221,2,2174,2,3,4,At Risk (high value),234
14039,33,1,2438,5,1,4,New Customers,514
14040,71,1,33,5,1,1,New Customers,511
14041,58,1,2420,5,1,4,New Customers,514
14042,68,1,33,5,1,1,New Customers,511
14043,39,1,2419,5,1,4,New Customers,514
14044,159,1,162,3,1,3,Needs Attention,313
14045,254,1,37,2,1,1,Hibernating,211
14046,362,1,39,1,1,1,Hibernating,111
14047,758,1,2182,1,1,4,At Risk (high value),114
14048,59,1,2448,5,1,4,New Customers,514
14049,314,2,3047,1,3,4,At Risk (high value),134
14050,275,1,2393,2,1,4,At Risk (high value),214
14051,272,1,2419,2,1,4,At Risk (high value),214
14052,229,2,2174,2,3,4,At Risk (high value),234
14053,214,2,2155,2,3,4,At Risk (high value),234
14054,242,2,2183,2,3,4,At Risk (high value),234
14055,190,1,104,3,1,3,Needs Attention,313
14056,131,1,7,4,1,1,New Customers,411
14057,162,1,7,3,1,1,Needs Attention,311
14058,243,2,2120,2,3,4,At Risk (high value),234
14059,94,1,7,4,1,1,New Customers,411
14060,273,1,2462,2,1,4,At Risk (high value),214
14061,264,1,2419,2,1,4,At Risk (high value),214
14062,738,1,2443,1,1,4,At Risk (high value),114
14063,292,1,14,1,1,1,Hibernating,111
14064,55,1,2419,5,1,4,New Customers,514
14065,271,1,2447,2,1,4,At Risk (high value),214
14066,305,1,72,1,1,2,Hibernating,112
14067,3,1,15,5,1,1,New Customers,511
14068,37,1,72,5,1,2,New Customers,512
14069,108,1,33,4,1,1,New Customers,411
14070,219,1,72,2,1,2,Hibernating,212
14071,133,1,69,4,1,2,New Customers,412
14072,17,1,39,5,1,1,New Customers,511
14073,42,1,2469,5,1,4,New Customers,514
14074,37,1,2473,5,1,4,New Customers,514
14075,251,1,2393,2,1,4,At Risk (high value),214
14076,271,1,2469,2,1,4,At Risk (high value),214
14077,41,1,2469,5,1,4,New Customers,514
14078,46,1,2419,5,1,4,New Customers,514
14079,57,1,2473,5,1,4,New Customers,514
14080,245,1,2419,2,1,4,At Risk (high value),214
14081,265,1,2433,2,1,4,At Risk (high value),214
14082,162,1,777,3,1,3,Needs Attention,313
14083,110,1,35,4,1,1,New Customers,411
14084,82,1,37,4,1,1,New Customers,411
14085,48,1,2393,5,1,4,New Customers,514
14086,374,1,1229,1,1,4,At Risk (high value),114
14087,395,1,1308,1,1,4,At Risk (high value),114
14088,372,1,1250,1,1,4,At Risk (high value),114
14089,381,1,1250,1,1,4,At Risk (high value),114
14090,130,1,35,4,1,1,New Customers,411
14091,50,1,68,5,1,2,New Customers,512
14092,297,1,37,1,1,1,Hibernating,111
14093,387,1,1258,1,1,4,At Risk (high value),114
14094,746,1,2182,1,1,4,At Risk (high value),114
14095,748,1,2443,1,1,4,At Risk (high value),114
14096,728,1,2443,1,1,4,At Risk (high value),114
14097,351,1,1237,1,1,4,At Risk (high value),114
14098,350,1,1269,1,1,4,At Risk (high value),114
14099,341,1,1251,1,1,4,At Risk (high value),114
14100,340,1,1250,1,1,4,At Risk (high value),114
14101,726,1,2443,1,1,4,At Risk (high value),114
14102,27,1,69,5,1,2,New Customers,512
14103,344,1,72,1,1,2,Hibernating,112
14104,178,1,91,3,1,2,Needs Attention,312
14105,292,2,3018,1,3,4,At Risk (high value),134
14106,270,1,2433,2,1,4,At Risk (high value),214
14107,229,2,2170,2,3,4,At Risk (high value),234
14108,244,2,2143,2,3,4,At Risk (high value),234
14109,176,2,2198,3,3,4,Potential Loyalists,334
14110,247,1,5,2,1,1,Hibernating,211
14111,187,1,40,3,1,2,Needs Attention,312
14112,238,2,2145,2,3,4,At Risk (high value),234
14113,160,2,2155,3,3,4,Potential Loyalists,334
14114,163,2,2179,3,3,4,Potential Loyalists,334
14115,166,2,2155,3,3,4,Potential Loyalists,334
14116,227,2,2155,2,3,4,At Risk (high value),234
14117,244,1,40,2,1,2,Hibernating,212
14118,30,1,7,5,1,1,New Customers,511
14119,162,1,7,3,1,1,Needs Attention,311
14120,225,2,2147,2,3,4,At Risk (high value),234
14121,227,2,2155,2,3,4,At Risk (high value),234
14122,224,2,2155,2,3,4,At Risk (high value),234
14123,63,1,40,5,1,2,New Customers,512
14124,140,1,40,3,1,2,Needs Attention,312
14125,248,1,64,2,1,2,Hibernating,212
14126,126,1,69,4,1,2,New Customers,412
14127,226,2,2174,2,3,4,At Risk (high value),234
14128,212,2,2174,2,3,4,At Risk (high value),234
14129,158,1,60,3,1,2,Needs Attention,312
14130,342,1,60,1,1,2,Hibernating,112
14131,265,1,7,2,1,1,Hibernating,211
14132,192,1,5,3,1,1,Needs Attention,311
14133,134,1,5,3,1,1,Needs Attention,311
14134,183,2,2155,3,3,4,Potential Loyalists,334
14135,47,1,40,5,1,2,New Customers,512
14136,58,1,7,5,1,1,New Customers,511
14137,299,1,40,1,1,2,Hibernating,112
14138,8,1,7,5,1,1,New Customers,511
14139,194,2,2120,3,3,4,Potential Loyalists,334
14140,103,1,60,4,1,2,New Customers,412
14141,70,1,21,5,1,1,New Customers,511
14142,264,1,5,2,1,1,Hibernating,211
14143,300,1,14,1,1,1,Hibernating,111
14144,55,1,40,5,1,2,New Customers,512
14145,134,1,25,3,1,1,Needs Attention,311
14146,222,1,23,2,1,1,Hibernating,211
14147,363,1,1224,1,1,4,At Risk (high value),114
14148,182,1,40,3,1,2,Needs Attention,312
14149,335,1,1250,1,1,4,At Risk (high value),114
14150,60,1,46,5,1,2,New Customers,512
14151,268,1,2419,2,1,4,At Risk (high value),214
14152,88,1,37,4,1,1,New Customers,411
14153,318,1,35,1,1,1,Hibernating,111
14154,119,1,96,4,1,3,New Customers,413
14155,37,1,46,5,1,2,New Customers,512
14156,245,1,2419,2,1,4,At Risk (high value),214
14157,352,1,37,1,1,1,Hibernating,111
14158,210,1,7,2,1,1,Hibernating,211
14159,147,1,72,3,1,2,Needs Attention,312
14160,127,1,72,4,1,2,New Customers,412
14161,228,1,47,2,1,2,Hibernating,212
14162,249,1,2438,2,1,4,At Risk (high value),214
14163,260,1,2384,2,1,4,At Risk (high value),214
14164,257,1,2433,2,1,4,At Risk (high value),214
14165,256,1,35,2,1,1,Hibernating,211
14166,44,1,92,5,1,3,New Customers,513
14167,126,1,135,4,1,3,New Customers,413
14168,70,1,72,5,1,2,New Customers,512
14169,159,1,39,3,1,1,Needs Attention,311
14170,252,1,2384,2,1,4,At Risk (high value),214
14171,103,1,33,4,1,1,New Customers,411
14172,278,1,37,2,1,1,Hibernating,211
14173,224,1,96,2,1,3,Hibernating,213
14174,225,1,37,2,1,1,Hibernating,211
14175,250,1,92,2,1,3,Hibernating,213
14176,260,1,2384,2,1,4,At Risk (high value),214
14177,127,1,37,4,1,1,New Customers,411
14178,4,1,37,5,1,1,New Customers,511
14179,24,1,37,5,1,1,New Customers,511
14180,126,1,72,4,1,2,New Customers,412
14181,253,1,2447,2,1,4,At Risk (high value),214
14182,331,1,33,1,1,1,Hibernating,111
14183,223,1,68,2,1,2,Hibernating,212
14184,229,1,83,2,1,2,Hibernating,212
14185,263,1,2438,2,1,4,At Risk (high value),214
14186,260,1,2453,2,1,4,At Risk (high value),214
14187,259,1,2462,2,1,4,At Risk (high value),214
14188,8,1,72,5,1,2,New Customers,512
14189,272,1,14,2,1,1,Hibernating,211
14190,28,1,153,5,1,3,New Customers,513
14191,138,1,37,3,1,1,Needs Attention,311
14192,254,1,2419,2,1,4,At Risk (high value),214
14193,262,1,2481,2,1,4,At Risk (high value),214
14194,240,1,2419,2,1,4,At Risk (high value),214
14195,211,1,33,2,1,1,Hibernating,211
14196,170,1,37,3,1,1,Needs Attention,311
14197,84,1,55,4,1,2,New Customers,412
14198,262,1,37,2,1,1,Hibernating,211
14199,314,1,1250,1,1,4,At Risk (high value),114
14200,322,1,1250,1,1,4,At Risk (high value),114
14201,35,1,101,5,1,3,New Customers,513
14202,100,1,96,4,1,3,New Customers,413
14203,75,1,37,4,1,1,New Customers,411
14204,322,1,1224,1,1,4,At Risk (high value),114
14205,317,1,1250,1,1,4,At Risk (high value),114
14206,90,1,32,4,1,1,New Customers,411
14207,303,1,25,1,1,1,Hibernating,111
14208,267,1,87,2,1,2,Hibernating,212
14209,253,1,27,2,1,1,Hibernating,211
14210,188,1,99,3,1,3,Needs Attention,313
14211,235,1,23,2,1,1,Hibernating,211
14212,100,1,79,4,1,2,New Customers,412
14213,75,1,27,4,1,1,New Customers,411
14214,209,2,2184,2,3,4,At Risk (high value),234
14215,190,2,2149,3,3,4,Potential Loyalists,334
14216,208,2,2155,2,3,4,At Risk (high value),234
14217,146,1,79,3,1,2,Needs Attention,312
14218,279,1,40,2,1,2,Hibernating,212
14219,202,2,2184,3,3,4,Potential Loyalists,334
14220,298,1,40,1,1,2,Hibernating,112
14221,325,1,23,1,1,1,Hibernating,111
14222,181,2,2143,3,3,4,Potential Loyalists,334
14223,157,2,2120,3,3,4,Potential Loyalists,334
14224,308,1,103,1,1,3,Hibernating,113
14225,302,1,7,1,1,1,Hibernating,111
14226,185,2,2129,3,3,4,Potential Loyalists,334
14227,193,2,2158,3,3,4,Potential Loyalists,334
14228,113,1,40,4,1,2,New Customers,412
14229,183,2,2120,3,3,4,Potential Loyalists,334
14230,197,2,2155,3,3,4,Potential Loyalists,334
14231,261,1,81,2,1,2,Hibernating,212
14232,202,2,2189,3,3,4,Potential Loyalists,334
14233,6,1,13,5,1,1,New Customers,511
14234,202,1,7,3,1,1,Needs Attention,311
14235,198,2,2174,3,3,4,Potential Loyalists,334
14236,157,2,2155,3,3,4,Potential Loyalists,334
14237,128,1,40,4,1,2,New Customers,412
14238,12,1,118,5,1,3,New Customers,513
14239,237,1,7,2,1,1,Hibernating,211
14240,124,1,7,4,1,1,New Customers,411
14241,168,2,2120,3,3,4,Potential Loyalists,334
14242,224,1,5,2,1,1,Hibernating,211
14243,175,2,2120,3,3,4,Potential Loyalists,334
14244,180,2,2155,3,3,4,Potential Loyalists,334
14245,332,1,22,1,1,1,Hibernating,111
14246,167,1,59,3,1,2,Needs Attention,312
14247,81,1,27,4,1,1,New Customers,411
14248,63,1,5,5,1,1,New Customers,511
14249,69,1,40,5,1,2,New Customers,512
14250,159,2,1868,3,3,4,Potential Loyalists,334
14251,154,2,1883,3,3,4,Potential Loyalists,334
14252,57,1,40,5,1,2,New Customers,512
14253,160,2,1892,3,3,4,Potential Loyalists,334
14254,316,1,74,1,1,2,Hibernating,112
14255,182,1,52,3,1,2,Needs Attention,312
14256,175,1,33,3,1,1,Needs Attention,311
14257,336,1,68,1,1,2,Hibernating,112
14258,207,1,147,2,1,3,Hibernating,213
14259,161,1,49,3,1,2,Needs Attention,312
14260,291,1,32,1,1,1,Hibernating,111
14261,151,1,35,3,1,1,Needs Attention,311
14262,310,1,72,1,1,2,Hibernating,112
14263,47,1,35,5,1,1,New Customers,511
14264,143,1,60,3,1,2,Needs Attention,312
14265,99,1,81,4,1,2,New Customers,412
14266,316,1,55,1,1,2,Hibernating,112
14267,208,1,58,2,1,2,Hibernating,212
14268,312,1,25,1,1,1,Hibernating,111
14269,130,1,60,4,1,2,New Customers,412
14270,141,1,23,3,1,1,Needs Attention,311
14271,163,2,1854,3,3,4,Potential Loyalists,334
14272,154,2,1854,3,3,4,Potential Loyalists,334
14273,177,2,1873,3,3,4,Potential Loyalists,334
14274,165,2,1897,3,3,4,Potential Loyalists,334
14275,119,1,72,4,1,2,New Customers,412
14276,167,1,35,3,1,1,Needs Attention,311
14277,173,1,39,3,1,1,Needs Attention,311
14278,106,1,96,4,1,3,New Customers,413
14279,119,1,37,4,1,1,New Customers,411
14280,37,1,33,5,1,1,New Customers,511
14281,37,1,39,5,1,1,New Customers,511
14282,309,1,1250,1,1,4,At Risk (high value),114
14283,21,1,33,5,1,1,New Customers,511
14284,191,1,39,3,1,1,Needs Attention,311
14285,242,1,2419,2,1,4,At Risk (high value),214
14286,229,1,2438,2,1,4,At Risk (high value),214
14287,233,1,2393,2,1,4,At Risk (high value),214
14288,246,2,2983,2,3,4,At Risk (high value),234
14289,256,2,2722,2,3,4,At Risk (high value),234
14290,219,1,2453,2,1,4,At Risk (high value),214
14291,217,1,2419,2,1,4,At Risk (high value),214
14292,40,1,39,5,1,1,New Customers,511
14293,260,1,159,2,1,3,Hibernating,213
14294,124,1,68,4,1,2,New Customers,412
14295,156,2,1882,3,3,4,Potential Loyalists,334
14296,15,1,40,5,1,2,New Customers,512
14297,9,1,25,5,1,1,New Customers,511
14298,65,1,23,5,1,1,New Customers,511
14299,146,1,5,3,1,1,Needs Attention,311
14300,298,1,5,1,1,1,Hibernating,111
14301,237,1,75,2,1,2,Hibernating,212
14302,99,1,1170,4,1,4,New Customers,414
14303,52,1,69,5,1,2,New Customers,512
14304,70,1,575,5,1,3,New Customers,513
14305,264,1,68,2,1,2,Hibernating,212
14306,291,1,1726,1,1,4,At Risk (high value),114
14307,258,1,1770,2,1,4,At Risk (high value),214
14308,219,1,1760,2,1,4,At Risk (high value),214
14309,116,1,1120,4,1,3,New Customers,413
14310,65,1,563,5,1,3,New Customers,513
14311,365,1,60,1,1,2,Hibernating,112
14312,136,1,1736,3,1,4,Needs Attention,314
14313,81,1,1198,4,1,4,New Customers,414
14314,188,1,4,3,1,1,Needs Attention,311
14315,309,1,7,1,1,1,Hibernating,111
14316,54,1,6,5,1,1,New Customers,511
14317,176,1,5,3,1,1,Needs Attention,311
14318,194,1,89,3,1,2,Needs Attention,312
14319,108,1,25,4,1,1,New Customers,411
14320,69,1,2420,5,1,4,New Customers,514
14321,69,1,2419,5,1,4,New Customers,514
14322,103,1,1736,4,1,4,New Customers,414
14323,230,1,7,2,1,1,Hibernating,211
14324,222,1,1715,2,1,4,At Risk (high value),214
14325,338,1,40,1,1,2,Hibernating,112
14326,250,1,6,2,1,1,Hibernating,211
14327,207,1,79,2,1,2,Hibernating,212
14328,222,1,5,2,1,1,Hibernating,211
14329,211,1,90,2,1,2,Hibernating,212
14330,322,1,101,1,1,3,Hibernating,113
14331,31,1,101,5,1,3,New Customers,513
14332,237,1,7,2,1,1,Hibernating,211
14333,244,1,40,2,1,2,Hibernating,212
14334,139,1,101,3,1,3,Needs Attention,313
14335,239,1,2398,2,1,4,At Risk (high value),214
14336,358,1,60,1,1,2,Hibernating,112
14337,278,1,25,2,1,1,Hibernating,211
14338,363,1,30,1,1,1,Hibernating,111
14339,273,1,27,2,1,1,Hibernating,211
14340,316,1,1224,1,1,4,At Risk (high value),114
14341,72,1,5,5,1,1,New Customers,511
14342,217,1,65,2,1,2,Hibernating,212
14343,270,1,25,2,1,1,Hibernating,211
14344,297,1,25,1,1,1,Hibernating,111
14345,103,1,801,4,1,3,New Customers,413
14346,142,1,25,3,1,1,Needs Attention,311
14347,18,1,115,5,1,3,New Customers,513
14348,290,1,60,1,1,2,Hibernating,112
14349,270,1,65,2,1,2,Hibernating,212
14350,185,1,5,3,1,1,Needs Attention,311
14351,139,1,32,3,1,1,Needs Attention,311
14352,299,1,49,1,1,2,Hibernating,112
14353,148,1,30,3,1,1,Needs Attention,311
14354,145,1,27,3,1,1,Needs Attention,311
14355,62,1,25,5,1,1,New Customers,511
14356,179,1,60,3,1,2,Needs Attention,312
14357,286,1,27,2,1,1,Hibernating,211
14358,113,1,147,4,1,3,New Customers,413
14359,196,1,27,3,1,1,Needs Attention,311
14360,252,1,25,2,1,1,Hibernating,211
14361,108,1,32,4,1,1,New Customers,411
14362,727,1,2443,1,1,4,At Risk (high value),114
14363,101,1,751,4,1,3,New Customers,413
14364,721,1,2443,1,1,4,At Risk (high value),114
14365,77,1,751,4,1,3,New Customers,413
14366,56,1,780,5,1,3,New Customers,513
14367,319,1,1244,1,1,4,At Risk (high value),114
14368,31,1,5,5,1,1,New Customers,511
14369,300,1,1284,1,1,4,At Risk (high value),114
14370,145,1,157,3,1,3,Needs Attention,313
14371,284,1,1264,2,1,4,At Risk (high value),214
14372,715,1,2182,1,1,4,At Risk (high value),114
14373,301,1,33,1,1,1,Hibernating,111
14374,128,1,72,4,1,2,New Customers,412
14375,214,1,72,2,1,2,Hibernating,212
14376,7,1,33,5,1,1,New Customers,511
14377,53,1,33,5,1,1,New Customers,511
14378,73,1,33,5,1,1,New Customers,511
14379,342,1,39,1,1,1,Hibernating,111
14380,275,1,1215,2,1,4,At Risk (high value),214
14381,287,1,1250,2,1,4,At Risk (high value),214
14382,292,1,1229,1,1,4,At Risk (high value),114
14383,305,1,1284,1,1,4,At Risk (high value),114
14384,294,1,1229,1,1,4,At Risk (high value),114
14385,305,1,1250,1,1,4,At Risk (high value),114
14386,302,1,1250,1,1,4,At Risk (high value),114
14387,260,1,1250,2,1,4,At Risk (high value),214
14388,259,1,1250,2,1,4,At Risk (high value),214
14389,252,1,1250,2,1,4,At Risk (high value),214
14390,258,1,1304,2,1,4,At Risk (high value),214
14391,269,1,1274,2,1,4,At Risk (high value),214
14392,245,1,1257,2,1,4,At Risk (high value),214
14393,233,1,1250,2,1,4,At Risk (high value),214
14394,705,1,2443,1,1,4,At Risk (high value),114
14395,243,1,1250,2,1,4,At Risk (high value),214
14396,240,1,1224,2,1,4,At Risk (high value),214
14397,215,1,2398,2,1,4,At Risk (high value),214
14398,219,1,2427,2,1,4,At Risk (high value),214
14399,239,1,2419,2,1,4,At Risk (high value),214
14400,239,1,2393,2,1,4,At Risk (high value),214
14401,226,1,2469,2,1,4,At Risk (high value),214
14402,221,1,2393,2,1,4,At Risk (high value),214
14403,229,1,1250,2,1,4,At Risk (high value),214
14404,241,1,1284,2,1,4,At Risk (high value),214
14405,242,1,2433,2,1,4,At Risk (high value),214
14406,227,1,2433,2,1,4,At Risk (high value),214
14407,238,1,2433,2,1,4,At Risk (high value),214
14408,234,1,2398,2,1,4,At Risk (high value),214
14409,246,2,2736,2,3,4,At Risk (high value),234
14410,225,1,2384,2,1,4,At Risk (high value),214
14411,234,1,2384,2,1,4,At Risk (high value),214
14412,234,1,1215,2,1,4,At Risk (high value),214
14413,221,1,1224,2,1,4,At Risk (high value),214
14414,217,1,1229,2,1,4,At Risk (high value),214
14415,237,1,2453,2,1,4,At Risk (high value),214
14416,232,1,2433,2,1,4,At Risk (high value),214
14417,194,1,40,3,1,2,Needs Attention,312
14418,217,1,1308,2,1,4,At Risk (high value),214
14419,243,1,1224,2,1,4,At Risk (high value),214
14420,219,1,1250,2,1,4,At Risk (high value),214
14421,193,1,1269,3,1,4,Needs Attention,314
14422,198,1,1250,3,1,4,Needs Attention,314
14423,221,1,72,2,1,2,Hibernating,212
14424,238,1,2478,2,1,4,At Risk (high value),214
14425,92,1,72,4,1,2,New Customers,412
14426,234,1,2438,2,1,4,At Risk (high value),214
14427,233,1,2419,2,1,4,At Risk (high value),214
14428,235,1,2393,2,1,4,At Risk (high value),214
14429,236,1,37,2,1,1,Hibernating,211
14430,224,1,2393,2,1,4,At Risk (high value),214
14431,215,1,2419,2,1,4,At Risk (high value),214
14432,87,1,72,4,1,2,New Customers,412
14433,197,1,1250,3,1,4,Needs Attention,314
14434,89,1,5,4,1,1,New Customers,411
14435,288,1,39,2,1,1,Hibernating,211
14436,344,1,37,1,1,1,Hibernating,111
14437,190,1,1244,3,1,4,Needs Attention,314
14438,36,1,14,5,1,1,New Customers,511
14439,105,1,96,4,1,3,New Customers,413
14440,362,1,72,1,1,2,Hibernating,112
14441,33,1,57,5,1,2,New Customers,512
14442,286,1,72,2,1,2,Hibernating,212
14443,120,1,1736,4,1,4,New Customers,414
14444,223,1,1751,2,1,4,At Risk (high value),214
14445,210,1,1755,2,1,4,At Risk (high value),214
14446,212,1,1736,2,1,4,At Risk (high value),214
14447,67,1,1151,5,1,3,New Customers,513
14448,91,1,1164,4,1,4,New Customers,414
14449,71,1,1174,5,1,4,New Customers,514
14450,92,1,609,4,1,3,New Customers,413
14451,75,1,567,4,1,3,New Customers,413
14452,64,1,575,5,1,3,New Customers,513
14453,75,1,2384,4,1,4,New Customers,414
14454,100,1,1170,4,1,4,New Customers,414
14455,113,1,1155,4,1,3,New Customers,413
14456,77,1,565,4,1,3,New Customers,413
14457,18,1,5,5,1,1,New Customers,511
14458,50,1,2420,5,1,4,New Customers,514
14459,39,1,2413,5,1,4,New Customers,514
14460,73,1,554,5,1,3,New Customers,513
14461,75,1,554,4,1,3,New Customers,413
14462,100,1,1776,4,1,4,New Customers,414
14463,204,1,1765,3,1,4,Needs Attention,314
14464,34,1,2384,5,1,4,New Customers,514
14465,41,1,2453,5,1,4,New Customers,514
14466,75,1,1155,4,1,3,New Customers,413
14467,230,1,5,2,1,1,Hibernating,211
14468,85,1,1151,4,1,3,New Customers,413
14469,71,1,549,5,1,3,New Customers,513
14470,284,1,40,2,1,2,Hibernating,212
14471,266,1,163,2,1,3,Hibernating,213
14472,72,1,40,5,1,2,New Customers,512
14473,177,1,27,3,1,1,Needs Attention,311
14474,248,1,5,2,1,1,Hibernating,211
14475,188,1,39,3,1,1,Needs Attention,311
14476,50,1,40,5,1,2,New Customers,512
14477,300,1,5,1,1,1,Hibernating,111
14478,222,1,4,2,1,1,Hibernating,211
14479,122,1,1736,4,1,4,New Customers,414
14480,104,1,1800,4,1,4,New Customers,414
14481,72,1,1120,5,1,3,New Customers,513
14482,205,1,2478,3,1,4,Needs Attention,314
14483,95,1,163,4,1,3,New Customers,413
14484,17,1,7,5,1,1,New Customers,511
14485,55,1,2469,5,1,4,New Customers,514
14486,322,1,1224,1,1,4,At Risk (high value),114
14487,79,1,549,4,1,3,New Customers,413
14488,145,1,31,3,1,1,Needs Attention,311
14489,84,1,1120,4,1,3,New Customers,413
14490,34,1,1147,5,1,3,New Customers,513
14491,191,1,7,3,1,1,Needs Attention,311
14492,195,1,7,3,1,1,Needs Attention,311
14493,190,1,1765,3,1,4,Needs Attention,314
14494,48,1,1243,5,1,4,New Customers,514
14495,197,1,40,3,1,2,Needs Attention,312
14496,225,1,40,2,1,2,Hibernating,212
14497,171,1,14,3,1,1,Needs Attention,311
14498,159,1,1701,3,1,4,Needs Attention,314
14499,167,1,1786,3,1,4,Needs Attention,314
14500,57,1,39,5,1,1,New Customers,511
14501,73,1,1170,5,1,4,New Customers,514
14502,48,1,1155,5,1,3,New Customers,513
14503,45,1,1174,5,1,4,New Customers,514
14504,206,1,49,3,1,2,Needs Attention,312
14505,80,1,578,4,1,3,New Customers,413
14506,136,1,39,3,1,1,Needs Attention,311
14507,78,1,1155,4,1,3,New Customers,413
14508,299,1,5,1,1,1,Hibernating,111
14509,87,1,540,4,1,3,New Customers,413
14510,93,1,21,4,1,1,New Customers,411
14511,74,1,1212,4,1,4,New Customers,414
14512,68,1,1134,5,1,3,New Customers,513
14513,320,1,39,1,1,1,Hibernating,111
14514,309,1,7,1,1,1,Hibernating,111
14515,228,1,7,2,1,1,Hibernating,211
14516,81,1,40,4,1,2,New Customers,412
14517,306,1,21,1,1,1,Hibernating,111
14518,111,1,40,4,1,2,New Customers,412
14519,155,1,40,3,1,2,Needs Attention,312
14520,86,1,40,4,1,2,New Customers,412
14521,224,1,114,2,1,3,Hibernating,213
14522,348,1,30,1,1,1,Hibernating,111
14523,89,1,629,4,1,3,New Customers,413
14524,165,1,39,3,1,1,Needs Attention,311
14525,298,1,25,1,1,1,Hibernating,111
14526,65,1,663,5,1,3,New Customers,513
14527,319,1,60,1,1,2,Hibernating,112
14528,125,1,7,4,1,1,New Customers,411
14529,78,1,565,4,1,3,New Customers,413
14530,339,1,21,1,1,1,Hibernating,111
14531,167,1,23,3,1,1,Needs Attention,311
14532,87,1,1188,4,1,4,New Customers,414
14533,326,1,1224,1,1,4,At Risk (high value),114
14534,184,1,27,3,1,1,Needs Attention,311
14535,168,1,5,3,1,1,Needs Attention,311
14536,149,1,40,3,1,2,Needs Attention,312
14537,15,1,21,5,1,1,New Customers,511
14538,99,1,39,4,1,1,New Customers,411
14539,309,1,1229,1,1,4,At Risk (high value),114
14540,261,1,1278,2,1,4,At Risk (high value),214
14541,230,1,1224,2,1,4,At Risk (high value),214
14542,209,1,21,2,1,1,Hibernating,211
14543,68,1,14,5,1,1,New Customers,511
14544,66,1,49,5,1,2,New Customers,512
14545,15,1,4,5,1,1,New Customers,511
14546,34,1,39,5,1,1,New Customers,511
14547,92,1,1179,4,1,4,New Customers,414
14548,353,1,4,1,1,1,Hibernating,111
14549,78,1,604,4,1,3,New Customers,413
14550,206,1,7,3,1,1,Needs Attention,311
14551,80,1,575,4,1,3,New Customers,413
14552,46,1,143,5,1,3,New Customers,513
14553,54,1,554,5,1,3,New Customers,513
14554,83,1,1120,4,1,3,New Customers,413
14555,277,1,7,2,1,1,Hibernating,211
14556,98,2,1277,4,3,4,Potential Loyalists,434
14557,115,2,1253,4,3,4,Potential Loyalists,434
14558,97,2,1262,4,3,4,Potential Loyalists,434
14559,120,2,1307,4,3,4,Potential Loyalists,434
14560,106,2,1253,4,3,4,Potential Loyalists,434
14561,103,2,1288,4,3,4,Potential Loyalists,434
14562,98,2,1288,4,3,4,Potential Loyalists,434
14563,95,2,1239,4,3,4,Potential Loyalists,434
14564,116,2,1239,4,3,4,Potential Loyalists,434
14565,94,2,1253,4,3,4,Potential Loyalists,434
14566,100,2,1239,4,3,4,Potential Loyalists,434
14567,105,2,1253,4,3,4,Potential Loyalists,434
14568,112,2,1239,4,3,4,Potential Loyalists,434
14569,105,2,1253,4,3,4,Potential Loyalists,434
14570,234,1,90,2,1,2,Hibernating,212
14571,28,1,29,5,1,1,New Customers,511
14572,43,1,589,5,1,3,New Customers,513
14573,65,1,1169,5,1,4,New Customers,514
14574,87,1,1155,4,1,3,New Customers,413
14575,217,1,1274,2,1,4,At Risk (high value),214
14576,57,1,540,5,1,3,New Customers,513
14577,78,1,1170,4,1,4,New Customers,414
14578,34,1,1155,5,1,4,New Customers,514
14579,47,1,1155,5,1,4,New Customers,514
14580,308,1,40,1,1,2,Hibernating,112
14581,223,1,40,2,1,2,Hibernating,212
14582,124,1,34,4,1,1,New Customers,411
14583,54,1,1164,5,1,4,New Customers,514
14584,47,1,584,5,1,3,New Customers,513
14585,48,1,1169,5,1,4,New Customers,514
14586,34,1,1188,5,1,4,New Customers,514
14587,216,1,1224,2,1,4,At Risk (high value),214
14588,36,1,540,5,1,3,New Customers,513
14589,244,1,1224,2,1,4,At Risk (high value),214
14590,41,1,540,5,1,3,New Customers,513
14591,48,1,584,5,1,3,New Customers,513
14592,35,1,549,5,1,3,New Customers,513
14593,270,1,39,2,1,1,Hibernating,211
14594,194,1,1265,3,1,4,Needs Attention,314
14595,183,1,1215,3,1,4,Needs Attention,314
14596,39,1,554,5,1,3,New Customers,513
14597,43,1,540,5,1,3,New Customers,513
14598,43,1,540,5,1,3,New Customers,513
14599,56,1,1151,5,1,3,New Customers,513
14600,49,1,1174,5,1,4,New Customers,514
14601,154,1,1269,3,1,4,Needs Attention,314
14602,59,1,584,5,1,3,New Customers,513
14603,169,1,1764,3,1,4,Needs Attention,314
14604,43,1,1169,5,1,4,New Customers,514
14605,43,1,1174,5,1,4,New Customers,514
14606,381,1,600,1,1,3,Hibernating,113
14607,173,1,1250,3,1,4,Needs Attention,314
14608,166,1,1253,3,1,4,Needs Attention,314
14609,372,1,540,1,1,3,Hibernating,113
14610,394,1,565,1,1,3,Hibernating,113
14611,35,1,575,5,1,3,New Customers,513
14612,385,1,564,1,1,3,Hibernating,113
14613,356,1,575,1,1,3,Hibernating,113
14614,159,1,1250,3,1,4,Needs Attention,314
14615,160,1,1229,3,1,4,Needs Attention,314
14616,347,1,575,1,1,3,Hibernating,113
14617,353,1,540,1,1,3,Hibernating,113
14618,161,1,1250,3,1,4,Needs Attention,314
14619,393,1,2398,1,1,4,At Risk (high value),114
14620,152,1,1274,3,1,4,Needs Attention,314
14621,294,1,40,1,1,2,Hibernating,112
14622,122,1,90,4,1,2,New Customers,412
14623,228,1,2398,2,1,4,At Risk (high value),214
14624,220,1,2398,2,1,4,At Risk (high value),214
14625,260,1,39,2,1,1,Hibernating,211
14626,394,1,2433,1,1,4,At Risk (high value),114
14627,356,1,549,1,1,3,Hibernating,113
14628,354,1,48,1,1,2,Hibernating,112
14629,301,1,6,1,1,1,Hibernating,111
14630,282,1,23,2,1,1,Hibernating,211
14631,302,1,40,1,1,2,Hibernating,112
14632,143,1,39,3,1,1,Needs Attention,311
14633,329,1,54,1,1,2,Hibernating,112
14634,196,1,110,3,1,3,Needs Attention,313
14635,122,1,1751,4,1,4,New Customers,414
14636,151,1,1755,3,1,4,Needs Attention,314
14637,50,1,1174,5,1,4,New Customers,514
14638,180,1,2511,3,1,4,Needs Attention,314
14639,305,1,40,1,1,2,Hibernating,112
14640,104,1,1229,4,1,4,New Customers,414
14641,346,1,2428,1,1,4,At Risk (high value),114
14642,395,1,561,1,1,3,Hibernating,113
14643,339,1,584,1,1,3,Hibernating,113
14644,245,1,40,2,1,2,Hibernating,212
14645,120,1,19,4,1,1,New Customers,411
14646,355,1,21,1,1,1,Hibernating,111
14647,346,1,540,1,1,3,Hibernating,113
14648,311,1,563,1,1,3,Hibernating,113
14649,215,1,5,2,1,1,Hibernating,211
14650,64,1,1265,5,1,4,New Customers,514
14651,128,1,60,4,1,2,New Customers,412
14652,131,1,1786,4,1,4,New Customers,414
14653,149,1,40,3,1,2,Needs Attention,312
14654,260,1,30,2,1,1,Hibernating,211
14655,12,1,40,5,1,2,New Customers,512
14656,314,1,571,1,1,3,Hibernating,113
14657,287,1,540,2,1,3,Hibernating,213
14658,283,1,609,2,1,3,Hibernating,213
14659,153,1,1736,3,1,4,Needs Attention,314
14660,287,1,567,2,1,3,Hibernating,213
14661,72,1,1736,5,1,4,New Customers,514
14662,80,1,1736,4,1,4,New Customers,414
14663,136,1,95,3,1,3,Needs Attention,313
14664,169,1,95,3,1,3,Needs Attention,313
14665,102,1,27,4,1,1,New Customers,411
14666,275,1,5,2,1,1,Hibernating,211
14667,240,1,40,2,1,2,Hibernating,212
14668,276,1,23,2,1,1,Hibernating,211
14669,160,1,89,3,1,2,Needs Attention,312
14670,302,1,39,1,1,1,Hibernating,111
14671,66,1,49,5,1,2,New Customers,512
14672,322,1,30,1,1,1,Hibernating,111
14673,348,1,7,1,1,1,Hibernating,111
14674,129,1,7,4,1,1,New Customers,411
14675,328,1,2419,1,1,4,At Risk (high value),114
14676,348,1,549,1,1,3,Hibernating,113
14677,261,1,67,2,1,2,Hibernating,212
14678,222,1,60,2,1,2,Hibernating,212
14679,10,1,60,5,1,2,New Customers,512
14680,145,1,40,3,1,2,Needs Attention,312
14681,228,1,27,2,1,1,Hibernating,211
14682,335,1,2398,1,1,4,At Risk (high value),114
14683,247,1,39,2,1,1,Hibernating,211
14684,75,1,1251,4,1,4,New Customers,414
14685,111,1,23,4,1,1,New Customers,411
14686,182,1,21,3,1,1,Needs Attention,311
14687,315,1,6,1,1,1,Hibernating,111
14688,54,1,13,5,1,1,New Customers,511
14689,153,1,69,3,1,2,Needs Attention,312
14690,203,1,6,3,1,1,Needs Attention,311
14691,268,1,39,2,1,1,Hibernating,211
14692,333,1,27,1,1,1,Hibernating,111
14693,326,1,67,1,1,2,Hibernating,112
14694,47,1,1237,5,1,4,New Customers,514
14695,59,1,1224,5,1,4,New Customers,514
14696,237,1,34,2,1,1,Hibernating,211
14697,123,1,43,4,1,2,New Customers,412
14698,359,1,69,1,1,2,Hibernating,112
14699,146,1,69,3,1,2,Needs Attention,312
14700,237,1,48,2,1,2,Hibernating,212
14701,46,1,1269,5,1,4,New Customers,514
14702,352,1,600,1,1,3,Hibernating,113
14703,306,1,2419,1,1,4,At Risk (high value),114
14704,337,1,608,1,1,3,Hibernating,113
14705,119,2,1239,4,3,4,Potential Loyalists,434
14706,64,2,1274,5,3,4,Potential Loyalists,534
14707,87,2,1239,4,3,4,Potential Loyalists,434
14708,92,2,1262,4,3,4,Potential Loyalists,434
14709,64,2,1253,5,3,4,Potential Loyalists,534
14710,69,2,1308,5,3,4,Potential Loyalists,534
14711,62,2,1239,5,3,4,Potential Loyalists,534
14712,63,2,1274,5,3,4,Potential Loyalists,534
14713,62,2,1262,5,3,4,Potential Loyalists,534
14714,82,2,1288,4,3,4,Potential Loyalists,434
14715,63,2,1308,5,3,4,Potential Loyalists,534
14716,64,2,1274,5,3,4,Potential Loyalists,534
14717,73,2,1303,5,3,4,Potential Loyalists,534
14718,88,2,1274,4,3,4,Potential Loyalists,434
14719,79,2,1274,4,3,4,Potential Loyalists,434
14720,350,1,60,1,1,2,Hibernating,112
14721,303,1,2433,1,1,4,At Risk (high value),114
14722,312,1,584,1,1,3,Hibernating,113
14723,385,1,777,1,1,3,Hibernating,113
14724,388,1,777,1,1,3,Hibernating,113
14725,297,1,2442,1,1,4,At Risk (high value),114
14726,299,1,2419,1,1,4,At Risk (high value),114
14727,330,1,663,1,1,3,Hibernating,113
14728,315,1,540,1,1,3,Hibernating,113
14729,327,1,575,1,1,3,Hibernating,113
14730,254,1,2433,2,1,4,At Risk (high value),214
14731,269,1,2469,2,1,4,At Risk (high value),214
14732,310,1,549,1,1,3,Hibernating,113
14733,328,1,639,1,1,3,Hibernating,113
14734,182,1,77,3,1,2,Needs Attention,312
14735,220,1,2384,2,1,4,At Risk (high value),214
14736,241,1,2407,2,1,4,At Risk (high value),214
14737,239,1,2453,2,1,4,At Risk (high value),214
14738,141,1,1765,3,1,4,Needs Attention,314
14739,219,1,2398,2,1,4,At Risk (high value),214
14740,316,1,540,1,1,3,Hibernating,113
14741,228,1,54,2,1,2,Hibernating,212
14742,331,1,567,1,1,3,Hibernating,113
14743,184,1,2462,3,1,4,Needs Attention,314
14744,351,1,786,1,1,3,Hibernating,113
14745,186,1,2428,3,1,4,Needs Attention,314
14746,185,1,2473,3,1,4,Needs Attention,314
14747,310,1,561,1,1,3,Hibernating,113
14748,321,1,540,1,1,3,Hibernating,113
14749,323,1,540,1,1,3,Hibernating,113
14750,363,1,742,1,1,3,Hibernating,113
14751,249,1,554,2,1,3,Hibernating,213
14752,111,1,1760,4,1,4,New Customers,414
14753,359,1,756,1,1,3,Hibernating,113
14754,80,1,4,4,1,1,New Customers,411
14755,144,1,23,3,1,1,Needs Attention,311
14756,153,1,6,3,1,1,Needs Attention,311
14757,192,1,2493,3,1,4,Needs Attention,314
14758,298,1,629,1,1,3,Hibernating,113
14759,202,1,2428,3,1,4,Needs Attention,314
14760,341,1,742,1,1,3,Hibernating,113
14761,301,1,567,1,1,3,Hibernating,113
14762,302,1,563,1,1,3,Hibernating,113
14763,147,1,2517,3,1,4,Needs Attention,314
14764,10,1,39,5,1,1,New Customers,511
14765,229,1,72,2,1,2,Hibernating,212
14766,236,1,2438,2,1,4,At Risk (high value),214
14767,71,1,33,5,1,1,New Customers,511
14768,225,1,2453,2,1,4,At Risk (high value),214
14769,286,1,75,2,1,2,Hibernating,212
14770,372,1,2515,1,1,4,At Risk (high value),114
14771,36,1,2295,5,1,4,New Customers,514
14772,108,1,25,4,1,1,New Customers,411
14773,177,1,75,3,1,2,Needs Attention,312
14774,160,1,60,3,1,2,Needs Attention,312
14775,147,1,2537,3,1,4,Needs Attention,314
14776,127,1,2451,4,1,4,New Customers,414
14777,104,1,2514,4,1,4,New Customers,414
14778,55,1,2310,5,1,4,New Customers,514
14779,93,1,2443,4,1,4,New Customers,414
14780,391,1,2480,1,1,4,At Risk (high value),114
14781,372,1,2480,1,1,4,At Risk (high value),114
14782,187,1,40,3,1,2,Needs Attention,312
14783,246,1,59,2,1,2,Hibernating,212
14784,336,1,5,1,1,1,Hibernating,111
14785,147,1,5,3,1,1,Needs Attention,311
14786,17,1,5,5,1,1,New Customers,511
14787,43,1,2330,5,1,4,New Customers,514
14788,205,1,27,3,1,1,Needs Attention,311
14789,346,1,60,1,1,2,Hibernating,112
14790,50,1,25,5,1,1,New Customers,511
14791,24,1,69,5,1,2,New Customers,512
14792,63,1,60,5,1,2,New Customers,512
14793,51,1,75,5,1,2,New Customers,512
14794,394,1,2480,1,1,4,At Risk (high value),114
14795,87,1,23,4,1,1,New Customers,411
14796,386,1,2482,1,1,4,At Risk (high value),114
14797,115,1,2476,4,1,4,New Customers,414
14798,111,1,21,4,1,1,New Customers,411
14799,109,1,2452,4,1,4,New Customers,414
14800,364,1,14,1,1,1,Hibernating,111
14801,261,1,40,2,1,2,Hibernating,212
14802,363,1,5,1,1,1,Hibernating,111
14803,3,1,60,5,1,2,New Customers,512
14804,352,1,30,1,1,1,Hibernating,111
14805,330,1,5,1,1,1,Hibernating,111
14806,65,1,2501,5,1,4,New Customers,514
14807,151,1,23,3,1,1,Needs Attention,311
14808,31,1,89,5,1,2,New Customers,512
14809,132,1,78,4,1,2,New Customers,412
14810,155,1,21,3,1,1,Needs Attention,311
14811,231,1,114,2,1,3,Hibernating,213
14812,365,1,86,1,1,2,Hibernating,112
14813,60,1,114,5,1,3,New Customers,513
14814,310,1,27,1,1,1,Hibernating,111
14815,150,1,62,3,1,2,Needs Attention,312
14816,349,1,40,1,1,2,Hibernating,112
14817,183,1,7,3,1,1,Needs Attention,311
14818,3,1,7,5,1,1,New Customers,511
14819,281,1,36,2,1,1,Hibernating,211
14820,169,2,1873,3,3,4,Potential Loyalists,334
14821,352,1,49,1,1,2,Hibernating,112
14822,158,2,1878,3,3,4,Potential Loyalists,334
14823,167,2,1819,3,3,4,Potential Loyalists,334
14824,170,2,1887,3,3,4,Potential Loyalists,334
14825,119,1,40,4,1,2,New Customers,412
14826,186,1,5,3,1,1,Needs Attention,311
14827,135,2,1854,3,3,4,Potential Loyalists,334
14828,128,2,1873,4,3,4,Potential Loyalists,434
14829,123,2,1873,4,3,4,Potential Loyalists,434
14830,152,2,1893,3,3,4,Potential Loyalists,334
14831,130,2,1833,4,3,4,Potential Loyalists,434
14832,138,2,1882,3,3,4,Potential Loyalists,334
14833,125,2,1850,4,3,4,Potential Loyalists,434
14834,125,1,37,4,1,1,New Customers,411
14835,129,1,27,4,1,1,New Customers,411
14836,347,1,27,1,1,1,Hibernating,111
14837,112,1,35,4,1,1,New Customers,411
14838,236,1,25,2,1,1,Hibernating,211
14839,30,1,65,5,1,2,New Customers,512
14840,358,1,108,1,1,3,Hibernating,113
14841,199,1,1250,3,1,4,Needs Attention,314
14842,155,1,65,3,1,2,Needs Attention,312
14843,273,1,27,2,1,1,Hibernating,211
14844,220,1,27,2,1,1,Hibernating,211
14845,355,1,25,1,1,1,Hibernating,111
14846,36,1,14,5,1,1,New Customers,511
14847,135,1,65,3,1,2,Needs Attention,312
14848,129,1,25,4,1,1,New Customers,411
14849,296,1,27,1,1,1,Hibernating,111
14850,357,1,35,1,1,1,Hibernating,111
14851,249,1,64,2,1,2,Hibernating,212
14852,56,1,25,5,1,1,New Customers,511
14853,249,1,30,2,1,1,Hibernating,211
14854,35,1,27,5,1,1,New Customers,511
14855,241,1,27,2,1,1,Hibernating,211
14856,338,1,40,1,1,2,Hibernating,112
14857,44,1,750,5,1,3,New Customers,513
14858,1106,1,3400,1,1,5,At Risk (high value),115
14859,2,1,32,5,1,1,New Customers,511
14860,229,1,65,2,1,2,Hibernating,212
14861,125,1,27,4,1,1,New Customers,411
14862,1119,1,3400,1,1,5,At Risk (high value),115
14863,157,1,65,3,1,2,Needs Attention,312
14864,187,2,4631,3,3,5,Potential Loyalists,335
14865,720,1,2443,1,1,4,At Risk (high value),114
14866,205,2,4644,3,3,5,Potential Loyalists,335
14867,176,2,4604,3,3,5,Potential Loyalists,335
14868,214,2,5784,2,3,5,At Risk (high value),235
14869,238,2,5798,2,3,5,At Risk (high value),235
14870,163,1,80,3,1,2,Needs Attention,312
14871,239,1,38,2,1,1,Hibernating,211
14872,145,1,65,3,1,2,Needs Attention,312
14873,219,2,5819,2,3,5,At Risk (high value),235
14874,87,1,40,4,1,2,New Customers,412
14875,85,1,35,4,1,1,New Customers,411
14876,713,1,2443,1,1,4,At Risk (high value),114
14877,164,2,4629,3,3,5,Potential Loyalists,335
14878,5,1,80,5,1,2,New Customers,512
14879,165,2,4650,3,3,5,Potential Loyalists,335
14880,165,2,4659,3,3,5,Potential Loyalists,335
14881,128,1,32,4,1,1,New Customers,411
14882,25,1,25,5,1,1,New Customers,511
14883,245,1,65,2,1,2,Hibernating,212
14884,715,1,2443,1,1,4,At Risk (high value),114
14885,233,1,40,2,1,2,Hibernating,212
14886,158,1,60,3,1,2,Needs Attention,312
14887,166,2,4673,3,3,5,Potential Loyalists,335
14888,162,2,4673,3,3,5,Potential Loyalists,335
14889,182,2,4624,3,3,5,Potential Loyalists,335
14890,164,2,4651,3,3,5,Potential Loyalists,335
14891,348,1,25,1,1,1,Hibernating,111
14892,231,2,5759,2,3,5,At Risk (high value),235
14893,717,1,2443,1,1,4,At Risk (high value),114
14894,278,1,25,2,1,1,Hibernating,211
14895,187,1,49,3,1,2,Needs Attention,312
14896,173,2,4650,3,3,5,Potential Loyalists,335
14897,218,1,122,2,1,3,Hibernating,213
14898,110,1,33,4,1,1,New Customers,411
14899,206,1,39,3,1,1,Needs Attention,311
14900,324,1,72,1,1,2,Hibernating,112
14901,256,1,42,2,1,2,Hibernating,212
14902,238,2,5793,2,3,5,At Risk (high value),235
14903,341,1,65,1,1,2,Hibernating,112
14904,238,2,5773,2,3,5,At Risk (high value),235
14905,58,1,89,5,1,2,New Customers,512
14906,146,2,4599,3,3,5,Potential Loyalists,335
14907,77,1,6,4,1,1,New Customers,411
14908,15,1,6,5,1,1,New Customers,511
14909,3,1,27,5,1,1,New Customers,511
14910,142,2,4659,3,3,5,Potential Loyalists,335
14911,144,2,4624,3,3,5,Potential Loyalists,335
14912,671,1,2182,1,1,4,At Risk (high value),114
14913,216,1,63,2,1,2,Hibernating,212
14914,76,1,6,4,1,1,New Customers,411
14915,155,1,38,3,1,1,Needs Attention,311
14916,94,1,43,4,1,2,New Customers,412
14917,135,2,4650,3,3,5,Potential Loyalists,335
14918,133,2,4700,4,3,5,Potential Loyalists,435
14919,85,2,1260,4,3,4,Potential Loyalists,434
14920,62,2,1248,5,3,4,Potential Loyalists,534
14921,180,2,1819,3,3,4,Potential Loyalists,334
14922,90,2,1253,4,3,4,Potential Loyalists,434
14923,77,2,1274,4,3,4,Potential Loyalists,434
14924,361,1,6,1,1,1,Hibernating,111
14925,189,2,5819,3,3,5,Potential Loyalists,335
14926,275,1,14,2,1,1,Hibernating,211
14927,73,2,1308,5,3,4,Potential Loyalists,534
14928,75,2,1272,4,3,4,Potential Loyalists,434
14929,86,2,1316,4,3,4,Potential Loyalists,434
14930,294,1,27,1,1,1,Hibernating,111
14931,238,1,30,2,1,1,Hibernating,211
14932,189,1,27,3,1,1,Needs Attention,311
14933,8,1,49,5,1,2,New Customers,512
14934,154,1,49,3,1,2,Needs Attention,312
14935,30,1,65,5,1,2,New Customers,512
14936,62,2,1256,5,3,4,Potential Loyalists,534
14937,64,2,1248,5,3,4,Potential Loyalists,534
14938,84,2,1299,4,3,4,Potential Loyalists,434
14939,88,2,1308,4,3,4,Potential Loyalists,434
14940,83,2,1264,4,3,4,Potential Loyalists,434
14941,68,2,1277,5,3,4,Potential Loyalists,534
14942,65,2,1255,5,3,4,Potential Loyalists,534
14943,132,2,4599,4,3,5,Potential Loyalists,435
14944,201,2,5808,3,3,5,Potential Loyalists,335
14945,85,2,1274,4,3,4,Potential Loyalists,434
14946,88,2,1248,4,3,4,Potential Loyalists,434
14947,177,2,1873,3,3,4,Potential Loyalists,334
14948,166,2,1854,3,3,4,Potential Loyalists,334
14949,168,2,1819,3,3,4,Potential Loyalists,334
14950,128,2,1882,4,3,4,Potential Loyalists,434
14951,42,1,54,5,1,2,New Customers,512
14952,124,2,4703,4,3,5,Potential Loyalists,435
14953,141,2,4599,3,3,5,Potential Loyalists,335
14954,307,1,60,1,1,2,Hibernating,112
14955,247,1,27,2,1,1,Hibernating,211
14956,145,2,4644,3,3,5,Potential Loyalists,335
14957,186,1,25,3,1,1,Needs Attention,311
14958,229,1,89,2,1,2,Hibernating,212
14959,150,2,1903,3,3,4,Potential Loyalists,334
14960,296,1,27,1,1,1,Hibernating,111
14961,125,2,1957,4,3,4,Potential Loyalists,434
14962,141,2,1938,3,3,4,Potential Loyalists,334
14963,206,2,5819,3,3,5,Potential Loyalists,335
14964,26,1,25,5,1,1,New Customers,511
14965,134,2,4650,3,3,5,Potential Loyalists,335
14966,260,1,32,2,1,1,Hibernating,211
14967,206,1,27,3,1,1,Needs Attention,311
14968,212,1,30,2,1,1,Hibernating,211
14969,72,1,25,5,1,1,New Customers,511
14970,106,2,4650,4,3,5,Potential Loyalists,435
14971,97,2,4604,4,3,5,Potential Loyalists,435
14972,258,2,2749,2,3,4,At Risk (high value),234
14973,192,2,5781,3,3,5,Potential Loyalists,335
14974,204,2,5793,3,3,5,Potential Loyalists,335
14975,193,2,5819,3,3,5,Potential Loyalists,335
14976,197,2,5807,3,3,5,Potential Loyalists,335
14977,189,2,5759,3,3,5,Potential Loyalists,335
14978,117,2,4625,4,3,5,Potential Loyalists,435
14979,192,2,5813,3,3,5,Potential Loyalists,335
14980,201,2,5784,3,3,5,Potential Loyalists,335
14981,204,2,5819,3,3,5,Potential Loyalists,335
14982,229,2,3018,2,3,4,At Risk (high value),234
14983,194,2,5819,3,3,5,Potential Loyalists,335
14984,171,1,30,3,1,1,Needs Attention,311
14985,121,2,4625,4,3,5,Potential Loyalists,435
14986,97,2,4659,4,3,5,Potential Loyalists,435
14987,117,2,4625,4,3,5,Potential Loyalists,435
14988,97,2,4640,4,3,5,Potential Loyalists,435
14989,160,1,40,3,1,2,Needs Attention,312
14990,243,2,2745,2,3,4,At Risk (high value),234
14991,202,2,5847,3,3,5,Potential Loyalists,335
14992,236,2,2846,2,3,4,At Risk (high value),234
14993,231,2,2722,2,3,4,At Risk (high value),234
14994,118,2,4648,4,3,5,Potential Loyalists,435
14995,115,2,4626,4,3,5,Potential Loyalists,435
14996,582,1,2443,1,1,4,At Risk (high value),114
14997,93,2,4599,4,3,5,Potential Loyalists,435
14998,95,2,4624,4,3,5,Potential Loyalists,435
14999,88,2,4650,4,3,5,Potential Loyalists,435
15000,583,1,2182,1,1,4,At Risk (high value),114
15001,242,1,32,2,1,1,Hibernating,211
15002,83,2,4673,4,3,5,Potential Loyalists,435
15003,87,2,4699,4,3,5,Potential Loyalists,435
15004,86,2,4648,4,3,5,Potential Loyalists,435
15005,87,2,4699,4,3,5,Potential Loyalists,435
15006,62,2,4624,5,3,5,Potential Loyalists,535
15007,65,1,25,5,1,1,New Customers,511
15008,236,1,25,2,1,1,Hibernating,211
15009,9,1,49,5,1,2,New Customers,512
15010,32,1,40,5,1,2,New Customers,512
15011,333,1,25,1,1,1,Hibernating,111
15012,184,2,5768,3,3,5,Potential Loyalists,335
15013,208,2,5794,2,3,5,At Risk (high value),235
15014,561,1,2443,1,1,4,At Risk (high value),114
15015,78,2,4714,4,3,5,Potential Loyalists,435
15016,92,2,4615,4,3,5,Potential Loyalists,435
15017,79,2,4683,4,3,5,Potential Loyalists,435
15018,360,1,89,1,1,2,Hibernating,112
15019,207,2,5869,2,3,5,At Risk (high value),235
15020,144,2,1957,3,3,4,Potential Loyalists,334
15021,105,2,1932,4,3,4,Potential Loyalists,434
15022,101,2,1917,4,3,4,Potential Loyalists,434
15023,119,2,1938,4,3,4,Potential Loyalists,434
15024,125,2,1917,4,3,4,Potential Loyalists,434
15025,115,2,1952,4,3,4,Potential Loyalists,434
15026,99,2,1917,4,3,4,Potential Loyalists,434
15027,328,1,5,1,1,1,Hibernating,111
15028,93,2,1938,4,3,4,Potential Loyalists,434
15029,98,2,1938,4,3,4,Potential Loyalists,434
15030,100,2,1930,4,3,4,Potential Loyalists,434
15031,228,1,21,2,1,1,Hibernating,211
15032,4,1,23,5,1,1,New Customers,511
15033,358,1,7,1,1,1,Hibernating,111
15034,121,2,1903,4,3,4,Potential Loyalists,434
15035,154,1,21,3,1,1,Needs Attention,311
15036,194,1,89,3,1,2,Needs Attention,312
15037,86,1,89,4,1,2,New Customers,412
15038,342,1,39,1,1,1,Hibernating,111
15039,153,1,2503,3,1,4,Needs Attention,314
15040,85,1,27,4,1,1,New Customers,411
15041,205,2,3018,3,3,4,Potential Loyalists,334
15042,195,2,5861,3,3,5,Potential Loyalists,335
15043,184,2,5759,3,3,5,Potential Loyalists,335
15044,92,1,191,4,1,3,New Customers,413
15045,284,1,87,2,1,2,Hibernating,212
15046,122,1,27,4,1,1,New Customers,411
15047,117,1,291,4,1,3,New Customers,413
15048,254,1,65,2,1,2,Hibernating,212
15049,188,1,191,3,1,3,Needs Attention,313
15050,576,1,2182,1,1,4,At Risk (high value),114
15051,73,2,4625,5,3,5,Potential Loyalists,535
15052,35,1,5,5,1,1,New Customers,511
15053,255,1,25,2,1,1,Hibernating,211
15054,316,1,27,1,1,1,Hibernating,111
15055,304,1,25,1,1,1,Hibernating,111
15056,205,2,5784,3,3,5,Potential Loyalists,335
15057,203,2,5838,3,3,5,Potential Loyalists,335
15058,190,2,5927,3,3,5,Potential Loyalists,335
15059,198,2,5838,3,3,5,Potential Loyalists,335
15060,260,1,119,2,1,3,Hibernating,213
15061,202,2,5794,3,3,5,Potential Loyalists,335
15062,204,2,5838,3,3,5,Potential Loyalists,335
15063,256,1,49,2,1,2,Hibernating,212
15064,92,1,30,4,1,1,New Customers,411
15065,215,1,49,2,1,2,Hibernating,212
15066,104,1,49,4,1,2,New Customers,412
15067,195,2,5832,3,3,5,Potential Loyalists,335
15068,72,1,65,5,1,2,New Customers,512
15069,86,1,25,4,1,1,New Customers,411
15070,330,1,51,1,1,2,Hibernating,112
15071,186,2,5768,3,3,5,Potential Loyalists,335
15072,282,1,89,2,1,2,Hibernating,212
15073,52,1,25,5,1,1,New Customers,511
15074,63,1,60,5,1,2,New Customers,512
15075,157,1,7,3,1,1,Needs Attention,311
15076,204,2,5768,3,3,5,Potential Loyalists,335
15077,222,1,77,2,1,2,Hibernating,212
15078,66,1,7,5,1,1,New Customers,511
15079,339,1,65,1,1,2,Hibernating,112
15080,199,1,65,3,1,2,Needs Attention,312
15081,234,1,25,2,1,1,Hibernating,211
15082,323,1,65,1,1,2,Hibernating,112
15083,166,2,5768,3,3,5,Potential Loyalists,335
15084,155,2,5794,3,3,5,Potential Loyalists,335
15085,168,2,5768,3,3,5,Potential Loyalists,335
15086,226,1,64,2,1,2,Hibernating,212
15087,100,1,150,4,1,3,New Customers,413
15088,110,1,65,4,1,2,New Customers,412
15089,138,1,49,3,1,2,Needs Attention,312
15090,161,2,5798,3,3,5,Potential Loyalists,335
15091,159,2,5819,3,3,5,Potential Loyalists,335
15092,182,2,5828,3,3,5,Potential Loyalists,335
15093,45,1,65,5,1,2,New Customers,512
15094,70,2,4658,5,3,5,Potential Loyalists,535
15095,88,2,4648,4,3,5,Potential Loyalists,435
15096,170,1,15,3,1,1,Needs Attention,311
15097,168,2,5843,3,3,5,Potential Loyalists,335
15098,160,2,5773,3,3,5,Potential Loyalists,335
15099,172,2,5793,3,3,5,Potential Loyalists,335
15100,258,1,40,2,1,2,Hibernating,212
15101,14,1,7,5,1,1,New Customers,511
15102,205,1,25,3,1,1,Needs Attention,311
15103,304,1,147,1,1,3,Hibernating,113
15104,22,1,32,5,1,1,New Customers,511
15105,161,1,115,3,1,3,Needs Attention,313
15106,231,1,40,2,1,2,Hibernating,212
15107,179,2,5768,3,3,5,Potential Loyalists,335
15108,162,2,5800,3,3,5,Potential Loyalists,335
15109,24,1,32,5,1,1,New Customers,511
15110,99,1,65,4,1,2,New Customers,412
15111,173,2,5759,3,3,5,Potential Loyalists,335
15112,160,2,5794,3,3,5,Potential Loyalists,335
15113,170,2,5794,3,3,5,Potential Loyalists,335
15114,193,2,2731,3,3,4,Potential Loyalists,334
15115,176,2,5853,3,3,5,Potential Loyalists,335
15116,196,2,3052,3,3,4,Potential Loyalists,334
15117,156,2,5794,3,3,5,Potential Loyalists,335
15118,251,1,32,2,1,1,Hibernating,211
15119,225,1,35,2,1,1,Hibernating,211
15120,45,1,65,5,1,2,New Customers,512
15121,62,2,3335,5,3,5,Potential Loyalists,535
15122,68,2,3300,5,3,5,Potential Loyalists,535
15123,41,1,65,5,1,2,New Customers,512
15124,353,1,65,1,1,2,Hibernating,112
15125,232,1,65,2,1,2,Hibernating,212
15126,240,1,30,2,1,1,Hibernating,211
15127,49,1,29,5,1,1,New Customers,511
15128,754,1,2049,1,1,4,At Risk (high value),114
15129,206,1,69,3,1,2,Needs Attention,312
15130,44,1,21,5,1,1,New Customers,511
15131,312,1,21,1,1,1,Hibernating,111
15132,142,2,1952,3,3,4,Potential Loyalists,334
15133,363,1,40,1,1,2,Hibernating,112
15134,101,2,1938,4,3,4,Potential Loyalists,434
15135,105,2,1926,4,3,4,Potential Loyalists,434
15136,122,2,1967,4,3,4,Potential Loyalists,434
15137,172,1,40,3,1,2,Needs Attention,312
15138,145,1,70,3,1,2,Needs Attention,312
15139,98,2,1957,4,3,4,Potential Loyalists,434
15140,333,1,34,1,1,1,Hibernating,111
15141,103,2,1917,4,3,4,Potential Loyalists,434
15142,356,1,79,1,1,2,Hibernating,112
15143,139,2,1952,3,3,4,Potential Loyalists,334
15144,209,1,124,2,1,3,Hibernating,213
15145,269,1,27,2,1,1,Hibernating,211
15146,206,1,79,3,1,2,Needs Attention,312
15147,48,1,70,5,1,2,New Customers,512
15148,38,1,79,5,1,2,New Customers,512
15149,79,2,1917,4,3,4,Potential Loyalists,434
15150,117,1,79,4,1,2,New Customers,412
15151,62,2,1992,5,3,4,Potential Loyalists,534
15152,218,1,70,2,1,2,Hibernating,212
15153,83,2,1938,4,3,4,Potential Loyalists,434
15154,150,2,1957,3,3,4,Potential Loyalists,334
15155,130,2,1938,4,3,4,Potential Loyalists,434
15156,126,1,129,4,1,3,New Customers,413
15157,165,1,79,3,1,2,Needs Attention,312
15158,124,1,70,4,1,2,New Customers,412
15159,272,1,94,2,1,3,Hibernating,213
15160,137,1,70,3,1,2,Needs Attention,312
15161,70,2,1938,5,3,4,Potential Loyalists,534
15162,147,2,1903,3,3,4,Potential Loyalists,334
15163,153,2,1903,3,3,4,Potential Loyalists,334
15164,311,1,124,1,1,3,Hibernating,113
15165,208,1,70,2,1,2,Hibernating,212
15166,90,2,1957,4,3,4,Potential Loyalists,434
15167,36,1,129,5,1,3,New Customers,513
15168,153,2,1903,3,3,4,Potential Loyalists,334
15169,72,1,31,5,1,1,New Customers,511
15170,71,1,36,5,1,1,New Customers,511
15171,24,1,29,5,1,1,New Customers,511
15172,238,1,27,2,1,1,Hibernating,211
15173,5,1,27,5,1,1,New Customers,511
15174,274,1,5,2,1,1,Hibernating,211
15175,752,1,2071,1,1,4,At Risk (high value),114
15176,318,1,89,1,1,2,Hibernating,112
15177,119,1,5,4,1,1,New Customers,411
15178,144,1,29,3,1,1,Needs Attention,311
15179,109,1,102,4,1,3,New Customers,413
15180,309,1,39,1,1,1,Hibernating,111
15181,137,1,5,3,1,1,Needs Attention,311
15182,293,1,32,1,1,1,Hibernating,111
15183,90,1,6,4,1,1,New Customers,411
15184,736,1,2071,1,1,4,At Risk (high value),114
15185,297,1,36,1,1,1,Hibernating,111
15186,241,1,68,2,1,2,Hibernating,212
15187,70,1,39,5,1,1,New Customers,511
15188,131,2,1932,4,3,4,Potential Loyalists,434
15189,132,2,1938,4,3,4,Potential Loyalists,434
15190,120,2,1926,4,3,4,Potential Loyalists,434
15191,106,2,1932,4,3,4,Potential Loyalists,434
15192,107,2,1938,4,3,4,Potential Loyalists,434
15193,99,2,1903,4,3,4,Potential Loyalists,434
15194,27,1,35,5,1,1,New Customers,511
15195,54,1,67,5,1,2,New Customers,512
15196,361,1,27,1,1,1,Hibernating,111
15197,160,1,30,3,1,1,Needs Attention,311
15198,19,1,65,5,1,2,New Customers,512
15199,149,1,27,3,1,1,Needs Attention,311
15200,363,1,25,1,1,1,Hibernating,111
15201,209,2,2757,2,3,4,At Risk (high value),234
15202,175,2,4498,3,3,5,Potential Loyalists,335
15203,204,2,2749,3,3,4,Potential Loyalists,334
15204,100,1,189,4,1,3,New Customers,413
15205,71,2,1967,5,3,4,Potential Loyalists,534
15206,61,1,2451,5,1,4,New Customers,514
15207,37,1,2478,5,1,4,New Customers,514
15208,37,1,2443,5,1,4,New Customers,514
15209,218,1,49,2,1,2,Hibernating,212
15210,142,1,2384,3,1,4,Needs Attention,314
15211,302,1,554,1,1,3,Hibernating,113
15212,294,1,565,1,1,3,Hibernating,113
15213,116,1,23,4,1,1,New Customers,411
15214,77,1,63,4,1,2,New Customers,412
15215,246,1,554,2,1,3,Hibernating,213
15216,34,1,14,5,1,1,New Customers,511
15217,198,1,93,3,1,3,Needs Attention,313
15218,65,1,39,5,1,1,New Customers,511
15219,292,1,6,1,1,1,Hibernating,111
15220,257,1,570,2,1,3,Hibernating,213
15221,253,1,540,2,1,3,Hibernating,213
15222,143,1,2419,3,1,4,Needs Attention,314
15223,305,1,561,1,1,3,Hibernating,113
15224,126,1,2407,4,1,4,New Customers,414
15225,331,1,777,1,1,3,Hibernating,113
15226,333,1,742,1,1,3,Hibernating,113
15227,204,1,5,3,1,1,Needs Attention,311
15228,93,1,1710,4,1,4,New Customers,414
15229,107,1,1701,4,1,4,New Customers,414
15230,95,1,2419,4,1,4,New Customers,414
15231,112,1,2398,4,1,4,New Customers,414
15232,75,1,1765,4,1,4,New Customers,414
15233,281,1,5,2,1,1,Hibernating,211
15234,359,1,49,1,1,2,Hibernating,112
15235,85,2,3293,4,3,5,Potential Loyalists,435
15236,476,1,2182,1,1,4,At Risk (high value),114
15237,13,1,60,5,1,2,New Customers,512
15238,341,1,27,1,1,1,Hibernating,111
15239,82,2,3299,4,3,5,Potential Loyalists,435
15240,81,1,52,4,1,2,New Customers,412
15241,277,1,30,2,1,1,Hibernating,211
15242,84,2,3320,4,3,5,Potential Loyalists,435
15243,283,1,68,2,1,2,Hibernating,212
15244,53,1,27,5,1,1,New Customers,511
15245,153,1,49,3,1,2,Needs Attention,312
15246,172,2,4490,3,3,5,Potential Loyalists,335
15247,117,1,27,4,1,1,New Customers,411
15248,163,2,4468,3,3,5,Potential Loyalists,335
15249,207,1,69,2,1,2,Hibernating,212
15250,751,1,2071,1,1,4,At Risk (high value),114
15251,349,1,156,1,1,3,Hibernating,113
15252,48,1,69,5,1,2,New Customers,512
15253,70,2,3300,5,3,5,Potential Loyalists,535
15254,232,1,34,2,1,1,Hibernating,211
15255,199,1,34,3,1,1,Needs Attention,311
15256,116,1,36,4,1,1,New Customers,411
15257,112,1,93,4,1,3,New Customers,413
15258,148,1,83,3,1,2,Needs Attention,312
15259,115,1,36,4,1,1,New Customers,411
15260,303,1,69,1,1,2,Hibernating,112
15261,254,1,93,2,1,3,Hibernating,213
15262,284,1,195,2,1,3,Hibernating,213
15263,226,1,69,2,1,2,Hibernating,212
15264,319,1,29,1,1,1,Hibernating,111
15265,314,1,31,1,1,1,Hibernating,111
15266,89,1,36,4,1,1,New Customers,411
15267,251,1,93,2,1,3,Hibernating,213
15268,101,1,21,4,1,1,New Customers,411
15269,270,1,60,2,1,2,Hibernating,212
15270,159,1,14,3,1,1,Needs Attention,311
15271,188,1,5,3,1,1,Needs Attention,311
15272,191,1,23,3,1,1,Needs Attention,311
15273,357,1,60,1,1,2,Hibernating,112
15274,213,1,60,2,1,2,Hibernating,212
15275,250,1,21,2,1,1,Hibernating,211
15276,203,1,27,3,1,1,Needs Attention,311
15277,72,2,3362,5,3,5,Potential Loyalists,535
15278,60,2,3321,5,3,5,Potential Loyalists,535
15279,360,1,30,1,1,1,Hibernating,111
15280,431,1,2182,1,1,4,At Risk (high value),114
15281,41,2,3299,5,3,5,Potential Loyalists,535
15282,45,2,3335,5,3,5,Potential Loyalists,535
15283,41,1,124,5,1,3,New Customers,513
15284,43,2,3371,5,3,5,Potential Loyalists,535
15285,116,1,27,4,1,1,New Customers,411
15286,52,2,3309,5,3,5,Potential Loyalists,535
15287,43,2,3308,5,3,5,Potential Loyalists,535
15288,258,1,35,2,1,1,Hibernating,211
15289,16,1,27,5,1,1,New Customers,511
15290,218,1,30,2,1,1,Hibernating,211
15291,46,2,3295,5,3,5,Potential Loyalists,535
15292,324,1,35,1,1,1,Hibernating,111
15293,177,2,4456,3,3,5,Potential Loyalists,335
15294,156,2,4455,3,3,5,Potential Loyalists,335
15295,455,1,2443,1,1,4,At Risk (high value),114
15296,57,2,3299,5,3,5,Potential Loyalists,535
15297,36,2,3355,5,3,5,Potential Loyalists,535
15298,39,2,3287,5,3,5,Potential Loyalists,535
15299,53,2,3340,5,3,5,Potential Loyalists,535
15300,48,2,3397,5,3,5,Potential Loyalists,535
15301,56,2,3299,5,3,5,Potential Loyalists,535
15302,168,2,4484,3,3,5,Potential Loyalists,335
15303,45,2,3357,5,3,5,Potential Loyalists,535
15304,32,2,3321,5,3,5,Potential Loyalists,535
15305,41,2,3264,5,3,4,Potential Loyalists,534
15306,44,2,3273,5,3,5,Potential Loyalists,535
15307,368,2,2800,1,3,4,At Risk (high value),134
15308,382,2,2848,1,3,4,At Risk (high value),134
15309,371,2,2867,1,3,4,At Risk (high value),134
15310,374,2,2800,1,3,4,At Risk (high value),134
15311,457,1,2182,1,1,4,At Risk (high value),114
15312,378,2,2822,1,3,4,At Risk (high value),134
15313,388,2,2881,1,3,4,At Risk (high value),134
15314,165,2,4487,3,3,5,Potential Loyalists,335
15315,259,1,89,2,1,2,Hibernating,212
15316,342,2,2825,1,3,4,At Risk (high value),134
15317,713,1,1000,1,1,3,Hibernating,113
15318,349,2,2862,1,3,4,At Risk (high value),134
15319,166,1,14,3,1,1,Needs Attention,311
15320,161,2,4456,3,3,5,Potential Loyalists,335
15321,155,2,4464,3,3,5,Potential Loyalists,335
15322,207,2,1554,2,3,4,At Risk (high value),234
15323,336,2,2912,1,3,4,At Risk (high value),134
15324,74,1,27,4,1,1,New Customers,411
15325,163,2,4464,3,3,5,Potential Loyalists,335
15326,158,2,4478,3,3,5,Potential Loyalists,335
15327,154,2,4442,3,3,5,Potential Loyalists,335
15328,168,2,4433,3,3,5,Potential Loyalists,335
15329,177,2,4518,3,3,5,Potential Loyalists,335
15330,319,2,2860,1,3,4,At Risk (high value),134
15331,328,2,2821,1,3,4,At Risk (high value),134
15332,296,2,2800,1,3,4,At Risk (high value),134
15333,166,1,49,3,1,2,Needs Attention,312
15334,268,1,32,2,1,1,Hibernating,211
15335,123,1,27,4,1,1,New Customers,411
15336,292,1,89,1,1,2,Hibernating,112
15337,12,1,27,5,1,1,New Customers,511
15338,279,1,30,2,1,1,Hibernating,211
15339,154,2,4468,3,3,5,Potential Loyalists,335
15340,179,2,4455,3,3,5,Potential Loyalists,335
15341,341,1,65,1,1,2,Hibernating,112
15342,230,1,25,2,1,1,Hibernating,211
15343,178,2,4489,3,3,5,Potential Loyalists,335
15344,284,2,2800,2,3,4,At Risk (high value),234
15345,290,2,2791,1,3,4,At Risk (high value),134
15346,174,1,49,3,1,2,Needs Attention,312
15347,220,1,65,2,1,2,Hibernating,212
15348,99,1,25,4,1,1,New Customers,411
15349,355,1,90,1,1,2,Hibernating,112
15350,302,1,27,1,1,1,Hibernating,111
15351,247,1,5,2,1,1,Hibernating,211
15352,293,2,2800,1,3,4,At Risk (high value),134
15353,120,1,1764,4,1,4,New Customers,414
15354,86,1,1774,4,1,4,New Customers,414
15355,66,1,1751,5,1,4,New Customers,514
15356,56,1,63,5,1,2,New Customers,512
15357,251,1,575,2,1,3,Hibernating,213
15358,276,1,777,2,1,3,Hibernating,213
15359,259,1,23,2,1,1,Hibernating,211
15360,254,1,600,2,1,3,Hibernating,213
15361,254,1,540,2,1,3,Hibernating,213
15362,2,1,54,5,1,2,New Customers,512
15363,105,1,2420,4,1,4,New Customers,414
15364,72,1,1745,5,1,4,New Customers,514
15365,173,1,39,3,1,1,Needs Attention,311
15366,335,1,63,1,1,2,Hibernating,112
15367,85,1,49,4,1,2,New Customers,412
15368,220,1,78,2,1,2,Hibernating,212
15369,112,1,54,4,1,2,New Customers,412
15370,3,1,54,5,1,2,New Customers,512
15371,159,1,23,3,1,1,Needs Attention,311
15372,5,1,34,5,1,1,New Customers,511
15373,261,1,549,2,1,3,Hibernating,213
15374,174,2,1565,3,3,4,Potential Loyalists,334
15375,9,1,124,5,1,3,New Customers,513
15376,71,2,1971,5,3,4,Potential Loyalists,534
15377,103,1,122,4,1,3,New Customers,413
15378,59,1,40,5,1,2,New Customers,512
15379,100,1,60,4,1,2,New Customers,412
15380,196,1,1784,3,1,4,Needs Attention,314
15381,184,1,34,3,1,1,Needs Attention,311
15382,374,1,2521,1,1,4,At Risk (high value),114
15383,368,1,2443,1,1,4,At Risk (high value),114
15384,178,1,34,3,1,1,Needs Attention,311
15385,136,1,34,3,1,1,Needs Attention,311
15386,65,1,23,5,1,1,New Customers,511
15387,159,1,1775,3,1,4,Needs Attention,314
15388,72,1,5,5,1,1,New Customers,511
15389,52,1,2355,5,1,4,New Customers,514
15390,277,1,36,2,1,1,Hibernating,211
15391,178,1,1726,3,1,4,Needs Attention,314
15392,247,1,69,2,1,2,Hibernating,212
15393,295,1,60,1,1,2,Hibernating,112
15394,230,1,21,2,1,1,Hibernating,211
15395,114,1,34,4,1,1,New Customers,411
15396,352,1,25,1,1,1,Hibernating,111
15397,13,1,119,5,1,3,New Customers,513
15398,82,1,40,4,1,2,New Customers,412
15399,152,1,1759,3,1,4,Needs Attention,314
15400,336,1,2544,1,1,4,At Risk (high value),114
15401,328,1,133,1,1,3,Hibernating,113
15402,351,1,39,1,1,1,Hibernating,111
15403,226,1,29,2,1,1,Hibernating,211
15404,145,1,42,3,1,2,Needs Attention,312
15405,38,1,1775,5,1,4,New Customers,514
15406,139,1,36,3,1,1,Needs Attention,311
15407,43,1,2334,5,1,4,New Customers,514
15408,333,1,126,1,1,3,Hibernating,113
15409,154,1,39,3,1,1,Needs Attention,311
15410,321,1,68,1,1,2,Hibernating,112
15411,202,1,29,3,1,1,Needs Attention,311
15412,334,1,59,1,1,2,Hibernating,112
15413,99,1,56,4,1,2,New Customers,412
15414,99,1,58,4,1,2,New Customers,412
15415,357,1,58,1,1,2,Hibernating,112
15416,10,1,69,5,1,2,New Customers,512
15417,204,1,89,3,1,2,Needs Attention,312
15418,240,1,6,2,1,1,Hibernating,211
15419,206,1,36,3,1,1,Needs Attention,311
15420,219,1,34,2,1,1,Hibernating,211
15421,356,1,2443,1,1,4,At Risk (high value),114
15422,98,1,60,4,1,2,New Customers,412
15423,70,2,1981,5,3,4,Potential Loyalists,534
15424,81,2,2002,4,3,4,Potential Loyalists,434
15425,332,1,79,1,1,2,Hibernating,112
15426,152,1,70,3,1,2,Needs Attention,312
15427,55,1,70,5,1,2,New Customers,512
15428,70,1,124,5,1,3,New Customers,513
15429,135,1,70,3,1,2,Needs Attention,312
15430,89,2,1938,4,3,4,Potential Loyalists,434
15431,129,1,70,4,1,2,New Customers,412
15432,45,1,23,5,1,1,New Customers,511
15433,278,1,124,2,1,3,Hibernating,213
15434,92,2,1903,4,3,4,Potential Loyalists,434
15435,222,1,70,2,1,2,Hibernating,212
15436,66,2,1957,5,3,4,Potential Loyalists,534
15437,79,2,1957,4,3,4,Potential Loyalists,434
15438,62,2,1953,5,3,4,Potential Loyalists,534
15439,84,2,1938,4,3,4,Potential Loyalists,434
15440,91,2,1938,4,3,4,Potential Loyalists,434
15441,70,2,1957,5,3,4,Potential Loyalists,534
15442,38,1,79,5,1,2,New Customers,512
15443,90,2,1919,4,3,4,Potential Loyalists,434
15444,73,2,1938,5,3,4,Potential Loyalists,534
15445,90,2,1938,4,3,4,Potential Loyalists,434
15446,65,2,1938,5,3,4,Potential Loyalists,534
15447,5,1,79,5,1,2,New Customers,512
15448,34,2,1938,5,3,4,Potential Loyalists,534
15449,156,1,21,3,1,1,Needs Attention,311
15450,308,1,5,1,1,1,Hibernating,111
15451,106,1,30,4,1,1,New Customers,411
15452,198,1,27,3,1,1,Needs Attention,311
15453,293,1,60,1,1,2,Hibernating,112
15454,113,1,54,4,1,2,New Customers,412
15455,186,1,27,3,1,1,Needs Attention,311
15456,246,1,30,2,1,1,Hibernating,211
15457,70,1,40,5,1,2,New Customers,512
15458,324,1,89,1,1,2,Hibernating,112
15459,236,1,32,2,1,1,Hibernating,211
15460,156,1,65,3,1,2,Needs Attention,312
15461,13,1,25,5,1,1,New Customers,511
15462,29,1,59,5,1,2,New Customers,512
15463,136,1,27,3,1,1,Needs Attention,311
15464,125,1,27,4,1,1,New Customers,411
15465,93,1,60,4,1,2,New Customers,412
15466,321,1,27,1,1,1,Hibernating,111
15467,240,1,25,2,1,1,Hibernating,211
15468,59,1,32,5,1,1,New Customers,511
15469,355,1,27,1,1,1,Hibernating,111
15470,330,1,65,1,1,2,Hibernating,112
15471,320,1,35,1,1,1,Hibernating,111
15472,154,1,25,3,1,1,Needs Attention,311
15473,315,1,115,1,1,3,Hibernating,113
15474,177,1,89,3,1,2,Needs Attention,312
15475,188,1,14,3,1,1,Needs Attention,311
15476,226,1,30,2,1,1,Hibernating,211
15477,175,1,30,3,1,1,Needs Attention,311
15478,113,1,49,4,1,2,New Customers,412
15479,196,1,49,3,1,2,Needs Attention,312
15480,114,1,32,4,1,1,New Customers,411
15481,350,1,23,1,1,1,Hibernating,111
15482,650,1,2071,1,1,4,At Risk (high value),114
15483,619,1,1000,1,1,3,Hibernating,113
15484,191,1,25,3,1,1,Needs Attention,311
15485,288,2,2813,2,3,4,At Risk (high value),234
15486,288,2,2813,2,3,4,At Risk (high value),234
15487,287,2,2800,2,3,4,At Risk (high value),234
15488,177,2,4456,3,3,5,Potential Loyalists,335
15489,340,1,5,1,1,1,Hibernating,111
15490,361,1,25,1,1,1,Hibernating,111
15491,175,2,4468,3,3,5,Potential Loyalists,335
15492,160,2,4469,3,3,5,Potential Loyalists,335
15493,281,1,30,2,1,1,Hibernating,211
15494,346,1,65,1,1,2,Hibernating,112
15495,116,1,27,4,1,1,New Customers,411
15496,136,1,59,3,1,2,Needs Attention,312
15497,613,1,1000,1,1,3,Hibernating,113
15498,121,1,65,4,1,2,New Customers,412
15499,225,1,89,2,1,2,Hibernating,212
15500,272,2,2848,2,3,4,At Risk (high value),234
15501,144,1,25,3,1,1,Needs Attention,311
15502,117,1,99,4,1,3,New Customers,413
15503,147,1,27,3,1,1,Needs Attention,311
15504,605,1,1000,1,1,3,Hibernating,113
15505,594,1,1000,1,1,3,Hibernating,113
15506,359,1,60,1,1,2,Hibernating,112
15507,340,1,65,1,1,2,Hibernating,112
15508,241,1,27,2,1,1,Hibernating,211
15509,264,1,49,2,1,2,Hibernating,212
15510,248,2,2800,2,3,4,At Risk (high value),234
15511,245,2,2813,2,3,4,At Risk (high value),234
15512,154,2,4464,3,3,5,Potential Loyalists,335
15513,602,1,1000,1,1,3,Hibernating,113
15514,220,2,2848,2,3,4,At Risk (high value),234
15515,226,1,30,2,1,1,Hibernating,211
15516,161,1,89,3,1,2,Needs Attention,312
15517,200,1,32,3,1,1,Needs Attention,311
15518,314,1,25,1,1,1,Hibernating,111
15519,110,1,32,4,1,1,New Customers,411
15520,156,1,30,3,1,1,Needs Attention,311
15521,240,2,2827,2,3,4,At Risk (high value),234
15522,234,2,2821,2,3,4,At Risk (high value),234
15523,176,1,25,3,1,1,Needs Attention,311
15524,103,1,49,4,1,2,New Customers,412
15525,41,1,27,5,1,1,New Customers,511
15526,135,1,49,3,1,2,Needs Attention,312
15527,97,1,38,4,1,1,New Customers,411
15528,185,1,29,3,1,1,Needs Attention,311
15529,31,1,129,5,1,3,New Customers,513
15530,172,2,1549,3,3,4,Potential Loyalists,334
15531,162,2,4468,3,3,5,Potential Loyalists,335
15532,251,1,27,2,1,1,Hibernating,211
15533,144,2,4469,3,3,5,Potential Loyalists,335
15534,167,2,1629,3,3,4,Potential Loyalists,334
15535,152,2,4490,3,3,5,Potential Loyalists,335
15536,142,1,65,3,1,2,Needs Attention,312
15537,124,2,4514,4,3,5,Potential Loyalists,435
15538,128,2,4468,4,3,5,Potential Loyalists,435
15539,128,2,4464,4,3,5,Potential Loyalists,435
15540,140,2,4469,3,3,5,Potential Loyalists,335
15541,146,2,4468,3,3,5,Potential Loyalists,335
15542,255,1,25,2,1,1,Hibernating,211
15543,291,1,27,1,1,1,Hibernating,111
15544,348,1,14,1,1,1,Hibernating,111
15545,266,1,21,2,1,1,Hibernating,211
15546,239,2,2822,2,3,4,At Risk (high value),234
15547,221,2,2847,2,3,4,At Risk (high value),234
15548,57,2,1408,5,3,4,Potential Loyalists,534
15549,41,2,1323,5,3,4,Potential Loyalists,534
15550,55,2,1361,5,3,4,Potential Loyalists,534
15551,179,1,94,3,1,3,Needs Attention,313
15552,350,1,29,1,1,1,Hibernating,111
15553,222,1,48,2,1,2,Hibernating,212
15554,46,1,69,5,1,2,New Customers,512
15555,89,1,69,4,1,2,New Customers,412
15556,167,1,27,3,1,1,Needs Attention,311
15557,256,1,36,2,1,1,Hibernating,211
15558,263,1,44,2,1,2,Hibernating,212
15559,204,1,6,3,1,1,Needs Attention,311
15560,259,1,39,2,1,1,Hibernating,211
15561,59,2,1396,5,3,4,Potential Loyalists,534
15562,45,2,1337,5,3,4,Potential Loyalists,534
15563,106,2,1925,4,3,4,Potential Loyalists,434
15564,101,2,1957,4,3,4,Potential Loyalists,434
15565,1,1,49,5,1,2,New Customers,512
15566,29,1,23,5,1,1,New Customers,511
15567,117,2,2016,4,3,4,Potential Loyalists,434
15568,59,2,1957,5,3,4,Potential Loyalists,534
15569,36,2,1957,5,3,4,Potential Loyalists,534
15570,48,2,1938,5,3,4,Potential Loyalists,534
15571,47,2,1957,5,3,4,Potential Loyalists,534
15572,54,2,1938,5,3,4,Potential Loyalists,534
15573,455,1,1000,1,1,3,Hibernating,113
15574,359,1,69,1,1,2,Hibernating,112
15575,80,1,29,4,1,1,New Customers,411
15576,227,2,2890,2,3,4,At Risk (high value),234
15577,243,1,29,2,1,1,Hibernating,211
15578,242,1,69,2,1,2,Hibernating,212
15579,93,1,58,4,1,2,New Customers,412
15580,242,2,2840,2,3,4,At Risk (high value),234
15581,26,1,69,5,1,2,New Customers,512
15582,220,2,2822,2,3,4,At Risk (high value),234
15583,434,1,1000,1,1,3,Hibernating,113
15584,198,1,36,3,1,1,Needs Attention,311
15585,365,1,34,1,1,1,Hibernating,111
15586,42,2,1903,5,3,4,Potential Loyalists,534
15587,197,1,29,3,1,1,Needs Attention,311
15588,40,2,1920,5,3,4,Potential Loyalists,534
15589,49,2,1938,5,3,4,Potential Loyalists,534
15590,56,2,1966,5,3,4,Potential Loyalists,534
15591,104,1,70,4,1,2,New Customers,412
15592,59,2,1957,5,3,4,Potential Loyalists,534
15593,248,1,79,2,1,2,Hibernating,212
15594,42,1,27,5,1,1,New Customers,511
15595,236,1,30,2,1,1,Hibernating,211
15596,24,1,25,5,1,1,New Customers,511
15597,234,1,36,2,1,1,Hibernating,211
15598,20,1,69,5,1,2,New Customers,512
15599,359,1,34,1,1,1,Hibernating,111
15600,352,1,29,1,1,1,Hibernating,111
15601,220,2,2800,2,3,4,At Risk (high value),234
15602,242,2,2862,2,3,4,At Risk (high value),234
15603,151,2,4468,3,3,5,Potential Loyalists,335
15604,133,2,4487,4,3,5,Potential Loyalists,435
15605,135,2,4442,3,3,5,Potential Loyalists,335
15606,4,1,27,5,1,1,New Customers,511
15607,217,2,2890,2,3,4,At Risk (high value),234
15608,241,2,2813,2,3,4,At Risk (high value),234
15609,220,2,2881,2,3,4,At Risk (high value),234
15610,137,2,4509,3,3,5,Potential Loyalists,335
15611,153,2,4509,3,3,5,Potential Loyalists,335
15612,136,2,4490,3,3,5,Potential Loyalists,335
15613,101,1,58,4,1,2,New Customers,412
15614,10,1,139,5,1,3,New Customers,513
15615,231,2,2791,2,3,4,At Risk (high value),234
15616,448,1,1000,1,1,3,Hibernating,113
15617,199,2,2800,3,3,4,Potential Loyalists,334
15618,198,2,2881,3,3,4,Potential Loyalists,334
15619,184,2,2826,3,3,4,Potential Loyalists,334
15620,165,2,2972,3,3,4,Potential Loyalists,334
15621,1098,1,699,1,1,3,Hibernating,113
15622,120,1,29,4,1,1,New Customers,411
15623,180,2,2820,3,3,4,Potential Loyalists,334
15624,175,2,2841,3,3,4,Potential Loyalists,334
15625,157,2,2826,3,3,4,Potential Loyalists,334
15626,168,2,2827,3,3,4,Potential Loyalists,334
15627,127,2,2891,4,3,4,Potential Loyalists,434
15628,138,2,2791,3,3,4,Potential Loyalists,334
15629,262,1,36,2,1,1,Hibernating,211
15630,1078,1,699,1,1,3,Hibernating,113
15631,1014,1,699,1,1,3,Hibernating,113
15632,131,2,2813,4,3,4,Potential Loyalists,434
15633,133,2,2848,4,3,4,Potential Loyalists,434
15634,95,2,2883,4,3,4,Potential Loyalists,434
15635,72,2,2896,5,3,4,Potential Loyalists,534
15636,89,2,2840,4,3,4,Potential Loyalists,434
15637,187,1,36,3,1,1,Needs Attention,311
15638,27,1,58,5,1,2,New Customers,512
15639,149,2,4518,3,3,5,Potential Loyalists,335
15640,178,1,49,3,1,2,Needs Attention,312
15641,166,2,1288,3,3,4,Potential Loyalists,334
15642,131,2,4464,4,3,5,Potential Loyalists,435
15643,153,2,4490,3,3,5,Potential Loyalists,335
15644,978,1,699,1,1,3,Hibernating,113
15645,43,2,2805,5,3,4,Potential Loyalists,534
15646,52,2,2800,5,3,4,Potential Loyalists,534
15647,48,2,2972,5,3,4,Potential Loyalists,534
15648,55,2,2890,5,3,4,Potential Loyalists,534
15649,85,1,27,4,1,1,New Customers,411
15650,123,2,4433,4,3,5,Potential Loyalists,435
15651,129,2,4455,4,3,5,Potential Loyalists,435
15652,58,2,1957,5,3,4,Potential Loyalists,534
15653,44,2,1938,5,3,4,Potential Loyalists,534
15654,59,2,1938,5,3,4,Potential Loyalists,534
15655,379,2,1346,1,3,4,At Risk (high value),134
15656,388,2,1323,1,3,4,At Risk (high value),134
15657,373,2,1346,1,3,4,At Risk (high value),134
15658,379,2,1358,1,3,4,At Risk (high value),134
15659,383,2,1391,1,3,4,At Risk (high value),134
15660,18,1,70,5,1,2,New Customers,512
15661,122,2,1957,4,3,4,Potential Loyalists,434
15662,102,2,1912,4,3,4,Potential Loyalists,434
15663,94,2,1938,4,3,4,Potential Loyalists,434
15664,95,2,1976,4,3,4,Potential Loyalists,434
15665,308,1,124,1,1,3,Hibernating,113
15666,249,1,79,2,1,2,Hibernating,212
15667,389,2,1337,1,3,4,At Risk (high value),134
15668,353,2,1391,1,3,4,At Risk (high value),134
15669,300,1,120,1,1,3,Hibernating,113
15670,259,1,124,2,1,3,Hibernating,213
15671,238,1,70,2,1,2,Hibernating,212
15672,116,1,70,4,1,2,New Customers,412
15673,95,1,124,4,1,3,New Customers,413
15674,348,2,1505,1,3,4,At Risk (high value),134
15675,195,1,69,3,1,2,Needs Attention,312
15676,194,1,69,3,1,2,Needs Attention,312
15677,33,2,2805,5,3,4,Potential Loyalists,534
15678,132,1,30,4,1,1,New Customers,411
15679,180,1,5,3,1,1,Needs Attention,311
15680,198,1,30,3,1,1,Needs Attention,311
15681,274,1,32,2,1,1,Hibernating,211
15682,54,2,2813,5,3,4,Potential Loyalists,534
15683,166,1,64,3,1,2,Needs Attention,312
15684,134,2,1270,3,3,4,Potential Loyalists,334
15685,145,2,4468,3,3,5,Potential Loyalists,335
15686,109,1,25,4,1,1,New Customers,411
15687,101,1,40,4,1,2,New Customers,412
15688,211,1,25,2,1,1,Hibernating,211
15689,305,1,65,1,1,2,Hibernating,112
15690,177,1,97,3,1,3,Needs Attention,313
15691,248,1,133,2,1,3,Hibernating,213
15692,344,1,29,1,1,1,Hibernating,111
15693,114,2,1266,4,3,4,Potential Loyalists,434
15694,332,1,7,1,1,1,Hibernating,111
15695,150,2,4456,3,3,5,Potential Loyalists,335
15696,131,2,4524,4,3,5,Potential Loyalists,435
15697,276,1,69,2,1,2,Hibernating,212
15698,272,1,29,2,1,1,Hibernating,211
15699,142,2,4442,3,3,5,Potential Loyalists,335
15700,274,1,64,2,1,2,Hibernating,212
15701,278,1,7,2,1,1,Hibernating,211
15702,302,1,40,1,1,2,Hibernating,112
15703,220,1,69,2,1,2,Hibernating,212
15704,136,2,4468,3,3,5,Potential Loyalists,335
15705,78,1,34,4,1,1,New Customers,411
15706,123,2,4455,4,3,5,Potential Loyalists,435
15707,322,1,7,1,1,1,Hibernating,111
15708,194,1,34,3,1,1,Needs Attention,311
15709,141,2,4504,3,3,5,Potential Loyalists,335
15710,111,1,69,4,1,2,New Customers,412
15711,562,1,2071,1,1,4,At Risk (high value),114
15712,567,1,2049,1,1,4,At Risk (high value),114
15713,182,1,43,3,1,2,Needs Attention,312
15714,238,1,58,2,1,2,Hibernating,212
15715,256,1,36,2,1,1,Hibernating,211
15716,112,1,69,4,1,2,New Customers,412
15717,62,1,69,5,1,2,New Customers,512
15718,571,1,2071,1,1,4,At Risk (high value),114
15719,142,2,4478,3,3,5,Potential Loyalists,335
15720,196,1,128,3,1,3,Needs Attention,313
15721,174,1,69,3,1,2,Needs Attention,312
15722,168,1,58,3,1,2,Needs Attention,312
15723,333,1,34,1,1,1,Hibernating,111
15724,124,2,4467,4,3,5,Potential Loyalists,435
15725,559,1,2049,1,1,4,At Risk (high value),114
15726,560,1,2049,1,1,4,At Risk (high value),114
15727,558,1,2071,1,1,4,At Risk (high value),114
15728,152,2,4482,3,3,5,Potential Loyalists,335
15729,151,2,4455,3,3,5,Potential Loyalists,335
15730,129,2,4442,4,3,5,Potential Loyalists,435
15731,114,1,5,4,1,1,New Customers,411
15732,548,1,2049,1,1,4,At Risk (high value),114
15733,131,1,89,4,1,2,New Customers,412
15734,99,1,93,4,1,3,New Customers,413
15735,566,1,2049,1,1,4,At Risk (high value),114
15736,564,1,2071,1,1,4,At Risk (high value),114
15737,348,1,25,1,1,1,Hibernating,111
15738,243,1,69,2,1,2,Hibernating,212
15739,60,1,34,5,1,1,New Customers,511
15740,331,1,62,1,1,2,Hibernating,112
15741,114,2,1938,4,3,4,Potential Loyalists,434
15742,170,1,70,3,1,2,Needs Attention,312
15743,119,1,70,4,1,2,New Customers,412
15744,343,2,1372,1,3,4,At Risk (high value),134
15745,97,2,1938,4,3,4,Potential Loyalists,434
15746,117,2,1932,4,3,4,Potential Loyalists,434
15747,112,2,2001,4,3,4,Potential Loyalists,434
15748,108,2,1938,4,3,4,Potential Loyalists,434
15749,343,2,1358,1,3,4,At Risk (high value),134
15750,365,2,1323,1,3,4,At Risk (high value),134
15751,106,2,1938,4,3,4,Potential Loyalists,434
15752,107,2,1903,4,3,4,Potential Loyalists,434
15753,115,2,1917,4,3,4,Potential Loyalists,434
15754,79,2,1957,4,3,4,Potential Loyalists,434
15755,70,2,1938,5,3,4,Potential Loyalists,534
15756,46,1,124,5,1,3,New Customers,513
15757,129,1,79,4,1,2,New Customers,412
15758,313,2,1344,1,3,4,At Risk (high value),134
15759,324,2,1323,1,3,4,At Risk (high value),134
15760,197,1,124,3,1,3,Needs Attention,313
15761,321,2,1323,1,3,4,At Risk (high value),134
15762,69,2,1938,5,3,4,Potential Loyalists,534
15763,274,1,134,2,1,3,Hibernating,213
15764,86,2,1957,4,3,4,Potential Loyalists,434
15765,78,2,1938,4,3,4,Potential Loyalists,434
15766,322,1,79,1,1,2,Hibernating,112
15767,77,1,79,4,1,2,New Customers,412
15768,310,2,1332,1,3,4,At Risk (high value),134
15769,314,2,1372,1,3,4,At Risk (high value),134
15770,149,1,37,3,1,1,Needs Attention,311
15771,118,1,70,4,1,2,New Customers,412
15772,320,1,70,1,1,2,Hibernating,112
15773,28,1,124,5,1,3,New Customers,513
15774,318,1,70,1,1,2,Hibernating,112
15775,318,2,1332,1,3,4,At Risk (high value),134
15776,37,1,89,5,1,2,New Customers,512
15777,252,1,25,2,1,1,Hibernating,211
15778,218,1,69,2,1,2,Hibernating,212
15779,113,1,34,4,1,1,New Customers,411
15780,156,1,25,3,1,1,Needs Attention,311
15781,119,1,79,4,1,2,New Customers,412
15782,15,1,110,5,1,3,New Customers,513
15783,943,1,699,1,1,3,Hibernating,113
15784,26,1,89,5,1,2,New Customers,512
15785,317,1,89,1,1,2,Hibernating,112
15786,257,1,75,2,1,2,Hibernating,212
15787,570,1,2071,1,1,4,At Risk (high value),114
15788,10,1,60,5,1,2,New Customers,512
15789,359,1,36,1,1,1,Hibernating,111
15790,907,1,699,1,1,3,Hibernating,113
15791,100,1,27,4,1,1,New Customers,411
15792,162,1,4,3,1,1,Needs Attention,311
15793,304,1,184,1,1,3,Hibernating,113
15794,72,1,89,5,1,2,New Customers,512
15795,199,1,44,3,1,2,Needs Attention,312
15796,80,2,1992,4,3,4,Potential Loyalists,434
15797,78,2,1957,4,3,4,Potential Loyalists,434
15798,80,2,1957,4,3,4,Potential Loyalists,434
15799,177,1,29,3,1,1,Needs Attention,311
15800,76,1,29,4,1,1,New Customers,411
15801,188,1,69,3,1,2,Needs Attention,312
15802,568,1,2049,1,1,4,At Risk (high value),114
15803,212,1,5,2,1,1,Hibernating,211
15804,186,1,89,3,1,2,Needs Attention,312
15805,219,1,44,2,1,2,Hibernating,212
15806,570,1,2071,1,1,4,At Risk (high value),114
15807,167,1,5,3,1,1,Needs Attention,311
15808,358,1,69,1,1,2,Hibernating,112
15809,56,1,34,5,1,1,New Customers,511
15810,265,1,119,2,1,3,Hibernating,213
15811,14,1,68,5,1,2,New Customers,512
15812,567,1,2071,1,1,4,At Risk (high value),114
15813,206,1,58,3,1,2,Needs Attention,312
15814,86,1,58,4,1,2,New Customers,412
15815,565,1,2049,1,1,4,At Risk (high value),114
15816,546,1,2049,1,1,4,At Risk (high value),114
15817,75,1,1736,4,1,4,New Customers,414
15818,240,1,554,2,1,3,Hibernating,213
15819,114,1,2407,4,1,4,New Customers,414
15820,45,1,69,5,1,2,New Customers,512
15821,26,1,4,5,1,1,New Customers,511
15822,238,1,27,2,1,1,Hibernating,211
15823,66,1,2442,5,1,4,New Customers,514
15824,47,1,2419,5,1,4,New Customers,514
15825,255,1,567,2,1,3,Hibernating,213
15826,367,1,1229,1,1,4,At Risk (high value),114
15827,395,1,1238,1,1,4,At Risk (high value),114
15828,92,1,1751,4,1,4,New Customers,414
15829,86,1,1732,4,1,4,New Customers,414
15830,36,1,1728,5,1,4,New Customers,514
15831,246,1,554,2,1,3,Hibernating,213
15832,381,1,1265,1,1,4,At Risk (high value),114
15833,1,1,80,5,1,2,New Customers,512
15834,226,1,6,2,1,1,Hibernating,211
15835,182,1,6,3,1,1,Needs Attention,311
15836,81,1,69,4,1,2,New Customers,412
15837,17,1,39,5,1,1,New Customers,511
15838,261,1,549,2,1,3,Hibernating,213
15839,346,1,36,1,1,1,Hibernating,111
15840,256,1,78,2,1,2,Hibernating,212
15841,101,1,34,4,1,1,New Customers,411
15842,318,1,78,1,1,2,Hibernating,112
15843,274,1,540,2,1,3,Hibernating,213
15844,107,1,184,4,1,3,New Customers,413
15845,13,1,13,5,1,1,New Customers,511
15846,181,1,27,3,1,1,Needs Attention,311
15847,48,1,28,5,1,1,New Customers,511
15848,101,1,60,4,1,2,New Customers,412
15849,224,1,608,2,1,3,Hibernating,213
15850,270,1,39,2,1,1,Hibernating,211
15851,236,1,54,2,1,2,Hibernating,212
15852,108,1,23,4,1,1,New Customers,411
15853,361,1,114,1,1,3,Hibernating,113
15854,266,1,786,2,1,3,Hibernating,213
15855,86,1,1715,4,1,4,New Customers,414
15856,88,1,1701,4,1,4,New Customers,414
15857,260,1,810,2,1,3,Hibernating,213
15858,232,1,21,2,1,1,Hibernating,211
15859,223,1,554,2,1,3,Hibernating,213
15860,195,1,34,3,1,1,Needs Attention,311
15861,239,1,540,2,1,3,Hibernating,213
15862,359,1,36,1,1,1,Hibernating,111
15863,378,1,1250,1,1,4,At Risk (high value),114
15864,24,1,4,5,1,1,New Customers,511
15865,396,1,1269,1,1,4,At Risk (high value),114
15866,344,1,124,1,1,3,Hibernating,113
15867,220,1,615,2,1,3,Hibernating,213
15868,57,1,1728,5,1,4,New Customers,514
15869,232,1,540,2,1,3,Hibernating,213
15870,217,1,554,2,1,3,Hibernating,213
15871,238,1,549,2,1,3,Hibernating,213
15872,154,1,89,3,1,2,Needs Attention,312
15873,165,1,23,3,1,1,Needs Attention,311
15874,347,1,1250,1,1,4,At Risk (high value),114
15875,273,1,23,2,1,1,Hibernating,211
15876,75,1,60,4,1,2,New Customers,412
15877,231,1,589,2,1,3,Hibernating,213
15878,54,1,39,5,1,1,New Customers,511
15879,265,1,21,2,1,1,Hibernating,211
15880,105,1,75,4,1,2,New Customers,412
15881,159,1,23,3,1,1,Needs Attention,311
15882,193,1,43,3,1,2,Needs Attention,312
15883,279,1,91,2,1,2,Hibernating,212
15884,65,1,69,5,1,2,New Customers,512
15885,338,1,1274,1,1,4,At Risk (high value),114
15886,235,1,575,2,1,3,Hibernating,213
15887,222,1,554,2,1,3,Hibernating,213
15888,226,1,6,2,1,1,Hibernating,211
15889,45,1,39,5,1,1,New Customers,511
15890,290,1,30,1,1,1,Hibernating,111
15891,220,1,589,2,1,3,Hibernating,213
15892,162,1,40,3,1,2,Needs Attention,312
15893,189,1,554,3,1,3,Needs Attention,313
15894,189,1,60,3,1,2,Needs Attention,312
15895,305,1,23,1,1,1,Hibernating,111
15896,216,1,554,2,1,3,Hibernating,213
15897,317,1,13,1,1,1,Hibernating,111
15898,313,1,39,1,1,1,Hibernating,111
15899,332,1,174,1,1,3,Hibernating,113
15900,340,1,23,1,1,1,Hibernating,111
15901,127,1,48,4,1,2,New Customers,412
15902,69,1,4,5,1,1,New Customers,511
15903,266,1,777,2,1,3,Hibernating,213
15904,249,1,800,2,1,3,Hibernating,213
15905,355,1,29,1,1,1,Hibernating,111
15906,250,1,6,2,1,1,Hibernating,211
15907,111,1,68,4,1,2,New Customers,412
15908,67,1,108,5,1,3,New Customers,513
15909,101,1,36,4,1,1,New Customers,411
15910,334,1,78,1,1,2,Hibernating,112
15911,216,1,589,2,1,3,Hibernating,213
15912,341,1,4,1,1,1,Hibernating,111
15913,203,1,27,3,1,1,Needs Attention,311
15914,214,1,608,2,1,3,Hibernating,213
15915,223,1,589,2,1,3,Hibernating,213
15916,211,1,59,2,1,2,Hibernating,212
15917,32,2,1323,5,3,4,Potential Loyalists,534
15918,38,2,1339,5,3,4,Potential Loyalists,534
15919,51,2,1400,5,3,4,Potential Loyalists,534
15920,47,2,1350,5,3,4,Potential Loyalists,534
15921,42,2,1337,5,3,4,Potential Loyalists,534
15922,51,2,1337,5,3,4,Potential Loyalists,534
15923,57,2,1323,5,3,4,Potential Loyalists,534
15924,44,2,1323,5,3,4,Potential Loyalists,534
15925,39,2,1350,5,3,4,Potential Loyalists,534
15926,74,1,36,4,1,1,New Customers,411
15927,57,1,29,5,1,1,New Customers,511
15928,282,1,36,2,1,1,Hibernating,211
15929,239,1,598,2,1,3,Hibernating,213
15930,156,1,589,3,1,3,Needs Attention,313
15931,315,1,1264,1,1,4,At Risk (high value),114
15932,234,1,561,2,1,3,Hibernating,213
15933,228,1,575,2,1,3,Hibernating,213
15934,303,1,1224,1,1,4,At Risk (high value),114
15935,232,1,554,2,1,3,Hibernating,213
15936,163,1,29,3,1,1,Needs Attention,311
15937,251,1,1250,2,1,4,At Risk (high value),214
15938,214,1,619,2,1,3,Hibernating,213
15939,237,1,722,2,1,3,Hibernating,213
15940,248,1,777,2,1,3,Hibernating,213
15941,249,1,1274,2,1,4,At Risk (high value),214
15942,224,1,777,2,1,3,Hibernating,213
15943,219,1,589,2,1,3,Hibernating,213
15944,106,1,69,4,1,2,New Customers,412
15945,232,1,554,2,1,3,Hibernating,213
15946,244,1,777,2,1,3,Hibernating,213
15947,239,1,1215,2,1,4,At Risk (high value),214
15948,240,1,625,2,1,3,Hibernating,213
15949,234,1,1293,2,1,4,At Risk (high value),214
15950,187,1,565,3,1,3,Needs Attention,313
15951,218,1,777,2,1,3,Hibernating,213
15952,26,1,60,5,1,2,New Customers,512
15953,229,1,751,2,1,3,Hibernating,213
15954,232,1,786,2,1,3,Hibernating,213
15955,225,1,1224,2,1,4,At Risk (high value),214
15956,181,1,565,3,1,3,Needs Attention,313
15957,208,1,608,2,1,3,Hibernating,213
15958,49,1,1760,5,1,4,New Customers,514
15959,37,1,1732,5,1,4,New Customers,514
15960,133,1,563,4,1,3,New Customers,413
15961,196,1,575,3,1,3,Needs Attention,313
15962,219,1,1269,2,1,4,At Risk (high value),214
15963,194,1,554,3,1,3,Needs Attention,313
15964,198,1,1238,3,1,4,Needs Attention,314
15965,239,1,751,2,1,3,Hibernating,213
15966,214,1,776,2,1,3,Hibernating,213
15967,186,1,589,3,1,3,Needs Attention,313
15968,329,2,1337,1,3,4,At Risk (high value),134
15969,135,1,79,3,1,2,Needs Attention,312
15970,195,1,23,3,1,1,Needs Attention,311
15971,163,1,39,3,1,1,Needs Attention,311
15972,136,1,6,3,1,1,Needs Attention,311
15973,308,1,84,1,1,2,Hibernating,112
15974,262,1,39,2,1,1,Hibernating,211
15975,192,1,1293,3,1,4,Needs Attention,314
15976,206,1,765,3,1,3,Needs Attention,313
15977,193,1,791,3,1,3,Needs Attention,313
15978,184,1,1284,3,1,4,Needs Attention,314
15979,139,1,554,3,1,3,Needs Attention,313
15980,148,1,589,3,1,3,Needs Attention,313
15981,31,1,23,5,1,1,New Customers,511
15982,313,1,21,1,1,1,Hibernating,111
15983,178,1,29,3,1,1,Needs Attention,311
15984,33,1,1745,5,1,4,New Customers,514
15985,53,1,1765,5,1,4,New Customers,514
15986,351,1,1164,1,1,4,At Risk (high value),114
15987,322,1,1155,1,1,4,At Risk (high value),114
15988,313,1,1155,1,1,4,At Risk (high value),114
15989,264,1,1179,2,1,4,At Risk (high value),214
15990,361,1,25,1,1,1,Hibernating,111
15991,288,1,23,2,1,1,Hibernating,211
15992,206,1,1265,3,1,4,Needs Attention,314
15993,190,1,584,3,1,3,Needs Attention,313
15994,55,1,39,5,1,1,New Customers,511
15995,389,1,1134,1,1,3,Hibernating,113
15996,386,1,1145,1,1,3,Hibernating,113
15997,108,1,15,4,1,1,New Customers,411
15998,250,1,1149,2,1,3,Hibernating,213
15999,163,1,75,3,1,2,Needs Attention,312
16000,77,1,58,4,1,2,New Customers,412
16001,332,1,30,1,1,1,Hibernating,111
16002,318,1,30,1,1,1,Hibernating,111
16003,353,1,39,1,1,1,Hibernating,111
16004,148,1,21,3,1,1,Needs Attention,311
16005,176,1,1265,3,1,4,Needs Attention,314
16006,183,1,777,3,1,3,Needs Attention,313
16007,210,1,750,2,1,3,Hibernating,213
16008,195,1,114,3,1,3,Needs Attention,313
16009,136,1,617,3,1,3,Needs Attention,313
16010,117,1,575,4,1,3,New Customers,413
16011,17,1,42,5,1,2,New Customers,512
16012,33,1,36,5,1,1,New Customers,511
16013,118,1,36,4,1,1,New Customers,411
16014,49,1,36,5,1,1,New Customers,511
16015,113,2,1274,4,3,4,Potential Loyalists,434
16016,86,1,69,4,1,2,New Customers,412
16017,328,1,42,1,1,2,Hibernating,112
16018,125,2,4502,4,3,5,Potential Loyalists,435
16019,169,1,34,3,1,1,Needs Attention,311
16020,138,1,5,3,1,1,Needs Attention,311
16021,544,1,2071,1,1,4,At Risk (high value),114
16022,524,1,2071,1,1,4,At Risk (high value),114
16023,274,1,5,2,1,1,Hibernating,211
16024,291,1,60,1,1,2,Hibernating,112
16025,47,1,7,5,1,1,New Customers,511
16026,318,1,23,1,1,1,Hibernating,111
16027,790,1,699,1,1,3,Hibernating,113
16028,724,1,783,1,1,3,Hibernating,113
16029,284,1,60,2,1,2,Hibernating,212
16030,17,1,31,5,1,1,New Customers,511
16031,220,1,21,2,1,1,Hibernating,211
16032,83,1,5,4,1,1,New Customers,411
16033,11,1,7,5,1,1,New Customers,511
16034,247,1,29,2,1,1,Hibernating,211
16035,146,1,5,3,1,1,Needs Attention,311
16036,188,1,7,3,1,1,Needs Attention,311
16037,334,1,7,1,1,1,Hibernating,111
16038,322,1,13,1,1,1,Hibernating,111
16039,81,1,7,4,1,1,New Customers,411
16041,361,1,7,1,1,1,Hibernating,111
16042,97,1,7,4,1,1,New Customers,411
16043,49,1,69,5,1,2,New Customers,512
16044,715,1,783,1,1,3,Hibernating,113
16045,520,1,2049,1,1,4,At Risk (high value),114
16046,530,1,2049,1,1,4,At Risk (high value),114
16047,288,1,36,2,1,1,Hibernating,211
16048,528,1,2049,1,1,4,At Risk (high value),114
16049,77,1,36,4,1,1,New Customers,411
16050,271,1,5,2,1,1,Hibernating,211
16051,536,1,2071,1,1,4,At Risk (high value),114
16052,527,1,2049,1,1,4,At Risk (high value),114
16053,181,1,36,3,1,1,Needs Attention,311
16054,685,1,783,1,1,3,Hibernating,113
16055,547,1,2071,1,1,4,At Risk (high value),114
16056,315,1,34,1,1,1,Hibernating,111
16057,539,1,2071,1,1,4,At Risk (high value),114
16058,19,1,29,5,1,1,New Customers,511
16059,542,1,2049,1,1,4,At Risk (high value),114
16060,338,1,119,1,1,3,Hibernating,113
16061,675,1,783,1,1,3,Hibernating,113
16062,183,1,5,3,1,1,Needs Attention,311
16063,673,1,783,1,1,3,Hibernating,113
16064,533,1,2071,1,1,4,At Risk (high value),114
16065,547,1,2071,1,1,4,At Risk (high value),114
16066,212,1,69,2,1,2,Hibernating,212
16067,364,1,34,1,1,1,Hibernating,111
16068,527,1,2049,1,1,4,At Risk (high value),114
16069,531,1,2049,1,1,4,At Risk (high value),114
16070,529,1,2049,1,1,4,At Risk (high value),114
16071,40,1,69,5,1,2,New Customers,512
16072,693,1,783,1,1,3,Hibernating,113
16073,272,1,31,2,1,1,Hibernating,211
16074,141,2,4433,3,3,5,Potential Loyalists,335
16075,146,2,4433,3,3,5,Potential Loyalists,335
16076,95,2,1372,4,3,4,Potential Loyalists,434
16077,529,1,2071,1,1,4,At Risk (high value),114
16078,536,1,2071,1,1,4,At Risk (high value),114
16079,543,1,2071,1,1,4,At Risk (high value),114
16080,508,1,2071,1,1,4,At Risk (high value),114
16081,507,1,2071,1,1,4,At Risk (high value),114
16082,506,1,2049,1,1,4,At Risk (high value),114
16083,647,1,783,1,1,3,Hibernating,113
16084,508,1,2049,1,1,4,At Risk (high value),114
16085,670,1,783,1,1,3,Hibernating,113
16086,613,1,783,1,1,3,Hibernating,113
16087,500,1,2049,1,1,4,At Risk (high value),114
16088,518,1,2071,1,1,4,At Risk (high value),114
16089,512,1,2071,1,1,4,At Risk (high value),114
16090,489,1,2049,1,1,4,At Risk (high value),114
16091,492,1,2049,1,1,4,At Risk (high value),114
16092,494,1,2071,1,1,4,At Risk (high value),114
16093,143,2,4519,3,3,5,Potential Loyalists,335
16094,147,2,4509,3,3,5,Potential Loyalists,335
16095,495,1,2071,1,1,4,At Risk (high value),114
16096,502,1,2049,1,1,4,At Risk (high value),114
16097,124,2,4490,4,3,5,Potential Loyalists,435
16098,149,2,4464,3,3,5,Potential Loyalists,335
16099,164,1,69,3,1,2,Needs Attention,312
16100,613,1,783,1,1,3,Hibernating,113
16101,299,1,7,1,1,1,Hibernating,111
16102,613,1,783,1,1,3,Hibernating,113
16103,612,1,783,1,1,3,Hibernating,113
16104,131,2,4468,4,3,5,Potential Loyalists,435
16105,112,2,4468,4,3,5,Potential Loyalists,435
16106,106,2,4447,4,3,5,Potential Loyalists,435
16107,117,2,4455,4,3,5,Potential Loyalists,435
16108,99,2,4455,4,3,5,Potential Loyalists,435
16109,505,1,2071,1,1,4,At Risk (high value),114
16110,321,1,89,1,1,2,Hibernating,112
16111,76,1,5,4,1,1,New Customers,411
16112,235,1,7,2,1,1,Hibernating,211
16113,217,1,114,2,1,3,Hibernating,213
16114,141,1,78,3,1,2,Needs Attention,312
16115,122,2,4464,4,3,5,Potential Loyalists,435
16116,87,1,58,4,1,2,New Customers,412
16117,96,2,4464,4,3,5,Potential Loyalists,435
16118,97,2,4490,4,3,5,Potential Loyalists,435
16119,210,1,777,2,1,3,Hibernating,213
16120,146,1,1229,3,1,4,Needs Attention,314
16121,149,1,1265,3,1,4,Needs Attention,314
16122,199,1,540,3,1,3,Needs Attention,313
16123,170,1,786,3,1,3,Needs Attention,313
16124,157,1,777,3,1,3,Needs Attention,313
16125,129,1,811,4,1,3,New Customers,413
16126,165,1,608,3,1,3,Needs Attention,313
16127,337,1,1155,1,1,4,At Risk (high value),114
16128,245,1,1120,2,1,3,Hibernating,213
16129,341,1,1155,1,1,4,At Risk (high value),114
16130,270,1,1134,2,1,3,Hibernating,213
16131,95,1,540,4,1,3,New Customers,413
16132,100,1,604,4,1,3,New Customers,413
16133,158,1,571,3,1,3,Needs Attention,313
16134,136,1,777,3,1,3,Needs Attention,313
16135,151,1,777,3,1,3,Needs Attention,313
16136,205,1,43,3,1,2,Needs Attention,312
16137,126,1,1224,4,1,4,New Customers,414
16138,166,1,618,3,1,3,Needs Attention,313
16139,130,1,777,4,1,3,New Customers,413
16140,95,1,1283,4,1,4,New Customers,414
16141,165,1,575,3,1,3,Needs Attention,313
16142,170,1,575,3,1,3,Needs Attention,313
16143,127,1,791,4,1,3,New Customers,413
16144,319,1,1169,1,1,4,At Risk (high value),114
16145,142,1,40,3,1,2,Needs Attention,312
16146,172,1,35,3,1,1,Needs Attention,311
16147,238,1,75,2,1,2,Hibernating,212
16148,85,1,124,4,1,3,New Customers,413
16149,213,1,79,2,1,2,Hibernating,212
16150,115,1,42,4,1,2,New Customers,412
16151,260,1,201,2,1,3,Hibernating,213
16152,113,1,6,4,1,1,New Customers,411
16153,304,1,39,1,1,1,Hibernating,111
16154,309,1,43,1,1,2,Hibernating,112
16155,101,1,1229,4,1,4,New Customers,414
16156,320,1,69,1,1,2,Hibernating,112
16157,251,1,6,2,1,1,Hibernating,211
16158,232,1,60,2,1,2,Hibernating,212
16159,124,1,6,4,1,1,New Customers,411
16160,152,1,791,3,1,3,Needs Attention,313
16161,113,1,31,4,1,1,New Customers,411
16162,62,1,1237,5,1,4,New Customers,514
16163,79,1,540,4,1,3,New Customers,413
16164,271,1,7,2,1,1,Hibernating,211
16165,262,1,4,2,1,1,Hibernating,211
16166,170,1,4,3,1,1,Needs Attention,311
16167,104,1,827,4,1,3,New Customers,413
16168,261,1,1203,2,1,4,At Risk (high value),214
16169,103,1,68,4,1,2,New Customers,412
16170,57,1,1215,5,1,4,New Customers,514
16171,110,1,756,4,1,3,New Customers,413
16172,171,1,589,3,1,3,Needs Attention,313
16173,95,1,23,4,1,1,New Customers,411
16174,328,1,60,1,1,2,Hibernating,112
16175,141,1,7,3,1,1,Needs Attention,311
16176,74,1,565,4,1,3,New Customers,413
16177,345,1,21,1,1,1,Hibernating,111
16178,57,1,28,5,1,1,New Customers,511
16179,40,1,25,5,1,1,New Customers,511
16180,160,1,549,3,1,3,Needs Attention,313
16181,61,1,1269,5,1,4,New Customers,514
16182,216,1,1155,2,1,4,At Risk (high value),214
16183,219,1,1174,2,1,4,At Risk (high value),214
16184,240,1,1147,2,1,3,Hibernating,213
16185,362,1,90,1,1,2,Hibernating,112
16186,82,1,589,4,1,3,New Customers,413
16187,81,1,600,4,1,3,New Customers,413
16188,44,1,7,5,1,1,New Customers,511
16189,114,1,5,4,1,1,New Customers,411
16190,141,1,58,3,1,2,Needs Attention,312
16191,25,1,36,5,1,1,New Customers,511
16192,10,1,29,5,1,1,New Customers,511
16193,350,1,34,1,1,1,Hibernating,111
16194,487,1,2049,1,1,4,At Risk (high value),114
16195,272,1,78,2,1,2,Hibernating,212
16196,108,2,4455,4,3,5,Potential Loyalists,435
16197,315,1,69,1,1,2,Hibernating,112
16198,248,1,36,2,1,1,Hibernating,211
16199,196,1,148,3,1,3,Needs Attention,313
16200,100,2,4468,4,3,5,Potential Loyalists,435
16201,74,1,36,4,1,1,New Customers,411
16202,96,2,4492,4,3,5,Potential Loyalists,435
16203,326,1,97,1,1,3,Hibernating,113
16204,104,1,19,4,1,1,New Customers,411
16205,186,1,5,3,1,1,Needs Attention,311
16206,463,1,2049,1,1,4,At Risk (high value),114
16207,473,1,2071,1,1,4,At Risk (high value),114
16208,329,1,5,1,1,1,Hibernating,111
16209,35,1,40,5,1,2,New Customers,512
16210,183,1,14,3,1,1,Needs Attention,311
16211,290,1,7,1,1,1,Hibernating,111
16212,478,1,2071,1,1,4,At Risk (high value),114
16213,474,1,2071,1,1,4,At Risk (high value),114
16214,109,1,7,4,1,1,New Customers,411
16215,273,1,188,2,1,3,Hibernating,213
16216,100,1,64,4,1,2,New Customers,412
16217,6,1,38,5,1,1,New Customers,511
16218,245,1,29,2,1,1,Hibernating,211
16219,291,1,6,1,1,1,Hibernating,111
16220,247,1,68,2,1,2,Hibernating,212
16221,139,1,39,3,1,1,Needs Attention,311
16222,275,1,4,2,1,1,Hibernating,211
16223,348,1,12,1,1,1,Hibernating,111
16224,309,1,6,1,1,1,Hibernating,111
16225,302,1,6,1,1,1,Hibernating,111
16226,142,1,28,3,1,1,Needs Attention,311
16227,481,1,2049,1,1,4,At Risk (high value),114
16228,464,1,2071,1,1,4,At Risk (high value),114
16229,477,1,2071,1,1,4,At Risk (high value),114
16230,341,1,93,1,1,3,Hibernating,113
16231,195,1,14,3,1,1,Needs Attention,311
16232,482,1,2049,1,1,4,At Risk (high value),114
16233,476,1,2049,1,1,4,At Risk (high value),114
16234,271,1,58,2,1,2,Hibernating,212
16235,475,1,2071,1,1,4,At Risk (high value),114
16236,465,1,2049,1,1,4,At Risk (high value),114
16237,81,1,34,4,1,1,New Customers,411
16238,275,1,29,2,1,1,Hibernating,211
16239,76,1,69,4,1,2,New Customers,412
16240,470,1,2071,1,1,4,At Risk (high value),114
16241,478,1,2049,1,1,4,At Risk (high value),114
16242,242,1,29,2,1,1,Hibernating,211
16243,584,1,783,1,1,3,Hibernating,113
16244,287,1,55,2,1,2,Hibernating,212
16245,34,1,36,5,1,1,New Customers,511
16246,90,1,34,4,1,1,New Customers,411
16247,260,1,29,2,1,1,Hibernating,211
16248,256,1,69,2,1,2,Hibernating,212
16249,171,1,36,3,1,1,Needs Attention,311
16250,340,1,29,1,1,1,Hibernating,111
16251,119,2,4588,4,3,5,Potential Loyalists,435
16252,484,1,2049,1,1,4,At Risk (high value),114
16253,581,1,783,1,1,3,Hibernating,113
16254,581,1,783,1,1,3,Hibernating,113
16255,466,1,2049,1,1,4,At Risk (high value),114
16256,476,1,2049,1,1,4,At Risk (high value),114
16257,465,1,2071,1,1,4,At Risk (high value),114
16258,459,1,2071,1,1,4,At Risk (high value),114
16259,453,1,2071,1,1,4,At Risk (high value),114
16260,590,1,783,1,1,3,Hibernating,113
16261,454,1,2049,1,1,4,At Risk (high value),114
16262,437,1,2049,1,1,4,At Risk (high value),114
16263,433,1,2049,1,1,4,At Risk (high value),114
16264,455,1,2049,1,1,4,At Risk (high value),114
16265,439,1,2071,1,1,4,At Risk (high value),114
16266,605,1,783,1,1,3,Hibernating,113
16267,453,1,2071,1,1,4,At Risk (high value),114
16268,533,1,783,1,1,3,Hibernating,113
16269,451,1,2049,1,1,4,At Risk (high value),114
16270,445,1,2049,1,1,4,At Risk (high value),114
16271,496,1,783,1,1,3,Hibernating,113
16272,432,1,2071,1,1,4,At Risk (high value),114
16273,447,1,2049,1,1,4,At Risk (high value),114
16274,101,2,4490,4,3,5,Potential Loyalists,435
16275,106,2,4468,4,3,5,Potential Loyalists,435
16276,428,1,2049,1,1,4,At Risk (high value),114
16277,433,1,2049,1,1,4,At Risk (high value),114
16278,430,1,2071,1,1,4,At Risk (high value),114
16279,78,1,29,4,1,1,New Customers,411
16280,120,2,4490,4,3,5,Potential Loyalists,435
16281,121,2,4447,4,3,5,Potential Loyalists,435
16282,105,2,4540,4,3,5,Potential Loyalists,435
16283,113,1,70,4,1,2,New Customers,412
16284,354,1,120,1,1,3,Hibernating,113
16285,250,1,123,2,1,3,Hibernating,213
16286,499,1,783,1,1,3,Hibernating,113
16287,435,1,2071,1,1,4,At Risk (high value),114
16288,97,2,4484,4,3,5,Potential Loyalists,435
16289,95,2,4442,4,3,5,Potential Loyalists,435
16290,457,1,2071,1,1,4,At Risk (high value),114
16291,187,1,29,3,1,1,Needs Attention,311
16292,96,2,4455,4,3,5,Potential Loyalists,435
16293,455,1,2049,1,1,4,At Risk (high value),114
16294,344,1,89,1,1,2,Hibernating,112
16295,117,2,4540,4,3,5,Potential Loyalists,435
16296,114,2,4442,4,3,5,Potential Loyalists,435
16297,117,2,4518,4,3,5,Potential Loyalists,435
16298,493,1,783,1,1,3,Hibernating,113
16299,494,1,783,1,1,3,Hibernating,113
16300,275,2,1323,2,3,4,At Risk (high value),234
16301,317,1,7,1,1,1,Hibernating,111
16302,97,1,69,4,1,2,New Customers,412
16303,47,1,36,5,1,1,New Customers,511
16304,191,1,29,3,1,1,Needs Attention,311
16305,121,1,43,4,1,2,New Customers,412
16306,45,1,1715,5,1,4,New Customers,514
16307,166,1,29,3,1,1,Needs Attention,311
16308,195,1,69,3,1,2,Needs Attention,312
16309,297,1,6,1,1,1,Hibernating,111
16310,334,1,2457,1,1,4,At Risk (high value),114
16311,103,1,69,4,1,2,New Customers,412
16312,195,1,34,3,1,1,Needs Attention,311
16313,112,1,34,4,1,1,New Customers,411
16314,269,1,34,2,1,1,Hibernating,211
16315,196,1,69,3,1,2,Needs Attention,312
16316,23,1,69,5,1,2,New Customers,512
16317,332,1,2443,1,1,4,At Risk (high value),114
16318,98,1,6,4,1,1,New Customers,411
16319,25,1,43,5,1,2,New Customers,512
16320,35,1,1775,5,1,4,New Customers,514
16321,73,1,34,5,1,1,New Customers,511
16322,340,1,29,1,1,1,Hibernating,111
16323,302,1,36,1,1,1,Hibernating,111
16324,360,1,84,1,1,2,Hibernating,112
16325,51,1,2365,5,1,4,New Customers,514
16326,322,1,201,1,1,3,Hibernating,113
16327,196,1,84,3,1,2,Needs Attention,312
16328,249,1,34,2,1,1,Hibernating,211
16329,8,1,69,5,1,2,New Customers,512
16330,228,1,40,2,1,2,Hibernating,212
16331,33,1,43,5,1,2,New Customers,512
16332,361,1,4,1,1,1,Hibernating,111
16333,140,1,7,3,1,1,Needs Attention,311
16334,95,1,29,4,1,1,New Customers,411
16335,150,1,5,3,1,1,Needs Attention,311
16336,42,1,40,5,1,2,New Customers,512
16337,292,1,36,1,1,1,Hibernating,111
16338,154,1,12,3,1,1,Needs Attention,311
16339,304,2,1340,1,3,4,At Risk (high value),134
16340,301,2,1337,1,3,4,At Risk (high value),134
16341,275,2,1350,2,3,4,At Risk (high value),234
16342,259,2,1323,2,3,4,At Risk (high value),234
16343,258,2,1348,2,3,4,At Risk (high value),234
16344,207,1,133,2,1,3,Hibernating,213
16345,253,1,70,2,1,2,Hibernating,212
16346,94,1,70,4,1,2,New Customers,412
16347,270,2,1391,2,3,4,At Risk (high value),234
16348,229,1,79,2,1,2,Hibernating,212
16349,225,2,1382,2,3,4,At Risk (high value),234
16350,19,1,124,5,1,3,New Customers,513
16351,303,1,70,1,1,2,Hibernating,112
16352,238,1,124,2,1,3,Hibernating,213
16353,244,2,1358,2,3,4,At Risk (high value),234
16354,234,2,1372,2,3,4,At Risk (high value),234
16355,220,2,1323,2,3,4,At Risk (high value),234
16356,234,2,1383,2,3,4,At Risk (high value),234
16357,237,2,1337,2,3,4,At Risk (high value),234
16358,135,1,70,3,1,2,Needs Attention,312
16359,277,1,79,2,1,2,Hibernating,212
16360,214,2,1344,2,3,4,At Risk (high value),234
16361,290,1,70,1,1,2,Hibernating,112
16362,132,1,70,4,1,2,New Customers,412
16363,239,2,1407,2,3,4,At Risk (high value),234
16364,204,1,133,3,1,3,Needs Attention,313
16365,334,1,79,1,1,2,Hibernating,112
16366,224,2,1372,2,3,4,At Risk (high value),234
16367,234,2,1323,2,3,4,At Risk (high value),234
16368,174,1,70,3,1,2,Needs Attention,312
16369,329,1,133,1,1,3,Hibernating,113
16370,254,1,79,2,1,2,Hibernating,212
16371,236,2,1323,2,3,4,At Risk (high value),234
16372,233,2,1350,2,3,4,At Risk (high value),234
16373,30,1,39,5,1,1,New Customers,511
16374,250,1,39,2,1,1,Hibernating,211
16375,74,1,6,4,1,1,New Customers,411
16376,315,1,6,1,1,1,Hibernating,111
16377,77,1,6,4,1,1,New Customers,411
16378,26,1,129,5,1,3,New Customers,513
16379,107,1,79,4,1,2,New Customers,412
16380,177,1,153,3,1,3,Needs Attention,313
16381,249,1,70,2,1,2,Hibernating,212
16382,72,1,69,5,1,2,New Customers,512
16383,291,1,36,1,1,1,Hibernating,111
16384,6,1,69,5,1,2,New Customers,512
16385,237,1,79,2,1,2,Hibernating,212
16386,135,1,69,3,1,2,Needs Attention,312
16387,181,1,36,3,1,1,Needs Attention,311
16388,308,1,34,1,1,1,Hibernating,111
16389,292,1,84,1,1,2,Hibernating,112
16390,329,1,29,1,1,1,Hibernating,111
16391,52,1,48,5,1,2,New Customers,512
16392,198,1,34,3,1,1,Needs Attention,311
16393,2,1,23,5,1,1,New Customers,511
16394,323,1,124,1,1,3,Hibernating,113
16395,147,1,30,3,1,1,Needs Attention,311
16396,118,1,75,4,1,2,New Customers,412
16397,167,1,89,3,1,2,Needs Attention,312
16398,67,1,33,5,1,1,New Customers,511
16399,122,1,27,4,1,1,New Customers,411
16400,280,1,84,2,1,2,Hibernating,212
16401,360,1,70,1,1,2,Hibernating,112
16402,274,1,70,2,1,2,Hibernating,212
16403,100,1,129,4,1,3,New Customers,413
16404,74,1,133,4,1,3,New Customers,413
16405,493,1,783,1,1,3,Hibernating,113
16406,456,1,2071,1,1,4,At Risk (high value),114
16407,114,2,1358,4,3,4,Potential Loyalists,434
16408,102,2,4490,4,3,5,Potential Loyalists,435
16409,148,1,78,3,1,2,Needs Attention,312
16410,224,1,60,2,1,2,Hibernating,212
16411,255,1,23,2,1,1,Hibernating,211
16412,239,1,23,2,1,1,Hibernating,211
16413,96,1,69,4,1,2,New Customers,412
16414,244,1,104,2,1,3,Hibernating,213
16415,195,1,5,3,1,1,Needs Attention,311
16416,362,1,70,1,1,2,Hibernating,112
16417,432,1,2049,1,1,4,At Risk (high value),114
16418,100,1,21,4,1,1,New Customers,411
16419,109,2,4490,4,3,5,Potential Loyalists,435
16420,235,1,70,2,1,2,Hibernating,212
16421,354,1,70,1,1,2,Hibernating,112
16422,450,1,2049,1,1,4,At Risk (high value),114
16423,116,1,60,4,1,2,New Customers,412
16424,440,1,2071,1,1,4,At Risk (high value),114
16425,435,1,2049,1,1,4,At Risk (high value),114
16426,457,1,2049,1,1,4,At Risk (high value),114
16427,178,1,23,3,1,1,Needs Attention,311
16428,102,2,4490,4,3,5,Potential Loyalists,435
16429,214,1,94,2,1,3,Hibernating,213
16430,463,1,783,1,1,3,Hibernating,113
16431,189,1,33,3,1,1,Needs Attention,311
16432,430,1,2049,1,1,4,At Risk (high value),114
16433,78,1,27,4,1,1,New Customers,411
16434,185,1,27,3,1,1,Needs Attention,311
16435,6,1,36,5,1,1,New Customers,511
16436,265,1,89,2,1,2,Hibernating,212
16437,74,1,94,4,1,3,New Customers,413
16438,302,1,79,1,1,2,Hibernating,112
16439,253,1,27,2,1,1,Hibernating,211
16440,109,2,4462,4,3,5,Potential Loyalists,435
16441,106,2,4447,4,3,5,Potential Loyalists,435
16442,357,1,79,1,1,2,Hibernating,112
16443,246,1,27,2,1,1,Hibernating,211
16444,277,1,23,2,1,1,Hibernating,211
16445,99,1,31,4,1,1,New Customers,411
16446,95,1,34,4,1,1,New Customers,411
16447,105,2,4468,4,3,5,Potential Loyalists,435
16448,113,2,4490,4,3,5,Potential Loyalists,435
16449,436,1,2071,1,1,4,At Risk (high value),114
16450,116,2,4482,4,3,5,Potential Loyalists,435
16451,109,2,4514,4,3,5,Potential Loyalists,435
16452,182,1,37,3,1,1,Needs Attention,311
16453,98,2,4544,4,3,5,Potential Loyalists,435
16454,120,2,4468,4,3,5,Potential Loyalists,435
16455,229,1,7,2,1,1,Hibernating,211
16456,96,2,4533,4,3,5,Potential Loyalists,435
16457,106,1,58,4,1,2,New Customers,412
16458,153,1,58,3,1,2,Needs Attention,312
16459,211,1,69,2,1,2,Hibernating,212
16460,102,2,4552,4,3,5,Potential Loyalists,435
16461,96,2,4490,4,3,5,Potential Loyalists,435
16462,203,1,110,3,1,3,Needs Attention,313
16463,85,1,35,4,1,1,New Customers,411
16464,324,1,23,1,1,1,Hibernating,111
16465,133,1,6,4,1,1,New Customers,411
16466,234,1,12,2,1,1,Hibernating,211
16467,234,1,67,2,1,2,Hibernating,212
16468,405,1,2049,1,1,4,At Risk (high value),114
16469,409,1,2071,1,1,4,At Risk (high value),114
16470,36,2,1332,5,3,4,Potential Loyalists,534
16471,45,2,1372,5,3,4,Potential Loyalists,534
16472,34,2,1387,5,3,4,Potential Loyalists,534
16473,60,2,1346,5,3,4,Potential Loyalists,534
16474,32,2,1398,5,3,4,Potential Loyalists,534
16475,198,1,60,3,1,2,Needs Attention,312
16476,34,1,33,5,1,1,New Customers,511
16477,66,1,25,5,1,1,New Customers,511
16478,213,1,23,2,1,1,Hibernating,211
16479,295,1,27,1,1,1,Hibernating,111
16480,307,1,23,1,1,1,Hibernating,111
16481,6,1,119,5,1,3,New Customers,513
16482,174,1,58,3,1,2,Needs Attention,312
16483,329,1,39,1,1,1,Hibernating,111
16484,45,2,1382,5,3,4,Potential Loyalists,534
16485,49,2,1323,5,3,4,Potential Loyalists,534
16486,61,2,1354,5,3,4,Potential Loyalists,534
16487,53,2,1372,5,3,4,Potential Loyalists,534
16488,45,2,1323,5,3,4,Potential Loyalists,534
16489,45,2,1323,5,3,4,Potential Loyalists,534
16490,36,2,1383,5,3,4,Potential Loyalists,534
16491,45,2,1332,5,3,4,Potential Loyalists,534
16492,201,1,39,3,1,1,Needs Attention,311
16493,59,2,1345,5,3,4,Potential Loyalists,534
16494,49,2,1353,5,3,4,Potential Loyalists,534
16495,92,2,1952,4,3,4,Potential Loyalists,434
16496,133,1,35,4,1,1,New Customers,411
16497,275,1,42,2,1,2,Hibernating,212
16498,230,1,37,2,1,1,Hibernating,211
16499,226,2,1350,2,3,4,At Risk (high value),234
16500,233,2,1332,2,3,4,At Risk (high value),234
16501,211,2,1372,2,3,4,At Risk (high value),234
16502,202,1,578,3,1,3,Needs Attention,313
16503,364,1,70,1,1,2,Hibernating,112
16504,179,1,21,3,1,1,Needs Attention,311
16505,418,1,2071,1,1,4,At Risk (high value),114
16506,154,1,25,3,1,1,Needs Attention,311
16507,198,1,33,3,1,1,Needs Attention,311
16508,22,1,27,5,1,1,New Customers,511
16509,411,1,2071,1,1,4,At Risk (high value),114
16510,315,1,60,1,1,2,Hibernating,112
16511,94,1,31,4,1,1,New Customers,411
16512,188,1,549,3,1,3,Needs Attention,313
16513,211,1,540,2,1,3,Hibernating,213
16514,208,1,563,2,1,3,Hibernating,213
16515,191,1,540,3,1,3,Needs Attention,313
16516,212,1,540,2,1,3,Hibernating,213
16517,27,1,124,5,1,3,New Customers,513
16518,183,1,540,3,1,3,Needs Attention,313
16519,268,1,124,2,1,3,Hibernating,213
16520,60,1,79,5,1,2,New Customers,512
16521,256,1,79,2,1,2,Hibernating,212
16522,115,2,4462,4,3,5,Potential Loyalists,435
16523,180,1,70,3,1,2,Needs Attention,312
16524,406,1,2049,1,1,4,At Risk (high value),114
16525,402,1,2049,1,1,4,At Risk (high value),114
16526,327,1,182,1,1,3,Hibernating,113
16527,313,1,23,1,1,1,Hibernating,111
16528,101,2,4514,4,3,5,Potential Loyalists,435
16529,141,1,89,3,1,2,Needs Attention,312
16530,160,1,58,3,1,2,Needs Attention,312
16531,311,1,48,1,1,2,Hibernating,112
16532,413,1,2071,1,1,4,At Risk (high value),114
16533,31,1,23,5,1,1,New Customers,511
16534,288,1,25,2,1,1,Hibernating,211
16535,418,1,2071,1,1,4,At Risk (high value),114
16536,420,1,2049,1,1,4,At Risk (high value),114
16537,430,1,783,1,1,3,Hibernating,113
16538,119,2,4469,4,3,5,Potential Loyalists,435
16539,9,1,84,5,1,2,New Customers,512
16540,66,2,4468,5,3,5,Potential Loyalists,535
16541,88,2,4504,4,3,5,Potential Loyalists,435
16542,92,2,4490,4,3,5,Potential Loyalists,435
16543,62,2,4533,5,3,5,Potential Loyalists,535
16544,77,2,4468,4,3,5,Potential Loyalists,435
16545,406,1,2071,1,1,4,At Risk (high value),114
16546,430,1,783,1,1,3,Hibernating,113
16547,404,1,2049,1,1,4,At Risk (high value),114
16548,422,1,2071,1,1,4,At Risk (high value),114
16549,37,1,27,5,1,1,New Customers,511
16550,427,1,2071,1,1,4,At Risk (high value),114
16551,428,1,783,1,1,3,Hibernating,113
16552,419,1,2049,1,1,4,At Risk (high value),114
16553,418,1,2071,1,1,4,At Risk (high value),114
16554,426,1,2049,1,1,4,At Risk (high value),114
16555,409,1,2071,1,1,4,At Risk (high value),114
16556,415,1,2049,1,1,4,At Risk (high value),114
16557,399,1,2049,1,1,4,At Risk (high value),114
16558,453,1,783,1,1,3,Hibernating,113
16559,419,1,2049,1,1,4,At Risk (high value),114
16560,401,1,2049,1,1,4,At Risk (high value),114
16561,433,1,783,1,1,3,Hibernating,113
16562,337,1,84,1,1,2,Hibernating,112
16563,5,1,94,5,1,3,New Customers,513
16564,215,1,84,2,1,2,Hibernating,212
16565,248,1,60,2,1,2,Hibernating,212
16566,336,1,33,1,1,1,Hibernating,111
16567,224,1,27,2,1,1,Hibernating,211
16568,80,1,21,4,1,1,New Customers,411
16569,84,2,4490,4,3,5,Potential Loyalists,435
16570,62,2,4464,5,3,5,Potential Loyalists,535
16571,82,2,4518,4,3,5,Potential Loyalists,435
16572,71,2,4484,5,3,5,Potential Loyalists,535
16573,70,2,4490,5,3,5,Potential Loyalists,535
16574,79,2,4490,4,3,5,Potential Loyalists,435
16575,83,2,4456,4,3,5,Potential Loyalists,435
16576,425,1,2071,1,1,4,At Risk (high value),114
16577,414,1,2071,1,1,4,At Risk (high value),114
16578,1119,1,3578,1,1,5,At Risk (high value),115
16579,1111,1,3578,1,1,5,At Risk (high value),115
16580,103,1,69,4,1,2,New Customers,412
16581,115,1,40,4,1,2,New Customers,412
16582,172,1,540,3,1,3,Needs Attention,313
16583,174,1,562,3,1,3,Needs Attention,313
16584,174,1,554,3,1,3,Needs Attention,313
16585,161,1,599,3,1,3,Needs Attention,313
16586,168,1,563,3,1,3,Needs Attention,313
16587,74,1,1120,4,1,3,New Customers,413
16588,66,1,1145,5,1,3,New Customers,513
16589,67,1,15,5,1,1,New Customers,511
16590,59,1,1183,5,1,4,New Customers,514
16591,37,1,1189,5,1,4,New Customers,514
16592,39,1,5,5,1,1,New Customers,511
16593,172,1,5,3,1,1,Needs Attention,311
16594,136,1,14,3,1,1,Needs Attention,311
16595,323,1,40,1,1,2,Hibernating,112
16596,42,1,64,5,1,2,New Customers,512
16597,284,1,64,2,1,2,Hibernating,212
16598,123,1,564,4,1,3,New Customers,413
16599,150,1,556,3,1,3,Needs Attention,313
16600,140,1,604,3,1,3,Needs Attention,313
16601,104,1,23,4,1,1,New Customers,411
16602,1123,1,3578,1,1,5,At Risk (high value),115
16603,408,1,783,1,1,3,Hibernating,113
16604,207,1,93,2,1,3,Hibernating,213
16605,1118,1,3578,1,1,5,At Risk (high value),115
16606,1099,1,3578,1,1,5,At Risk (high value),115
16607,71,2,5997,5,3,5,Potential Loyalists,535
16608,314,1,7,1,1,1,Hibernating,111
16609,86,1,34,4,1,1,New Customers,411
16610,211,1,36,2,1,1,Hibernating,211
16611,256,1,43,2,1,2,Hibernating,212
16612,1099,1,3578,1,1,5,At Risk (high value),115
16613,1122,1,3578,1,1,5,At Risk (high value),115
16614,421,1,783,1,1,3,Hibernating,113
16615,1109,1,3578,1,1,5,At Risk (high value),115
16616,82,2,5998,4,3,5,Potential Loyalists,435
16617,81,2,5998,4,3,5,Potential Loyalists,435
16618,63,2,5976,5,3,5,Potential Loyalists,535
16619,179,1,69,3,1,2,Needs Attention,312
16620,202,1,34,3,1,1,Needs Attention,311
16621,129,1,89,4,1,2,New Customers,412
16622,70,2,5971,5,3,5,Potential Loyalists,535
16623,149,1,29,3,1,1,Needs Attention,311
16624,84,2,5984,4,3,5,Potential Loyalists,435
16625,362,1,29,1,1,1,Hibernating,111
16626,81,2,5971,4,3,5,Potential Loyalists,435
16627,68,1,34,5,1,1,New Customers,511
16628,171,1,36,3,1,1,Needs Attention,311
16629,177,1,5,3,1,1,Needs Attention,311
16630,30,1,36,5,1,1,New Customers,511
16631,255,1,43,2,1,2,Hibernating,212
16632,318,1,34,1,1,1,Hibernating,111
16633,122,1,40,4,1,2,New Customers,412
16634,201,1,22,3,1,1,Needs Attention,311
16635,75,1,567,4,1,3,New Customers,413
16636,45,1,93,5,1,3,New Customers,513
16637,64,2,6011,5,3,5,Potential Loyalists,535
16638,209,1,69,2,1,2,Hibernating,212
16639,241,1,36,2,1,1,Hibernating,211
16640,185,1,21,3,1,1,Needs Attention,311
16641,2,1,60,5,1,2,New Customers,512
16642,92,2,5962,4,3,5,Potential Loyalists,435
16643,130,1,30,4,1,1,New Customers,411
16644,109,1,55,4,1,2,New Customers,412
16645,133,1,23,4,1,1,New Customers,411
16646,71,2,6051,5,3,5,Potential Loyalists,535
16647,70,2,5997,5,3,5,Potential Loyalists,535
16648,18,1,21,5,1,1,New Customers,511
16649,201,1,23,3,1,1,Needs Attention,311
16650,1109,1,3578,1,1,5,At Risk (high value),115
16651,130,1,23,4,1,1,New Customers,411
16652,71,2,6021,5,3,5,Potential Loyalists,535
16653,177,1,75,3,1,2,Needs Attention,312
16654,256,1,129,2,1,3,Hibernating,213
16655,307,1,21,1,1,1,Hibernating,111
16656,110,1,21,4,1,1,New Customers,411
16657,177,1,70,3,1,2,Needs Attention,312
16658,62,1,84,5,1,2,New Customers,512
16659,301,1,27,1,1,1,Hibernating,111
16660,366,1,75,1,1,2,Hibernating,112
16661,36,1,21,5,1,1,New Customers,511
16662,339,1,23,1,1,1,Hibernating,111
16663,88,2,5997,4,3,5,Potential Loyalists,435
16664,74,2,6047,4,3,5,Potential Loyalists,435
16665,289,1,60,1,1,2,Hibernating,112
16666,246,1,21,2,1,1,Hibernating,211
16667,1119,1,3578,1,1,5,At Risk (high value),115
16668,62,2,5997,5,3,5,Potential Loyalists,535
16669,79,2,6006,4,3,5,Potential Loyalists,435
16670,84,2,5997,4,3,5,Potential Loyalists,435
16671,87,2,5976,4,3,5,Potential Loyalists,435
16672,77,2,5997,4,3,5,Potential Loyalists,435
16673,888,1,3578,1,1,5,At Risk (high value),115
16674,1097,1,3578,1,1,5,At Risk (high value),115
16675,162,1,21,3,1,1,Needs Attention,311
16676,229,1,27,2,1,1,Hibernating,211
16677,16,1,34,5,1,1,New Customers,511
16678,191,1,84,3,1,2,Needs Attention,312
16679,1077,1,3578,1,1,5,At Risk (high value),115
16680,184,1,31,3,1,1,Needs Attention,311
16681,297,1,35,1,1,1,Hibernating,111
16682,1079,1,3578,1,1,5,At Risk (high value),115
16683,65,1,23,5,1,1,New Customers,511
16684,150,1,39,3,1,1,Needs Attention,311
16685,148,1,60,3,1,2,Needs Attention,312
16686,47,1,75,5,1,2,New Customers,512
16687,1,1,75,5,1,2,New Customers,512
16688,38,1,1183,5,1,4,New Customers,514
16689,366,1,166,1,1,3,Hibernating,113
16690,138,1,540,3,1,3,Needs Attention,313
16691,133,1,575,4,1,3,New Customers,413
16692,146,1,604,3,1,3,Needs Attention,313
16693,150,1,604,3,1,3,Needs Attention,313
16694,141,1,540,3,1,3,Needs Attention,313
16695,42,1,1184,5,1,4,New Customers,514
16696,60,1,1120,5,1,3,New Customers,513
16697,53,1,1183,5,1,4,New Customers,514
16698,53,1,1120,5,1,3,New Customers,513
16699,52,1,1179,5,1,4,New Customers,514
16700,41,1,1155,5,1,4,New Customers,514
16701,263,1,40,2,1,2,Hibernating,212
16702,40,1,1155,5,1,4,New Customers,514
16703,54,1,1155,5,1,4,New Customers,514
16704,221,1,5,2,1,1,Hibernating,211
16705,326,1,42,1,1,2,Hibernating,112
16706,58,1,40,5,1,2,New Customers,512
16707,143,1,554,3,1,3,Needs Attention,313
16708,136,1,561,3,1,3,Needs Attention,313
16709,151,1,64,3,1,2,Needs Attention,312
16710,149,1,629,3,1,3,Needs Attention,313
16711,111,1,563,4,1,3,New Customers,413
16712,121,1,618,4,1,3,New Customers,413
16713,34,1,1174,5,1,4,New Customers,514
16714,52,1,1158,5,1,4,New Customers,514
16715,48,1,1155,5,1,4,New Customers,514
16716,53,1,1147,5,1,3,New Customers,513
16717,214,1,7,2,1,1,Hibernating,211
16718,56,1,13,5,1,1,New Customers,511
16719,232,1,59,2,1,2,Hibernating,212
16720,116,1,599,4,1,3,New Customers,413
16721,333,1,40,1,1,2,Hibernating,112
16722,98,1,166,4,1,3,New Customers,413
16723,113,1,564,4,1,3,New Customers,413
16724,40,1,1155,5,1,4,New Customers,514
16725,125,1,70,4,1,2,New Customers,412
16726,97,1,120,4,1,3,New Customers,413
16727,1090,1,3578,1,1,5,At Risk (high value),115
16728,313,1,6,1,1,1,Hibernating,111
16729,67,1,68,5,1,2,New Customers,512
16730,352,1,13,1,1,1,Hibernating,111
16731,268,1,4,2,1,1,Hibernating,211
16732,48,1,70,5,1,2,New Customers,512
16733,81,1,30,4,1,1,New Customers,411
16734,48,1,157,5,1,3,New Customers,513
16735,238,1,120,2,1,3,Hibernating,213
16736,5,1,84,5,1,2,New Customers,512
16737,59,1,60,5,1,2,New Customers,512
16738,252,1,23,2,1,1,Hibernating,211
16739,131,1,79,4,1,2,New Customers,412
16740,259,1,70,2,1,2,Hibernating,212
16741,318,1,25,1,1,1,Hibernating,111
16742,8,1,23,5,1,1,New Customers,511
16743,87,1,21,4,1,1,New Customers,411
16744,51,1,1155,5,1,4,New Customers,514
16745,373,1,643,1,1,3,Hibernating,113
16746,388,1,618,1,1,3,Hibernating,113
16747,336,1,629,1,1,3,Hibernating,113
16748,59,1,84,5,1,2,New Customers,512
16749,119,1,23,4,1,1,New Customers,411
16750,168,1,21,3,1,1,Needs Attention,311
16751,135,1,23,3,1,1,Needs Attention,311
16752,245,1,75,2,1,2,Hibernating,212
16753,894,1,3578,1,1,5,At Risk (high value),115
16754,314,1,25,1,1,1,Hibernating,111
16755,160,1,23,3,1,1,Needs Attention,311
16756,268,1,60,2,1,2,Hibernating,212
16757,196,1,70,3,1,2,Needs Attention,312
16758,310,1,133,1,1,3,Hibernating,113
16759,310,1,70,1,1,2,Hibernating,112
16760,1077,1,3578,1,1,5,At Risk (high value),115
16761,244,1,1169,2,1,4,At Risk (high value),214
16762,232,1,1155,2,1,4,At Risk (high value),214
16763,84,1,575,4,1,3,New Customers,413
16764,116,1,785,4,1,3,New Customers,413
16765,107,1,776,4,1,3,New Customers,413
16766,374,1,742,1,1,3,Hibernating,113
16767,391,1,827,1,1,3,Hibernating,113
16768,397,1,776,1,1,3,Hibernating,113
16769,104,1,742,4,1,3,New Customers,413
16770,98,1,776,4,1,3,New Customers,413
16771,341,1,751,1,1,3,Hibernating,113
16772,116,1,777,4,1,3,New Customers,413
16773,328,1,124,1,1,3,Hibernating,113
16774,70,1,777,5,1,3,New Customers,513
16775,343,1,771,1,1,3,Hibernating,113
16776,219,1,1120,2,1,3,Hibernating,213
16777,77,1,751,4,1,3,New Customers,413
16778,343,1,778,1,1,3,Hibernating,113
16779,181,1,540,3,1,3,Needs Attention,313
16780,75,1,40,4,1,2,New Customers,412
16781,76,1,777,4,1,3,New Customers,413
16782,155,1,575,3,1,3,Needs Attention,313
16783,338,1,48,1,1,2,Hibernating,112
16784,302,1,165,1,1,3,Hibernating,113
16785,70,1,751,5,1,3,New Customers,513
16786,189,1,39,3,1,1,Needs Attention,311
16787,146,1,575,3,1,3,Needs Attention,313
16788,338,1,69,1,1,2,Hibernating,112
16789,324,1,6,1,1,1,Hibernating,111
16790,152,1,554,3,1,3,Needs Attention,313
16791,146,1,563,3,1,3,Needs Attention,313
16792,333,1,777,1,1,3,Hibernating,113
16793,325,1,751,1,1,3,Hibernating,113
16794,24,1,55,5,1,2,New Customers,512
16795,332,1,25,1,1,1,Hibernating,111
16796,210,1,1174,2,1,4,At Risk (high value),214
16797,179,1,1134,3,1,3,Needs Attention,313
16798,244,1,1120,2,1,3,Hibernating,213
16799,200,1,1174,3,1,4,Needs Attention,314
16800,376,1,1174,1,1,4,At Risk (high value),114
16801,361,1,1120,1,1,3,Hibernating,113
16802,335,1,777,1,1,3,Hibernating,113
16803,134,1,561,3,1,3,Needs Attention,313
16804,261,1,40,2,1,2,Hibernating,212
16805,126,1,54,4,1,2,New Customers,412
16806,79,1,49,4,1,2,New Customers,412
16807,344,1,4,1,1,1,Hibernating,111
16808,346,1,5,1,1,1,Hibernating,111
16809,77,1,866,4,1,3,New Customers,413
16810,195,1,1164,3,1,4,Needs Attention,314
16811,46,1,578,5,1,3,New Customers,513
16812,193,1,1155,3,1,4,Needs Attention,314
16813,164,1,40,3,1,2,Needs Attention,312
16814,164,1,23,3,1,1,Needs Attention,311
16815,319,1,182,1,1,3,Hibernating,113
16816,348,1,110,1,1,3,Hibernating,113
16817,250,1,49,2,1,2,Hibernating,212
16818,43,1,563,5,1,3,New Customers,513
16819,33,1,608,5,1,3,New Customers,513
16820,380,1,2419,1,1,4,At Risk (high value),114
16821,396,1,2419,1,1,4,At Risk (high value),114
16822,351,1,2428,1,1,4,At Risk (high value),114
16823,189,1,34,3,1,1,Needs Attention,311
16824,208,1,1164,2,1,4,At Risk (high value),214
16825,89,1,786,4,1,3,New Customers,413
16826,279,1,901,2,1,3,Hibernating,213
16827,283,1,23,2,1,1,Hibernating,211
16828,83,1,25,4,1,1,New Customers,411
16829,312,1,27,1,1,1,Hibernating,111
16830,57,1,40,5,1,2,New Customers,512
16831,82,1,60,4,1,2,New Customers,412
16832,6,1,27,5,1,1,New Customers,511
16833,171,1,21,3,1,1,Needs Attention,311
16834,72,1,21,5,1,1,New Customers,511
16835,204,1,14,3,1,1,Needs Attention,311
16836,340,1,43,1,1,2,Hibernating,112
16837,318,1,5,1,1,1,Hibernating,111
16838,348,1,60,1,1,2,Hibernating,112
16839,66,1,30,5,1,1,New Customers,511
16840,322,1,2419,1,1,4,At Risk (high value),114
16841,244,1,49,2,1,2,Hibernating,212
16842,316,1,60,1,1,2,Hibernating,112
16843,215,1,23,2,1,1,Hibernating,211
16844,204,1,27,3,1,1,Needs Attention,311
16845,225,1,90,2,1,2,Hibernating,212
16846,88,1,751,4,1,3,New Customers,413
16847,57,1,791,5,1,3,New Customers,513
16848,225,1,23,2,1,1,Hibernating,211
16849,93,1,27,4,1,1,New Customers,411
16850,83,1,40,4,1,2,New Customers,412
16851,308,1,73,1,1,2,Hibernating,112
16852,296,1,40,1,1,2,Hibernating,112
16853,140,1,575,3,1,3,Needs Attention,313
16854,129,1,19,4,1,1,New Customers,411
16855,58,1,750,5,1,3,New Customers,513
16856,88,1,23,4,1,1,New Customers,411
16857,125,1,578,4,1,3,New Customers,413
16858,321,1,40,1,1,2,Hibernating,112
16859,193,1,75,3,1,2,Needs Attention,312
16860,292,1,777,1,1,3,Hibernating,113
16861,39,1,615,5,1,3,New Customers,513
16862,40,1,540,5,1,3,New Customers,513
16863,39,1,549,5,1,3,New Customers,513
16864,42,1,565,5,1,3,New Customers,513
16865,241,1,2447,2,1,4,At Risk (high value),214
16866,236,1,2419,2,1,4,At Risk (high value),214
16867,207,1,2398,2,1,4,At Risk (high value),214
16868,175,1,2443,3,1,4,Needs Attention,314
16869,122,1,2419,4,1,4,New Customers,414
16870,98,1,2462,4,1,4,New Customers,414
16871,78,1,2419,4,1,4,New Customers,414
16872,37,1,2384,5,1,4,New Customers,514
16873,43,1,2393,5,1,4,New Customers,514
16874,397,1,1250,1,1,4,At Risk (high value),114
16875,324,1,1288,1,1,4,At Risk (high value),114
16876,324,1,1269,1,1,4,At Risk (high value),114
16877,216,1,1215,2,1,4,At Risk (high value),214
16878,202,1,1229,3,1,4,Needs Attention,314
16879,179,1,1284,3,1,4,Needs Attention,314
16880,171,1,1314,3,1,4,Needs Attention,314
16881,293,1,2393,1,1,4,At Risk (high value),114
16882,44,1,777,5,1,3,New Customers,513
16883,292,1,791,1,1,3,Hibernating,113
16884,282,1,778,2,1,3,Hibernating,213
16885,289,1,756,1,1,3,Hibernating,113
16886,123,1,604,4,1,3,New Customers,413
16887,84,1,40,4,1,2,New Customers,412
16888,269,1,39,2,1,1,Hibernating,211
16889,43,1,23,5,1,1,New Customers,511
16890,96,1,72,4,1,2,New Customers,412
16891,139,1,561,3,1,3,Needs Attention,313
16892,138,1,598,3,1,3,Needs Attention,313
16893,119,1,649,4,1,3,New Customers,413
16894,121,1,35,4,1,1,New Customers,411
16895,103,1,549,4,1,3,New Customers,413
16896,45,1,811,5,1,3,New Customers,513
16897,94,1,540,4,1,3,New Customers,413
16898,249,1,750,2,1,3,Hibernating,213
16899,47,1,751,5,1,3,New Customers,513
16900,51,1,777,5,1,3,New Customers,513
16901,256,1,777,2,1,3,Hibernating,213
16902,285,1,2433,2,1,4,At Risk (high value),214
16903,183,1,1174,3,1,4,Needs Attention,314
16904,307,1,39,1,1,1,Hibernating,111
16905,339,1,156,1,1,3,Hibernating,113
16906,225,1,21,2,1,1,Hibernating,211
16907,100,1,540,4,1,3,New Customers,413
16908,97,1,578,4,1,3,New Customers,413
16909,246,1,786,2,1,3,Hibernating,213
16910,111,1,549,4,1,3,New Customers,413
16911,350,1,575,1,1,3,Hibernating,113
16912,23,1,25,5,1,1,New Customers,511
16913,41,1,60,5,1,2,New Customers,512
16914,171,1,5,3,1,1,Needs Attention,311
16915,292,1,40,1,1,2,Hibernating,112
16916,106,1,40,4,1,2,New Customers,412
16917,38,1,40,5,1,2,New Customers,512
16918,1076,1,3578,1,1,5,At Risk (high value),115
16919,64,2,5998,5,3,5,Potential Loyalists,535
16920,90,2,6016,4,3,5,Potential Loyalists,435
16921,83,2,5997,4,3,5,Potential Loyalists,435
16922,163,1,7,3,1,1,Needs Attention,311
16923,102,1,60,4,1,2,New Customers,412
16924,98,1,29,4,1,1,New Customers,411
16925,306,1,2526,1,1,4,At Risk (high value),114
16926,77,1,39,4,1,1,New Customers,411
16927,318,1,5,1,1,1,Hibernating,111
16928,36,1,4,5,1,1,New Customers,511
16929,155,1,1120,3,1,3,Needs Attention,313
16930,312,1,4,1,1,1,Hibernating,111
16931,303,1,36,1,1,1,Hibernating,111
16932,68,1,7,5,1,1,New Customers,511
16933,173,1,124,3,1,3,Needs Attention,313
16934,70,1,13,5,1,1,New Customers,511
16935,47,1,5,5,1,1,New Customers,511
16936,156,1,114,3,1,3,Needs Attention,313
16937,226,1,25,2,1,1,Hibernating,211
16938,317,1,2641,1,1,4,At Risk (high value),114
16939,201,1,39,3,1,1,Needs Attention,311
16940,294,1,93,1,1,3,Hibernating,113
16941,263,1,39,2,1,1,Hibernating,211
16942,219,1,15,2,1,1,Hibernating,211
16943,364,1,29,1,1,1,Hibernating,111
16944,285,1,2443,2,1,4,At Risk (high value),214
16945,246,1,2579,2,1,4,At Risk (high value),214
16946,278,1,13,2,1,1,Hibernating,211
16947,71,1,1143,5,1,3,New Customers,513
16948,93,1,5,4,1,1,New Customers,411
16949,244,1,2457,2,1,4,At Risk (high value),214
16950,390,1,574,1,1,3,Hibernating,113
16951,84,1,5,4,1,1,New Customers,411
16952,46,1,2335,5,1,4,New Customers,514
16953,216,1,2480,2,1,4,At Risk (high value),214
16954,351,1,549,1,1,3,Hibernating,113
16955,161,1,40,3,1,2,Needs Attention,312
16956,223,1,39,2,1,1,Hibernating,211
16957,342,1,554,1,1,3,Hibernating,113
16958,304,1,6,1,1,1,Hibernating,111
16959,44,1,39,5,1,1,New Customers,511
16960,181,1,55,3,1,2,Needs Attention,312
16961,284,1,7,2,1,1,Hibernating,211
16962,312,1,29,1,1,1,Hibernating,111
16963,183,1,7,3,1,1,Needs Attention,311
16964,48,1,7,5,1,1,New Customers,511
16965,270,1,6,2,1,1,Hibernating,211
16966,326,1,565,1,1,3,Hibernating,113
16967,311,1,40,1,1,2,Hibernating,112
16968,286,1,554,2,1,3,Hibernating,213
16969,361,1,40,1,1,2,Hibernating,112
16970,65,1,599,5,1,3,New Customers,513
16971,300,1,64,1,1,2,Hibernating,112
16972,91,1,59,4,1,2,New Customers,412
16973,67,1,68,5,1,2,New Customers,512
16974,66,1,540,5,1,3,New Customers,513
16975,74,1,554,4,1,3,New Customers,413
16976,140,1,83,3,1,2,Needs Attention,312
16977,135,1,59,3,1,2,Needs Attention,312
16978,81,1,554,4,1,3,New Customers,413
16979,359,1,29,1,1,1,Hibernating,111
16980,180,1,5,3,1,1,Needs Attention,311
16981,258,1,29,2,1,1,Hibernating,211
16982,363,1,40,1,1,2,Hibernating,112
16983,88,1,604,4,1,3,New Customers,413
16984,90,1,540,4,1,3,New Customers,413
16985,62,1,561,5,1,3,New Customers,513
16986,73,1,540,5,1,3,New Customers,513
16987,51,1,554,5,1,3,New Customers,513
16988,56,1,554,5,1,3,New Customers,513
16989,102,1,7,4,1,1,New Customers,411
16990,22,1,4,5,1,1,New Customers,511
16991,168,1,39,3,1,1,Needs Attention,311
16992,136,1,2,3,1,1,Needs Attention,311
16993,71,1,2,5,1,1,New Customers,511
16994,269,1,2,2,1,1,Hibernating,211
16995,159,1,7,3,1,1,Needs Attention,311
16996,333,1,5,1,1,1,Hibernating,111
16997,354,1,68,1,1,2,Hibernating,112
16998,89,1,5,4,1,1,New Customers,411
16999,141,1,144,3,1,3,Needs Attention,313
17000,80,1,103,4,1,3,New Customers,413
17001,144,1,94,3,1,3,Needs Attention,313
17002,108,1,40,4,1,2,New Customers,412
17003,303,1,40,1,1,2,Hibernating,112
17004,343,1,5,1,1,1,Hibernating,111
17005,289,1,7,1,1,1,Hibernating,111
17006,308,1,7,1,1,1,Hibernating,111
17007,234,1,7,2,1,1,Hibernating,211
17008,167,1,40,3,1,2,Needs Attention,312
17009,189,1,7,3,1,1,Needs Attention,311
17010,202,1,7,3,1,1,Needs Attention,311
17011,171,1,64,3,1,2,Needs Attention,312
17012,280,1,7,2,1,1,Hibernating,211
17013,159,1,7,3,1,1,Needs Attention,311
17014,900,1,3578,1,1,5,At Risk (high value),115
17015,1090,1,3578,1,1,5,At Risk (high value),115
17016,247,1,29,2,1,1,Hibernating,211
17017,111,1,2,4,1,1,New Customers,411
17018,1083,1,3578,1,1,5,At Risk (high value),115
17019,1095,1,3578,1,1,5,At Risk (high value),115
17020,39,1,7,5,1,1,New Customers,511
17021,266,1,40,2,1,2,Hibernating,212
17022,204,1,79,3,1,2,Needs Attention,312
17023,1079,1,3578,1,1,5,At Risk (high value),115
17024,26,1,40,5,1,2,New Customers,512
17025,12,1,194,5,1,3,New Customers,513
17026,8,1,70,5,1,2,New Customers,512
17027,63,1,7,5,1,1,New Customers,511
17028,83,1,120,4,1,3,New Customers,413
17029,296,1,64,1,1,2,Hibernating,112
17030,158,1,40,3,1,2,Needs Attention,312
17031,70,2,5971,5,3,5,Potential Loyalists,535
17032,71,2,6047,5,3,5,Potential Loyalists,535
17033,342,1,75,1,1,2,Hibernating,112
17034,91,1,25,4,1,1,New Customers,411
17035,56,1,70,5,1,2,New Customers,512
17036,275,1,70,2,1,2,Hibernating,212
17037,910,1,3578,1,1,5,At Risk (high value),115
17038,46,1,34,5,1,1,New Customers,511
17039,69,2,5985,5,3,5,Potential Loyalists,535
17040,1085,1,3578,1,1,5,At Risk (high value),115
17041,1086,1,3578,1,1,5,At Risk (high value),115
17042,1067,1,3578,1,1,5,At Risk (high value),115
17043,1082,1,3578,1,1,5,At Risk (high value),115
17044,280,1,40,2,1,2,Hibernating,212
17045,1078,1,3578,1,1,5,At Risk (high value),115
17046,144,1,120,3,1,3,Needs Attention,313
17047,47,1,70,5,1,2,New Customers,512
17048,1079,1,3578,1,1,5,At Risk (high value),115
17049,90,1,84,4,1,2,New Customers,412
17050,350,1,27,1,1,1,Hibernating,111
17051,111,1,21,4,1,1,New Customers,411
17052,885,1,3578,1,1,5,At Risk (high value),115
17053,86,1,68,4,1,2,New Customers,412
17054,289,1,69,1,1,2,Hibernating,112
17055,305,1,25,1,1,1,Hibernating,111
17056,227,1,75,2,1,2,Hibernating,212
17057,63,1,30,5,1,1,New Customers,511
17058,310,1,21,1,1,1,Hibernating,111
17059,57,1,21,5,1,1,New Customers,511
17060,190,1,83,3,1,2,Needs Attention,312
17061,174,1,40,3,1,2,Needs Attention,312
17062,89,2,6006,4,3,5,Potential Loyalists,435
17063,63,2,5962,5,3,5,Potential Loyalists,535
17064,89,2,6026,4,3,5,Potential Loyalists,435
17065,84,2,5962,4,3,5,Potential Loyalists,435
17066,75,2,5997,4,3,5,Potential Loyalists,435
17067,66,2,5997,5,3,5,Potential Loyalists,535
17068,72,2,5997,5,3,5,Potential Loyalists,535
17069,64,2,6021,5,3,5,Potential Loyalists,535
17070,63,1,554,5,1,3,New Customers,513
17071,51,2,5997,5,3,5,Potential Loyalists,535
17072,50,2,5971,5,3,5,Potential Loyalists,535
17073,92,1,549,4,1,3,New Customers,413
17074,250,1,7,2,1,1,Hibernating,211
17075,104,1,13,4,1,1,New Customers,411
17076,67,1,88,5,1,2,New Customers,512
17077,36,2,5997,5,3,5,Potential Loyalists,535
17078,239,1,21,2,1,1,Hibernating,211
17079,44,2,6011,5,3,5,Potential Loyalists,535
17080,60,1,40,5,1,2,New Customers,512
17081,335,1,40,1,1,2,Hibernating,112
17082,46,1,25,5,1,1,New Customers,511
17083,333,1,60,1,1,2,Hibernating,112
17084,35,2,5962,5,3,5,Potential Loyalists,535
17085,145,1,60,3,1,2,Needs Attention,312
17086,241,1,5,2,1,1,Hibernating,211
17087,296,1,166,1,1,3,Hibernating,113
17088,245,1,7,2,1,1,Hibernating,211
17089,1060,1,3578,1,1,5,At Risk (high value),115
17090,139,1,15,3,1,1,Needs Attention,311
17091,303,1,40,1,1,2,Hibernating,112
17092,65,1,1250,5,1,4,New Customers,514
17093,902,1,3578,1,1,5,At Risk (high value),115
17094,131,1,2,4,1,1,New Customers,411
17095,342,1,2,1,1,1,Hibernating,111
17096,216,1,2,2,1,1,Hibernating,211
17097,1051,1,3578,1,1,5,At Risk (high value),115
17098,1057,1,3578,1,1,5,At Risk (high value),115
17099,79,1,1250,4,1,4,New Customers,414
17100,34,2,6021,5,3,5,Potential Loyalists,535
17101,170,1,49,3,1,2,Needs Attention,312
17102,353,1,79,1,1,2,Hibernating,112
17103,33,1,1300,5,1,4,New Customers,514
17104,48,1,1215,5,1,4,New Customers,514
17105,61,1,7,5,1,1,New Customers,511
17106,141,1,7,3,1,1,Needs Attention,311
17107,289,1,13,1,1,1,Hibernating,111
17108,349,1,810,1,1,3,Hibernating,113
17109,328,1,751,1,1,3,Hibernating,113
17110,323,1,778,1,1,3,Hibernating,113
17111,323,1,845,1,1,3,Hibernating,113
17112,308,1,865,1,1,3,Hibernating,113
17113,1059,1,3578,1,1,5,At Risk (high value),115
17114,286,1,901,2,1,3,Hibernating,213
17115,338,1,570,1,1,3,Hibernating,113
17116,326,1,563,1,1,3,Hibernating,113
17117,281,1,618,2,1,3,Hibernating,213
17118,296,1,565,1,1,3,Hibernating,113
17119,38,1,589,5,1,3,New Customers,513
17120,50,1,575,5,1,3,New Customers,513
17121,54,1,540,5,1,3,New Customers,513
17122,84,1,120,4,1,3,New Customers,413
17123,249,1,40,2,1,2,Hibernating,212
17124,123,1,5,4,1,1,New Customers,411
17125,62,1,21,5,1,1,New Customers,511
17126,47,1,5,5,1,1,New Customers,511
17127,295,1,14,1,1,1,Hibernating,111
17128,297,1,5,1,1,1,Hibernating,111
17129,59,1,13,5,1,1,New Customers,511
17130,900,1,3578,1,1,5,At Risk (high value),115
17131,899,1,3578,1,1,5,At Risk (high value),115
17132,51,2,6011,5,3,5,Potential Loyalists,535
17133,55,1,549,5,1,3,New Customers,513
17134,60,1,575,5,1,3,New Customers,513
17135,52,1,575,5,1,3,New Customers,513
17136,58,1,549,5,1,3,New Customers,513
17137,392,1,2384,1,1,4,At Risk (high value),114
17138,108,1,7,4,1,1,New Customers,411
17139,4,1,7,5,1,1,New Customers,511
17140,150,1,127,3,1,3,Needs Attention,313
17141,32,1,40,5,1,2,New Customers,512
17142,341,1,94,1,1,3,Hibernating,113
17143,1040,1,3578,1,1,5,At Risk (high value),115
17144,317,1,14,1,1,1,Hibernating,111
17145,196,1,15,3,1,1,Needs Attention,311
17146,1064,1,3578,1,1,5,At Risk (high value),115
17147,206,1,60,3,1,2,Needs Attention,312
17148,1036,1,3578,1,1,5,At Risk (high value),115
17149,1047,1,3578,1,1,5,At Risk (high value),115
17150,1050,1,3578,1,1,5,At Risk (high value),115
17151,1051,1,3578,1,1,5,At Risk (high value),115
17152,215,1,5,2,1,1,Hibernating,211
17153,40,2,6025,5,3,5,Potential Loyalists,535
17154,87,1,570,4,1,3,New Customers,413
17155,53,2,5971,5,3,5,Potential Loyalists,535
17156,56,2,5962,5,3,5,Potential Loyalists,535
17157,53,2,5997,5,3,5,Potential Loyalists,535
17158,141,1,7,3,1,1,Needs Attention,311
17159,36,2,5997,5,3,5,Potential Loyalists,535
17160,36,2,5978,5,3,5,Potential Loyalists,535
17161,64,1,575,5,1,3,New Customers,513
17162,902,1,3578,1,1,5,At Risk (high value),115
17163,1049,1,3578,1,1,5,At Risk (high value),115
17164,1043,1,3578,1,1,5,At Risk (high value),115
17165,1052,1,3578,1,1,5,At Risk (high value),115
17166,901,1,3578,1,1,5,At Risk (high value),115
17167,1046,1,3578,1,1,5,At Risk (high value),115
17168,1041,1,3578,1,1,5,At Risk (high value),115
17169,1062,1,3578,1,1,5,At Risk (high value),115
17170,899,1,3578,1,1,5,At Risk (high value),115
17171,1048,1,3578,1,1,5,At Risk (high value),115
17172,1039,1,3578,1,1,5,At Risk (high value),115
17173,1063,1,3578,1,1,5,At Risk (high value),115
17174,887,1,3578,1,1,5,At Risk (high value),115
17175,14,1,40,5,1,2,New Customers,512
17176,339,1,7,1,1,1,Hibernating,111
17177,900,1,3578,1,1,5,At Risk (high value),115
17178,891,1,3578,1,1,5,At Risk (high value),115
17179,907,1,3578,1,1,5,At Risk (high value),115
17180,1059,1,3578,1,1,5,At Risk (high value),115
17181,1047,1,3578,1,1,5,At Risk (high value),115
17182,1062,1,3578,1,1,5,At Risk (high value),115
17183,1061,1,3578,1,1,5,At Risk (high value),115
17184,1059,1,3578,1,1,5,At Risk (high value),115
17185,1044,1,3578,1,1,5,At Risk (high value),115
17186,1060,1,3578,1,1,5,At Risk (high value),115
17187,1061,1,3578,1,1,5,At Risk (high value),115
17188,200,1,40,3,1,2,Needs Attention,312
17189,56,1,29,5,1,1,New Customers,511
17190,39,1,567,5,1,3,New Customers,513
17191,56,2,5997,5,3,5,Potential Loyalists,535
17192,58,2,5997,5,3,5,Potential Loyalists,535
17193,100,1,30,4,1,1,New Customers,411
17194,39,2,6016,5,3,5,Potential Loyalists,535
17195,40,2,6115,5,3,5,Potential Loyalists,535
17196,55,1,575,5,1,3,New Customers,513
17197,42,2,5985,5,3,5,Potential Loyalists,535
17198,902,1,3578,1,1,5,At Risk (high value),115
17199,901,1,3578,1,1,5,At Risk (high value),115
17200,1033,1,3578,1,1,5,At Risk (high value),115
17201,1029,1,3578,1,1,5,At Risk (high value),115
17202,375,1,2419,1,1,4,At Risk (high value),114
17203,395,1,2419,1,1,4,At Risk (high value),114
17204,389,1,2384,1,1,4,At Risk (high value),114
17205,394,1,2419,1,1,4,At Risk (high value),114
17206,278,1,604,2,1,3,Hibernating,213
17207,370,1,2398,1,1,4,At Risk (high value),114
17208,389,1,2462,1,1,4,At Risk (high value),114
17209,340,1,2398,1,1,4,At Risk (high value),114
17210,287,1,575,2,1,3,Hibernating,213
17211,289,1,564,1,1,3,Hibernating,113
17212,293,1,540,1,1,3,Hibernating,113
17213,285,1,619,2,1,3,Hibernating,213
17214,171,1,40,3,1,2,Needs Attention,312
17215,121,1,60,4,1,2,New Customers,412
17216,300,1,589,1,1,3,Hibernating,113
17217,333,1,7,1,1,1,Hibernating,111
17218,338,1,2408,1,1,4,At Risk (high value),114
17219,143,1,19,3,1,1,Needs Attention,311
17220,66,1,40,5,1,2,New Customers,512
17221,74,1,14,4,1,1,New Customers,411
17222,1020,1,3578,1,1,5,At Risk (high value),115
17223,1035,1,3578,1,1,5,At Risk (high value),115
17224,1019,1,3578,1,1,5,At Risk (high value),115
17225,46,2,6016,5,3,5,Potential Loyalists,535
17226,208,1,60,2,1,2,Hibernating,212
17227,362,1,60,1,1,2,Hibernating,112
17228,155,1,60,3,1,2,Needs Attention,312
17229,147,1,21,3,1,1,Needs Attention,311
17230,161,1,27,3,1,1,Needs Attention,311
17231,251,1,25,2,1,1,Hibernating,211
17232,172,1,23,3,1,1,Needs Attention,311
17233,209,1,143,2,1,3,Hibernating,213
17234,258,1,21,2,1,1,Hibernating,211
17235,39,2,5976,5,3,5,Potential Loyalists,535
17236,319,1,30,1,1,1,Hibernating,111
17237,187,1,60,3,1,2,Needs Attention,312
17238,365,1,33,1,1,1,Hibernating,111
17239,31,1,21,5,1,1,New Customers,511
17240,334,1,7,1,1,1,Hibernating,111
17241,38,2,5998,5,3,5,Potential Loyalists,535
17242,329,1,130,1,1,3,Hibernating,113
17243,169,1,7,3,1,1,Needs Attention,311
17244,38,2,6061,5,3,5,Potential Loyalists,535
17245,47,2,6026,5,3,5,Potential Loyalists,535
17246,27,1,7,5,1,1,New Customers,511
17247,37,2,5976,5,3,5,Potential Loyalists,535
17248,45,2,5962,5,3,5,Potential Loyalists,535
17249,342,1,5,1,1,1,Hibernating,111
17250,107,1,28,4,1,1,New Customers,411
17251,57,2,6016,5,3,5,Potential Loyalists,535
17252,229,1,5,2,1,1,Hibernating,211
17253,102,1,5,4,1,1,New Customers,411
17254,211,1,14,2,1,1,Hibernating,211
17255,222,1,166,2,1,3,Hibernating,213
17256,46,2,6051,5,3,5,Potential Loyalists,535
17257,247,1,29,2,1,1,Hibernating,211
17258,55,2,5976,5,3,5,Potential Loyalists,535
17259,28,1,7,5,1,1,New Customers,511
17260,38,2,6118,5,3,5,Potential Loyalists,535
17261,215,1,7,2,1,1,Hibernating,211
17262,93,1,28,4,1,1,New Customers,411
17263,8,1,7,5,1,1,New Customers,511
17264,71,1,40,5,1,2,New Customers,512
17265,49,2,5997,5,3,5,Potential Loyalists,535
17266,62,1,40,5,1,2,New Customers,512
17267,302,1,5,1,1,1,Hibernating,111
17268,335,1,64,1,1,2,Hibernating,112
17269,46,2,5997,5,3,5,Potential Loyalists,535
17270,325,1,14,1,1,1,Hibernating,111
17271,1015,1,3578,1,1,5,At Risk (high value),115
17272,1028,1,3578,1,1,5,At Risk (high value),115
17273,78,1,112,4,1,3,New Customers,413
17274,38,2,5962,5,3,5,Potential Loyalists,535
17275,364,1,5,1,1,1,Hibernating,111
17276,45,1,40,5,1,2,New Customers,512
17277,139,1,64,3,1,2,Needs Attention,312
17278,8,1,5,5,1,1,New Customers,511
17279,268,1,40,2,1,2,Hibernating,212
17280,264,1,7,2,1,1,Hibernating,211
17281,156,1,5,3,1,1,Needs Attention,311
17282,277,1,7,2,1,1,Hibernating,211
17283,203,1,5,3,1,1,Needs Attention,311
17284,39,1,40,5,1,2,New Customers,512
17285,41,1,563,5,1,3,New Customers,513
17286,42,2,5997,5,3,5,Potential Loyalists,535
17287,279,1,5,2,1,1,Hibernating,211
17288,281,1,104,2,1,3,Hibernating,213
17289,33,2,6039,5,3,5,Potential Loyalists,535
17290,44,1,55,5,1,2,New Customers,512
17291,262,1,64,2,1,2,Hibernating,212
17292,137,1,40,3,1,2,Needs Attention,312
17293,275,1,62,2,1,2,Hibernating,212
17294,1009,1,3578,1,1,5,At Risk (high value),115
17295,1009,1,3578,1,1,5,At Risk (high value),115
17296,1009,1,3578,1,1,5,At Risk (high value),115
17297,48,2,5997,5,3,5,Potential Loyalists,535
17298,54,2,5971,5,3,5,Potential Loyalists,535
17299,388,2,4828,1,3,5,At Risk (high value),135
17300,1020,1,3578,1,1,5,At Risk (high value),115
17301,293,1,2,1,1,1,Hibernating,111
17302,356,1,161,1,1,3,Hibernating,113
17303,329,1,79,1,1,2,Hibernating,112
17304,195,1,75,3,1,2,Needs Attention,312
17305,328,1,92,1,1,3,Hibernating,113
17306,113,1,29,4,1,1,New Customers,411
17307,183,1,5,3,1,1,Needs Attention,311
17308,269,1,561,2,1,3,Hibernating,213
17309,271,1,589,2,1,3,Hibernating,213
17310,343,1,2419,1,1,4,At Risk (high value),114
17311,83,1,5,4,1,1,New Customers,411
17312,366,1,2393,1,1,4,At Risk (high value),114
17313,261,1,575,2,1,3,Hibernating,213
17314,254,1,648,2,1,3,Hibernating,213
17315,263,1,554,2,1,3,Hibernating,213
17316,234,1,557,2,1,3,Hibernating,213
17317,242,1,540,2,1,3,Hibernating,213
17318,238,1,540,2,1,3,Hibernating,213
17319,217,1,575,2,1,3,Hibernating,213
17320,222,1,557,2,1,3,Hibernating,213
17321,230,1,540,2,1,3,Hibernating,213
17322,217,1,599,2,1,3,Hibernating,213
17323,300,1,29,1,1,1,Hibernating,111
17324,349,1,2384,1,1,4,At Risk (high value),114
17325,220,1,549,2,1,3,Hibernating,213
17326,244,1,575,2,1,3,Hibernating,213
17327,350,1,2442,1,1,4,At Risk (high value),114
17328,348,1,2407,1,1,4,At Risk (high value),114
17329,58,1,5,5,1,1,New Customers,511
17330,141,1,6,3,1,1,Needs Attention,311
17331,313,1,10,1,1,1,Hibernating,111
17332,328,1,54,1,1,2,Hibernating,112
17333,236,1,94,2,1,3,Hibernating,213
17334,357,1,54,1,1,2,Hibernating,112
17335,144,1,54,3,1,2,Needs Attention,312
17336,114,1,63,4,1,2,New Customers,412
17337,162,1,130,3,1,3,Needs Attention,313
17338,52,1,60,5,1,2,New Customers,512
17339,238,1,48,2,1,2,Hibernating,212
17340,1023,1,3578,1,1,5,At Risk (high value),115
17341,1018,1,3578,1,1,5,At Risk (high value),115
17342,155,1,129,3,1,3,Needs Attention,313
17343,207,1,70,2,1,2,Hibernating,212
17344,228,1,54,2,1,2,Hibernating,212
17345,299,1,54,1,1,2,Hibernating,112
17346,233,1,5,2,1,1,Hibernating,211
17347,11,1,94,5,1,3,New Customers,513
17348,262,1,74,2,1,2,Hibernating,212
17349,129,1,69,4,1,2,New Customers,412
17350,100,1,40,4,1,2,New Customers,412
17351,164,1,14,3,1,1,Needs Attention,311
17352,194,1,575,3,1,3,Needs Attention,313
17353,205,1,563,3,1,3,Needs Attention,313
17354,185,1,549,3,1,3,Needs Attention,313
17355,887,1,3578,1,1,5,At Risk (high value),115
17356,1018,1,3578,1,1,5,At Risk (high value),115
17357,134,1,60,3,1,2,Needs Attention,312
17358,42,1,134,5,1,3,New Customers,513
17359,108,1,5,4,1,1,New Customers,411
17360,206,1,79,3,1,2,Needs Attention,312
17361,242,1,7,2,1,1,Hibernating,211
17362,110,1,14,4,1,1,New Customers,411
17363,1016,1,3578,1,1,5,At Risk (high value),115
17364,907,1,3578,1,1,5,At Risk (high value),115
17365,172,1,1170,3,1,4,Needs Attention,314
17366,278,1,2433,2,1,4,At Risk (high value),214
17367,109,1,578,4,1,3,New Customers,413
17368,111,1,600,4,1,3,New Customers,413
17369,32,1,791,5,1,3,New Customers,513
17370,263,1,777,2,1,3,Hibernating,213
17371,114,1,639,4,1,3,New Customers,413
17372,110,1,540,4,1,3,New Customers,413
17373,94,1,608,4,1,3,New Customers,413
17374,177,1,39,3,1,1,Needs Attention,311
17375,327,1,69,1,1,2,Hibernating,112
17376,87,1,567,4,1,3,New Customers,413
17377,187,1,1134,3,1,3,Needs Attention,313
17378,267,1,2433,2,1,4,At Risk (high value),214
17379,39,1,39,5,1,1,New Customers,511
17380,294,1,61,1,1,2,Hibernating,112
17381,89,1,35,4,1,1,New Customers,411
17382,137,1,93,3,1,3,Needs Attention,313
17383,227,1,786,2,1,3,Hibernating,213
17384,235,1,742,2,1,3,Hibernating,213
17385,175,1,68,3,1,2,Needs Attention,312
17386,40,1,72,5,1,2,New Customers,512
17387,87,1,600,4,1,3,New Customers,413
17388,72,1,584,5,1,3,New Customers,513
17389,225,1,751,2,1,3,Hibernating,213
17390,1127,1,3400,1,1,5,At Risk (high value),115
17391,1101,1,3375,1,1,5,At Risk (high value),115
17392,348,1,33,1,1,1,Hibernating,111
17393,359,1,23,1,1,1,Hibernating,111
17394,181,2,4539,3,3,5,Potential Loyalists,335
17395,162,2,4555,3,3,5,Potential Loyalists,335
17396,141,2,4554,3,3,5,Potential Loyalists,335
17397,163,1,1155,3,1,4,Needs Attention,314
17398,266,1,2419,2,1,4,At Risk (high value),214
17399,204,1,72,3,1,2,Needs Attention,312
17400,92,1,554,4,1,3,New Customers,413
17401,235,1,777,2,1,3,Hibernating,213
17402,1045,1,3375,1,1,5,At Risk (high value),115
17403,351,1,72,1,1,2,Hibernating,112
17404,247,1,2419,2,1,4,At Risk (high value),214
17405,110,1,57,4,1,2,New Customers,412
17406,175,1,1155,3,1,4,Needs Attention,314
17407,5,1,101,5,1,3,New Customers,513
17408,991,1,3375,1,1,5,At Risk (high value),115
17409,268,1,23,2,1,1,Hibernating,211
17410,358,1,29,1,1,1,Hibernating,111
17411,343,1,60,1,1,2,Hibernating,112
17412,338,1,134,1,1,3,Hibernating,113
17413,340,1,46,1,1,2,Hibernating,112
17414,132,1,23,4,1,1,New Customers,411
17415,984,1,3400,1,1,5,At Risk (high value),115
17416,257,1,2428,2,1,4,At Risk (high value),214
17417,244,1,2442,2,1,4,At Risk (high value),214
17418,239,1,2426,2,1,4,At Risk (high value),214
17419,129,2,4539,4,3,5,Potential Loyalists,435
17420,136,2,4564,3,3,5,Potential Loyalists,335
17421,108,2,4534,4,3,5,Potential Loyalists,435
17422,231,1,776,2,1,3,Hibernating,213
17423,43,1,35,5,1,1,New Customers,511
17424,318,1,34,1,1,1,Hibernating,111
17425,77,1,564,4,1,3,New Customers,413
17426,89,1,589,4,1,3,New Customers,413
17427,110,1,60,4,1,2,New Customers,412
17428,79,1,540,4,1,3,New Customers,413
17429,70,1,604,5,1,3,New Customers,513
17430,248,1,35,2,1,1,Hibernating,211
17431,177,1,43,3,1,2,Needs Attention,312
17432,161,1,198,3,1,3,Needs Attention,313
17433,92,1,29,4,1,1,New Customers,411
17434,38,1,33,5,1,1,New Customers,511
17435,230,1,751,2,1,3,Hibernating,213
17436,9,1,43,5,1,2,New Customers,512
17437,90,1,618,4,1,3,New Customers,413
17438,60,1,567,5,1,3,New Customers,513
17439,56,1,575,5,1,3,New Customers,513
17440,13,1,60,5,1,2,New Customers,512
17441,159,1,39,3,1,1,Needs Attention,311
17442,132,1,37,4,1,1,New Customers,411
17443,308,1,70,1,1,2,Hibernating,112
17444,910,1,3375,1,1,5,At Risk (high value),115
17445,315,1,124,1,1,3,Hibernating,113
17446,80,1,34,4,1,1,New Customers,411
17447,214,1,2398,2,1,4,At Risk (high value),214
17448,245,1,70,2,1,2,Hibernating,212
17449,118,1,21,4,1,1,New Customers,411
17450,908,1,3375,1,1,5,At Risk (high value),115
17451,351,1,69,1,1,2,Hibernating,112
17452,85,1,30,4,1,1,New Customers,411
17453,289,1,70,1,1,2,Hibernating,112
17454,179,1,36,3,1,1,Needs Attention,311
17455,215,1,89,2,1,2,Hibernating,212
17456,262,1,43,2,1,2,Hibernating,212
17457,359,1,70,1,1,2,Hibernating,112
17458,29,1,70,5,1,2,New Customers,512
17459,874,1,3375,1,1,5,At Risk (high value),115
17460,183,1,21,3,1,1,Needs Attention,311
17461,320,1,120,1,1,3,Hibernating,113
17462,72,1,34,5,1,1,New Customers,511
17463,309,1,70,1,1,2,Hibernating,112
17464,144,1,21,3,1,1,Needs Attention,311
17465,47,1,70,5,1,2,New Customers,512
17466,325,1,69,1,1,2,Hibernating,112
17467,21,1,120,5,1,3,New Customers,513
17468,114,1,36,4,1,1,New Customers,411
17469,262,1,60,2,1,2,Hibernating,212
17470,95,1,60,4,1,2,New Customers,412
17471,878,1,3400,1,1,5,At Risk (high value),115
17472,861,1,3375,1,1,5,At Risk (high value),115
17473,218,1,750,2,1,3,Hibernating,213
17474,134,1,21,3,1,1,Needs Attention,311
17475,54,1,565,5,1,3,New Customers,513
17476,310,1,124,1,1,3,Hibernating,113
17477,86,1,120,4,1,3,New Customers,413
17478,56,1,549,5,1,3,New Customers,513
17479,872,1,3375,1,1,5,At Risk (high value),115
17480,283,1,831,2,1,3,Hibernating,213
17481,261,1,742,2,1,3,Hibernating,213
17482,254,1,778,2,1,3,Hibernating,213
17483,262,1,777,2,1,3,Hibernating,213
17484,252,1,765,2,1,3,Hibernating,213
17485,246,1,778,2,1,3,Hibernating,213
17486,260,1,751,2,1,3,Hibernating,213
17487,235,1,776,2,1,3,Hibernating,213
17488,216,1,805,2,1,3,Hibernating,213
17489,226,1,742,2,1,3,Hibernating,213
17490,183,1,786,3,1,3,Needs Attention,313
17491,206,1,778,3,1,3,Needs Attention,313
17492,802,1,3375,1,1,5,At Risk (high value),115
17493,812,1,3375,1,1,5,At Risk (high value),115
17494,183,1,814,3,1,3,Needs Attention,313
17495,194,1,751,3,1,3,Needs Attention,313
17496,267,1,120,2,1,3,Hibernating,213
17497,172,1,70,3,1,2,Needs Attention,312
17498,206,1,776,3,1,3,Needs Attention,313
17499,346,1,79,1,1,2,Hibernating,112
17500,204,1,778,3,1,3,Needs Attention,313
17501,200,1,777,3,1,3,Needs Attention,313
17502,157,1,786,3,1,3,Needs Attention,313
17503,182,1,777,3,1,3,Needs Attention,313
17504,49,1,578,5,1,3,New Customers,513
17505,774,1,3375,1,1,5,At Risk (high value),115
17506,160,1,827,3,1,3,Needs Attention,313
17507,93,2,3213,4,3,4,Potential Loyalists,434
17508,162,1,777,3,1,3,Needs Attention,313
17509,49,1,575,5,1,3,New Customers,513
17510,168,1,777,3,1,3,Needs Attention,313
17511,745,1,2071,1,1,4,At Risk (high value),114
17512,39,1,563,5,1,3,New Customers,513
17513,708,1,2049,1,1,4,At Risk (high value),114
17514,154,1,811,3,1,3,Needs Attention,313
17515,277,1,79,2,1,2,Hibernating,212
17516,41,1,565,5,1,3,New Customers,513
17517,59,1,563,5,1,3,New Customers,513
17518,32,1,578,5,1,3,New Customers,513
17519,182,1,750,3,1,3,Needs Attention,313
17520,708,1,2049,1,1,4,At Risk (high value),114
17521,77,2,3226,4,3,4,Potential Loyalists,434
17522,147,1,1164,3,1,4,Needs Attention,314
17523,126,1,1198,4,1,4,New Customers,414
17524,227,1,2433,2,1,4,At Risk (high value),214
17525,222,1,2398,2,1,4,At Risk (high value),214
17526,37,1,575,5,1,3,New Customers,513
17527,39,1,60,5,1,2,New Customers,512
17528,39,1,563,5,1,3,New Customers,513
17529,128,1,751,4,1,3,New Customers,413
17530,703,1,2049,1,1,4,At Risk (high value),114
17531,61,1,589,5,1,3,New Customers,513
17532,149,1,751,3,1,3,Needs Attention,313
17533,728,1,2071,1,1,4,At Risk (high value),114
17534,360,1,5,1,1,1,Hibernating,111
17535,196,1,604,3,1,3,Needs Attention,313
17536,358,1,2433,1,1,4,At Risk (high value),114
17537,340,1,14,1,1,1,Hibernating,111
17538,232,1,40,2,1,2,Hibernating,212
17539,158,1,36,3,1,1,Needs Attention,311
17540,292,1,120,1,1,3,Hibernating,113
17541,712,1,2049,1,1,4,At Risk (high value),114
17542,726,1,2049,1,1,4,At Risk (high value),114
17543,345,1,79,1,1,2,Hibernating,112
17544,305,1,108,1,1,3,Hibernating,113
17545,101,1,34,4,1,1,New Customers,411
17546,220,1,133,2,1,3,Hibernating,213
17547,214,1,120,2,1,3,Hibernating,213
17548,721,1,2049,1,1,4,At Risk (high value),114
17549,150,1,751,3,1,3,Needs Attention,313
17550,204,1,2418,3,1,4,Needs Attention,314
17551,79,1,124,4,1,3,New Customers,413
17552,272,1,70,2,1,2,Hibernating,212
17553,74,1,21,4,1,1,New Customers,411
17554,91,2,3216,4,3,4,Potential Loyalists,434
17555,122,1,1155,4,1,4,New Customers,414
17556,122,1,1134,4,1,3,New Customers,413
17557,97,1,1155,4,1,4,New Customers,414
17558,202,1,2419,3,1,4,Needs Attention,314
17559,60,1,69,5,1,2,New Customers,512
17560,690,1,2049,1,1,4,At Risk (high value),114
17561,697,1,2071,1,1,4,At Risk (high value),114
17562,67,1,23,5,1,1,New Customers,511
17563,82,2,3218,4,3,4,Potential Loyalists,434
17564,113,1,1198,4,1,4,New Customers,414
17565,62,1,1174,5,1,4,New Customers,514
17566,36,1,58,5,1,2,New Customers,512
17567,5,1,58,5,1,2,New Customers,512
17568,90,1,70,4,1,2,New Customers,412
17569,67,1,1145,5,1,3,New Customers,513
17570,78,2,3204,4,3,4,Potential Loyalists,434
17571,209,1,68,2,1,2,Hibernating,212
17572,40,1,29,5,1,1,New Customers,511
17573,266,1,31,2,1,1,Hibernating,211
17574,1014,1,3578,1,1,5,At Risk (high value),115
17575,887,1,3578,1,1,5,At Risk (high value),115
17576,143,1,70,3,1,2,Needs Attention,312
17577,92,1,40,4,1,2,New Customers,412
17578,190,1,7,3,1,1,Needs Attention,311
17579,14,1,40,5,1,2,New Customers,512
17580,57,1,7,5,1,1,New Customers,511
17581,234,2,4793,2,3,5,At Risk (high value),235
17582,58,1,120,5,1,3,New Customers,513
17583,123,1,35,4,1,1,New Customers,411
17584,1016,1,3578,1,1,5,At Risk (high value),115
17585,1019,1,3578,1,1,5,At Risk (high value),115
17586,163,1,35,3,1,1,Needs Attention,311
17587,1017,1,3578,1,1,5,At Risk (high value),115
17588,1024,1,3578,1,1,5,At Risk (high value),115
17589,1022,1,3578,1,1,5,At Risk (high value),115
17590,294,1,70,1,1,2,Hibernating,112
17591,316,1,59,1,1,2,Hibernating,112
17592,186,1,35,3,1,1,Needs Attention,311
17593,46,1,35,5,1,1,New Customers,511
17594,47,1,35,5,1,1,New Customers,511
17595,169,1,50,3,1,2,Needs Attention,312
17596,295,1,50,1,1,2,Hibernating,112
17597,46,1,8,5,1,1,New Customers,511
17598,286,1,8,2,1,1,Hibernating,211
17599,1033,1,3578,1,1,5,At Risk (high value),115
17600,276,1,8,2,1,1,Hibernating,211
17601,305,1,120,1,1,3,Hibernating,113
17602,301,1,8,1,1,1,Hibernating,111
17603,104,1,144,4,1,3,New Customers,413
17604,148,1,8,3,1,1,Needs Attention,311
17605,358,1,8,1,1,1,Hibernating,111
17606,160,1,8,3,1,1,Needs Attention,311
17607,324,1,8,1,1,1,Hibernating,111
17608,365,1,8,1,1,1,Hibernating,111
17609,78,1,79,4,1,2,New Customers,412
17610,105,1,64,4,1,2,New Customers,412
17611,110,1,9,4,1,1,New Customers,411
17612,319,1,9,1,1,1,Hibernating,111
17613,230,1,9,2,1,1,Hibernating,211
17614,65,1,9,5,1,1,New Customers,511
17615,259,1,9,2,1,1,Hibernating,211
17616,271,1,9,2,1,1,Hibernating,211
17617,57,1,120,5,1,3,New Customers,513
17618,43,1,179,5,1,3,New Customers,513
17619,981,1,3578,1,1,5,At Risk (high value),115
17620,991,1,3578,1,1,5,At Risk (high value),115
17621,902,1,3578,1,1,5,At Risk (high value),115
17622,989,1,3578,1,1,5,At Risk (high value),115
17623,167,1,88,3,1,2,Needs Attention,312
17624,313,1,27,1,1,1,Hibernating,111
17625,896,1,3578,1,1,5,At Risk (high value),115
17626,978,1,3578,1,1,5,At Risk (high value),115
17627,887,1,3578,1,1,5,At Risk (high value),115
17628,1001,1,3578,1,1,5,At Risk (high value),115
17629,997,1,3578,1,1,5,At Risk (high value),115
17630,994,1,3578,1,1,5,At Risk (high value),115
17631,911,1,3578,1,1,5,At Risk (high value),115
17632,353,1,144,1,1,3,Hibernating,113
17633,270,1,75,2,1,2,Hibernating,212
17634,277,1,188,2,1,3,Hibernating,213
17635,6,1,127,5,1,3,New Customers,513
17636,988,1,3578,1,1,5,At Risk (high value),115
17637,34,1,79,5,1,2,New Customers,512
17638,127,1,31,4,1,1,New Customers,411
17639,297,1,38,1,1,1,Hibernating,111
17640,217,1,190,2,1,3,Hibernating,213
17641,190,1,70,3,1,2,Needs Attention,312
17642,143,1,84,3,1,2,Needs Attention,312
17643,230,1,27,2,1,1,Hibernating,211
17644,986,1,3578,1,1,5,At Risk (high value),115
17645,993,1,3578,1,1,5,At Risk (high value),115
17646,1000,1,3578,1,1,5,At Risk (high value),115
17647,893,1,3578,1,1,5,At Risk (high value),115
17648,893,1,3578,1,1,5,At Risk (high value),115
17649,912,1,3578,1,1,5,At Risk (high value),115
17650,981,1,3578,1,1,5,At Risk (high value),115
17651,997,1,3578,1,1,5,At Risk (high value),115
17652,993,1,3578,1,1,5,At Risk (high value),115
17653,873,1,3578,1,1,5,At Risk (high value),115
17654,1003,1,3578,1,1,5,At Risk (high value),115
17655,997,1,3578,1,1,5,At Risk (high value),115
17656,997,1,3578,1,1,5,At Risk (high value),115
17657,884,1,3578,1,1,5,At Risk (high value),115
17658,979,1,3578,1,1,5,At Risk (high value),115
17659,995,1,3578,1,1,5,At Risk (high value),115
17660,736,1,2443,1,1,4,At Risk (high value),114
17661,1004,1,3578,1,1,5,At Risk (high value),115
17662,976,1,3578,1,1,5,At Risk (high value),115
17663,204,2,4827,3,3,5,Potential Loyalists,335
17664,757,1,2443,1,1,4,At Risk (high value),114
17665,111,2,4793,4,3,5,Potential Loyalists,435
17666,66,2,4852,5,3,5,Potential Loyalists,535
17667,43,2,4822,5,3,5,Potential Loyalists,535
17668,384,2,4370,1,3,5,At Risk (high value),135
17669,312,1,79,1,1,2,Hibernating,112
17670,737,1,2182,1,1,4,At Risk (high value),114
17671,984,1,3578,1,1,5,At Risk (high value),115
17672,376,2,4320,1,3,5,At Risk (high value),135
17673,384,2,4355,1,3,5,At Risk (high value),135
17674,354,2,4379,1,3,5,At Risk (high value),135
17675,342,2,4429,1,3,5,At Risk (high value),135
17676,997,1,3578,1,1,5,At Risk (high value),115
17677,984,1,3578,1,1,5,At Risk (high value),115
17678,17,1,49,5,1,2,New Customers,512
17679,352,2,4337,1,3,5,At Risk (high value),135
17680,47,1,27,5,1,1,New Customers,511
17681,97,1,31,4,1,1,New Customers,411
17682,87,1,25,4,1,1,New Customers,411
17683,318,1,64,1,1,2,Hibernating,112
17684,687,1,2049,1,1,4,At Risk (high value),114
17685,149,1,777,3,1,3,Needs Attention,313
17686,698,1,2049,1,1,4,At Risk (high value),114
17687,133,1,800,4,1,3,New Customers,413
17688,204,1,29,3,1,1,Needs Attention,311
17689,120,1,901,4,1,3,New Customers,413
17690,650,1,2049,1,1,4,At Risk (high value),114
17691,641,1,2049,1,1,4,At Risk (high value),114
17692,118,1,777,4,1,3,New Customers,413
17693,50,1,540,5,1,3,New Customers,513
17694,46,1,575,5,1,3,New Customers,513
17695,379,1,2393,1,1,4,At Risk (high value),114
17696,199,1,2419,3,1,4,Needs Attention,314
17697,175,1,2428,3,1,4,Needs Attention,314
17698,154,1,2452,3,1,4,Needs Attention,314
17699,115,1,765,4,1,3,New Customers,413
17700,121,1,777,4,1,3,New Customers,413
17701,92,1,1170,4,1,4,New Customers,414
17702,91,1,1155,4,1,4,New Customers,414
17703,72,1,1193,5,1,4,New Customers,514
17704,142,1,2419,3,1,4,Needs Attention,314
17705,153,1,2419,3,1,4,Needs Attention,314
17706,119,1,777,4,1,3,New Customers,413
17707,104,1,773,4,1,3,New Customers,413
17708,655,1,2071,1,1,4,At Risk (high value),114
17709,662,1,2071,1,1,4,At Risk (high value),114
17710,332,1,2419,1,1,4,At Risk (high value),114
17711,180,1,34,3,1,1,Needs Attention,311
17712,665,1,2071,1,1,4,At Risk (high value),114
17713,292,1,2393,1,1,4,At Risk (high value),114
17714,47,2,3204,5,3,4,Potential Loyalists,534
17715,338,1,2433,1,1,4,At Risk (high value),114
17716,195,1,589,3,1,3,Needs Attention,313
17717,162,1,29,3,1,1,Needs Attention,311
17718,274,1,29,2,1,1,Hibernating,211
17719,156,1,68,3,1,2,Needs Attention,312
17720,359,1,2384,1,1,4,At Risk (high value),114
17721,361,1,2419,1,1,4,At Risk (high value),114
17722,91,1,40,4,1,2,New Customers,412
17723,189,1,120,3,1,3,Needs Attention,313
17724,300,1,2419,1,1,4,At Risk (high value),114
17725,646,1,2049,1,1,4,At Risk (high value),114
17726,278,1,79,2,1,2,Hibernating,212
17727,66,1,778,5,1,3,New Customers,513
17728,611,1,2071,1,1,4,At Risk (high value),114
17729,591,1,2049,1,1,4,At Risk (high value),114
17730,297,1,2452,1,1,4,At Risk (high value),114
17731,360,1,23,1,1,1,Hibernating,111
17732,283,1,2452,2,1,4,At Risk (high value),214
17733,129,1,2419,4,1,4,New Customers,414
17734,139,1,2407,3,1,4,Needs Attention,314
17735,122,1,2419,4,1,4,New Customers,414
17736,266,1,2420,2,1,4,At Risk (high value),214
17737,580,1,2071,1,1,4,At Risk (high value),114
17738,350,1,70,1,1,2,Hibernating,112
17739,156,1,60,3,1,2,Needs Attention,312
17740,592,1,2049,1,1,4,At Risk (high value),114
17741,61,2,3191,5,3,4,Potential Loyalists,534
17742,45,1,1169,5,1,4,New Customers,514
17743,121,1,2428,4,1,4,New Customers,414
17744,114,1,79,4,1,2,New Customers,412
17745,89,1,776,4,1,3,New Customers,413
17746,65,1,27,5,1,1,New Customers,511
17747,296,1,23,1,1,1,Hibernating,111
17748,250,1,2398,2,1,4,At Risk (high value),214
17749,198,1,23,3,1,1,Needs Attention,311
17750,586,1,2049,1,1,4,At Risk (high value),114
17751,37,2,3213,5,3,4,Potential Loyalists,534
17752,39,2,3240,5,3,4,Potential Loyalists,534
17753,47,1,1155,5,1,4,New Customers,514
17754,337,1,23,1,1,1,Hibernating,111
17755,182,1,69,3,1,2,Needs Attention,312
17756,232,1,2407,2,1,4,At Risk (high value),214
17757,57,2,3218,5,3,4,Potential Loyalists,534
17758,371,2,2611,1,3,4,At Risk (high value),134
17759,389,2,2603,1,3,4,At Risk (high value),134
17760,33,1,70,5,1,2,New Customers,512
17761,53,1,29,5,1,1,New Customers,511
17762,1000,1,3578,1,1,5,At Risk (high value),115
17763,27,1,27,5,1,1,New Customers,511
17764,989,1,3578,1,1,5,At Risk (high value),115
17765,355,1,27,1,1,1,Hibernating,111
17766,994,1,3578,1,1,5,At Risk (high value),115
17767,755,1,2443,1,1,4,At Risk (high value),114
17768,248,1,70,2,1,2,Hibernating,212
17769,89,1,5,4,1,1,New Customers,411
17770,351,2,4329,1,3,5,At Risk (high value),135
17771,345,2,4355,1,3,5,At Risk (high value),135
17772,34,1,70,5,1,2,New Customers,512
17773,998,1,3578,1,1,5,At Risk (high value),115
17774,218,1,128,2,1,3,Hibernating,213
17775,998,1,3578,1,1,5,At Risk (high value),115
17776,990,1,3578,1,1,5,At Risk (high value),115
17777,198,1,2,3,1,1,Needs Attention,311
17778,66,1,54,5,1,2,New Customers,512
17779,911,1,3578,1,1,5,At Risk (high value),115
17780,127,1,24,4,1,1,New Customers,411
17781,230,1,8,2,1,1,Hibernating,211
17782,177,1,2,3,1,1,Needs Attention,311
17783,7,1,54,5,1,2,New Customers,512
17784,276,1,35,2,1,1,Hibernating,211
17785,39,1,44,5,1,2,New Customers,512
17786,222,1,35,2,1,1,Hibernating,211
17787,247,1,128,2,1,3,Hibernating,213
17788,125,1,14,4,1,1,New Customers,411
17789,366,1,9,1,1,1,Hibernating,111
17790,1,1,8,5,1,1,New Customers,511
17791,1001,1,3578,1,1,5,At Risk (high value),115
17792,337,1,31,1,1,1,Hibernating,111
17793,999,1,3578,1,1,5,At Risk (high value),115
17794,342,1,25,1,1,1,Hibernating,111
17795,1001,1,3578,1,1,5,At Risk (high value),115
17796,989,1,3578,1,1,5,At Risk (high value),115
17797,302,1,64,1,1,2,Hibernating,112
17798,986,1,3578,1,1,5,At Risk (high value),115
17799,705,1,2443,1,1,4,At Risk (high value),114
17800,986,1,3578,1,1,5,At Risk (high value),115
17801,83,1,25,4,1,1,New Customers,411
17802,218,1,27,2,1,1,Hibernating,211
17803,728,1,2443,1,1,4,At Risk (high value),114
17804,277,1,27,2,1,1,Hibernating,211
17805,970,1,3578,1,1,5,At Risk (high value),115
17806,949,1,3578,1,1,5,At Risk (high value),115
17807,314,1,64,1,1,2,Hibernating,112
17808,964,1,3578,1,1,5,At Risk (high value),115
17809,213,1,25,2,1,1,Hibernating,211
17810,299,1,25,1,1,1,Hibernating,111
17811,342,1,79,1,1,2,Hibernating,112
17812,171,1,64,3,1,2,Needs Attention,312
17813,168,1,25,3,1,1,Needs Attention,311
17814,322,1,38,1,1,1,Hibernating,111
17815,64,1,31,5,1,1,New Customers,511
17816,72,1,31,5,1,1,New Customers,511
17817,161,1,27,3,1,1,Needs Attention,311
17818,342,1,70,1,1,2,Hibernating,112
17819,717,1,2182,1,1,4,At Risk (high value),114
17820,726,1,2182,1,1,4,At Risk (high value),114
17821,953,1,3578,1,1,5,At Risk (high value),115
17822,963,1,3578,1,1,5,At Risk (high value),115
17823,944,1,3578,1,1,5,At Risk (high value),115
17824,952,1,3578,1,1,5,At Risk (high value),115
17825,952,1,3578,1,1,5,At Risk (high value),115
17826,969,1,3578,1,1,5,At Risk (high value),115
17827,946,1,3578,1,1,5,At Risk (high value),115
17828,972,1,3578,1,1,5,At Risk (high value),115
17829,319,2,4329,1,3,5,At Risk (high value),135
17830,974,1,3578,1,1,5,At Risk (high value),115
17831,958,1,3578,1,1,5,At Risk (high value),115
17832,954,1,3578,1,1,5,At Risk (high value),115
17833,725,1,2182,1,1,4,At Risk (high value),114
17834,964,1,3578,1,1,5,At Risk (high value),115
17835,712,1,2443,1,1,4,At Risk (high value),114
17836,955,1,3578,1,1,5,At Risk (high value),115
17837,714,1,2443,1,1,4,At Risk (high value),114
17838,720,1,2182,1,1,4,At Risk (high value),114
17839,963,1,3578,1,1,5,At Risk (high value),115
17840,944,1,3578,1,1,5,At Risk (high value),115
17841,333,2,4398,1,3,5,At Risk (high value),135
17842,318,2,4334,1,3,5,At Risk (high value),135
17843,323,2,4393,1,3,5,At Risk (high value),135
17844,955,1,3578,1,1,5,At Risk (high value),115
17845,312,2,4337,1,3,5,At Risk (high value),135
17846,276,2,4320,2,3,5,At Risk (high value),235
17847,305,2,4320,1,3,5,At Risk (high value),135
17848,292,2,4355,1,3,5,At Risk (high value),135
17849,718,1,2182,1,1,4,At Risk (high value),114
17850,957,1,3578,1,1,5,At Risk (high value),115
17851,726,1,2443,1,1,4,At Risk (high value),114
17852,956,1,3578,1,1,5,At Risk (high value),115
17853,966,1,3578,1,1,5,At Risk (high value),115
17854,972,1,3578,1,1,5,At Risk (high value),115
17855,266,2,4355,2,3,5,At Risk (high value),235
17856,198,1,103,3,1,3,Needs Attention,313
17857,962,1,3578,1,1,5,At Risk (high value),115
17858,969,1,3578,1,1,5,At Risk (high value),115
17859,236,1,13,2,1,1,Hibernating,211
17860,245,2,4355,2,3,5,At Risk (high value),235
17861,259,1,29,2,1,1,Hibernating,211
17862,106,1,29,4,1,1,New Customers,411
17863,338,1,25,1,1,1,Hibernating,111
17864,24,1,64,5,1,2,New Customers,512
17865,126,1,29,4,1,1,New Customers,411
17866,229,1,31,2,1,1,Hibernating,211
17867,276,1,118,2,1,3,Hibernating,213
17868,216,1,64,2,1,2,Hibernating,212
17869,36,1,29,5,1,1,New Customers,511
17870,270,2,4355,2,3,5,At Risk (high value),235
17871,268,2,4334,2,3,5,At Risk (high value),235
17872,274,2,4414,2,3,5,At Risk (high value),235
17873,324,1,60,1,1,2,Hibernating,112
17874,8,1,40,5,1,2,New Customers,512
17875,252,1,5,2,1,1,Hibernating,211
17876,48,1,40,5,1,2,New Customers,512
17877,231,1,2476,2,1,4,At Risk (high value),214
17878,335,1,13,1,1,1,Hibernating,111
17879,100,1,6,4,1,1,New Customers,411
17880,200,1,103,3,1,3,Needs Attention,313
17881,296,1,638,1,1,3,Hibernating,113
17882,230,1,40,2,1,2,Hibernating,212
17883,262,1,7,2,1,1,Hibernating,211
17884,108,1,39,4,1,1,New Customers,411
17885,42,1,12,5,1,1,New Customers,511
17886,59,2,4470,5,3,5,Potential Loyalists,535
17887,57,1,49,5,1,2,New Customers,512
17888,153,1,40,3,1,2,Needs Attention,312
17889,42,1,40,5,1,2,New Customers,512
17890,167,1,13,3,1,1,Needs Attention,311
17891,207,1,110,2,1,3,Hibernating,213
17892,161,1,39,3,1,1,Needs Attention,311
17893,168,1,21,3,1,1,Needs Attention,311
17894,269,1,15,2,1,1,Hibernating,211
17895,65,1,60,5,1,2,New Customers,512
17896,10,1,14,5,1,1,New Customers,511
17897,316,1,21,1,1,1,Hibernating,111
17898,23,1,40,5,1,2,New Customers,512
17899,329,1,69,1,1,2,Hibernating,112
17900,35,1,60,5,1,2,New Customers,512
17901,245,1,29,2,1,1,Hibernating,211
17902,192,1,2443,3,1,4,Needs Attention,314
17903,185,1,2530,3,1,4,Needs Attention,314
17904,352,1,23,1,1,1,Hibernating,111
17905,318,2,2848,1,3,4,At Risk (high value),134
17906,279,1,14,2,1,1,Hibernating,211
17907,107,1,5,4,1,1,New Customers,411
17908,129,1,23,4,1,1,New Customers,411
17909,362,1,33,1,1,1,Hibernating,111
17910,159,1,7,3,1,1,Needs Attention,311
17911,132,1,49,4,1,2,New Customers,412
17912,178,1,5,3,1,1,Needs Attention,311
17913,119,1,55,4,1,2,New Customers,412
17914,99,1,23,4,1,1,New Customers,411
17915,264,1,27,2,1,1,Hibernating,211
17916,229,1,40,2,1,2,Hibernating,212
17917,276,1,562,2,1,3,Hibernating,213
17918,28,1,84,5,1,2,New Customers,512
17919,341,1,23,1,1,1,Hibernating,111
17920,333,1,5,1,1,1,Hibernating,111
17921,83,1,7,4,1,1,New Customers,411
17922,313,1,184,1,1,3,Hibernating,113
17923,161,1,29,3,1,1,Needs Attention,311
17924,320,1,2393,1,1,4,At Risk (high value),114
17925,38,1,5,5,1,1,New Customers,511
17926,74,1,7,4,1,1,New Customers,411
17927,77,1,7,4,1,1,New Customers,411
17928,330,1,2419,1,1,4,At Risk (high value),114
17929,306,1,2473,1,1,4,At Risk (high value),114
17930,110,1,7,4,1,1,New Customers,411
17931,50,1,15,5,1,1,New Customers,511
17932,226,1,166,2,1,3,Hibernating,213
17933,48,1,94,5,1,3,New Customers,513
17934,99,1,29,4,1,1,New Customers,411
17935,165,1,64,3,1,2,Needs Attention,312
17936,317,1,2419,1,1,4,At Risk (high value),114
17937,322,1,7,1,1,1,Hibernating,111
17938,221,1,7,2,1,1,Hibernating,211
17939,87,1,10,4,1,1,New Customers,411
17940,332,1,15,1,1,1,Hibernating,111
17941,310,1,2393,1,1,4,At Risk (high value),114
17942,99,1,70,4,1,2,New Customers,412
17943,288,1,10,2,1,1,Hibernating,211
17944,212,1,50,2,1,2,Hibernating,212
17945,161,1,24,3,1,1,Needs Attention,311
17946,284,1,69,2,1,2,Hibernating,212
17947,29,1,24,5,1,1,New Customers,511
17948,235,1,15,2,1,1,Hibernating,211
17949,334,1,2419,1,1,4,At Risk (high value),114
17950,320,1,2473,1,1,4,At Risk (high value),114
17951,288,1,45,2,1,2,Hibernating,212
17952,198,1,10,3,1,1,Needs Attention,311
17953,309,1,2473,1,1,4,At Risk (high value),114
17954,312,1,2462,1,1,4,At Risk (high value),114
17955,285,1,2393,2,1,4,At Risk (high value),214
17956,32,1,15,5,1,1,New Customers,511
17957,196,1,15,3,1,1,Needs Attention,311
17958,275,1,2419,2,1,4,At Risk (high value),214
17959,57,1,15,5,1,1,New Customers,511
17960,281,1,15,2,1,1,Hibernating,211
17961,23,1,50,5,1,2,New Customers,512
17962,292,1,2478,1,1,4,At Risk (high value),114
17963,284,1,2477,2,1,4,At Risk (high value),214
17964,283,1,2398,2,1,4,At Risk (high value),214
17965,280,1,70,2,1,2,Hibernating,212
17966,85,1,64,4,1,2,New Customers,412
17967,960,1,3578,1,1,5,At Risk (high value),115
17968,343,1,9,1,1,1,Hibernating,111
17969,164,1,2,3,1,1,Needs Attention,311
17970,262,1,63,2,1,2,Hibernating,212
17971,85,1,64,4,1,2,New Customers,412
17972,357,1,27,1,1,1,Hibernating,111
17973,157,1,64,3,1,2,Needs Attention,312
17974,93,1,25,4,1,1,New Customers,411
17975,116,1,25,4,1,1,New Customers,411
17976,84,1,38,4,1,1,New Customers,411
17977,260,1,94,2,1,3,Hibernating,213
17978,244,1,75,2,1,2,Hibernating,212
17979,203,1,64,3,1,2,Needs Attention,312
17980,311,1,38,1,1,1,Hibernating,111
17981,253,1,37,2,1,1,Hibernating,211
17982,317,1,27,1,1,1,Hibernating,111
17983,270,1,27,2,1,1,Hibernating,211
17984,171,1,64,3,1,2,Needs Attention,312
17985,190,1,29,3,1,1,Needs Attention,311
17986,312,1,53,1,1,2,Hibernating,112
17987,181,1,79,3,1,2,Needs Attention,312
17988,8,1,31,5,1,1,New Customers,511
17989,973,1,3578,1,1,5,At Risk (high value),115
17990,953,1,3578,1,1,5,At Risk (high value),115
17991,955,1,3578,1,1,5,At Risk (high value),115
17992,306,1,64,1,1,2,Hibernating,112
17993,194,1,79,3,1,2,Needs Attention,312
17994,956,1,3578,1,1,5,At Risk (high value),115
17995,186,1,25,3,1,1,Needs Attention,311
17996,242,1,31,2,1,1,Hibernating,211
17997,166,1,79,3,1,2,Needs Attention,312
17998,971,1,3578,1,1,5,At Risk (high value),115
17999,343,1,29,1,1,1,Hibernating,111
18000,188,1,5,3,1,1,Needs Attention,311
18001,343,1,7,1,1,1,Hibernating,111
18002,56,1,625,5,1,3,New Customers,513
18003,316,1,68,1,1,2,Hibernating,112
18004,143,1,5,3,1,1,Needs Attention,311
18005,247,2,4320,2,3,5,At Risk (high value),235
18006,330,1,70,1,1,2,Hibernating,112
18007,179,1,151,3,1,3,Needs Attention,313
18008,57,1,25,5,1,1,New Customers,511
18009,951,1,3578,1,1,5,At Risk (high value),115
18010,199,1,29,3,1,1,Needs Attention,311
18011,952,1,3578,1,1,5,At Risk (high value),115
18012,221,2,4334,2,3,5,At Risk (high value),235
18013,98,1,79,4,1,2,New Customers,412
18014,708,1,2182,1,1,4,At Risk (high value),114
18015,359,1,64,1,1,2,Hibernating,112
18016,250,1,25,2,1,1,Hibernating,211
18017,953,1,3578,1,1,5,At Risk (high value),115
18018,959,1,3578,1,1,5,At Risk (high value),115
18019,71,1,64,5,1,2,New Customers,512
18020,241,2,4355,2,3,5,At Risk (high value),235
18021,216,1,14,2,1,1,Hibernating,211
18022,180,1,70,3,1,2,Needs Attention,312
18023,121,1,64,4,1,2,New Customers,412
18024,109,1,35,4,1,1,New Customers,411
18025,7,1,31,5,1,1,New Customers,511
18026,340,1,27,1,1,1,Hibernating,111
18027,164,1,25,3,1,1,Needs Attention,311
18028,45,1,575,5,1,3,New Customers,513
18029,110,1,7,4,1,1,New Customers,411
18030,68,1,29,5,1,1,New Customers,511
18031,40,1,40,5,1,2,New Customers,512
18032,80,1,64,4,1,2,New Customers,412
18033,232,2,4389,2,3,5,At Risk (high value),235
18034,229,1,31,2,1,1,Hibernating,211
18035,228,1,190,2,1,3,Hibernating,213
18036,44,1,29,5,1,1,New Customers,511
18037,29,1,75,5,1,2,New Customers,512
18038,267,1,70,2,1,2,Hibernating,212
18039,41,1,6,5,1,1,New Customers,511
18040,92,1,5,4,1,1,New Customers,411
18041,357,1,40,1,1,2,Hibernating,112
18042,35,1,628,5,1,3,New Customers,513
18043,383,1,2420,1,1,4,At Risk (high value),114
18044,378,1,2447,1,1,4,At Risk (high value),114
18045,239,2,4320,2,3,5,At Risk (high value),235
18046,280,1,90,2,1,2,Hibernating,212
18047,196,1,31,3,1,1,Needs Attention,311
18048,185,1,51,3,1,2,Needs Attention,312
18049,222,2,4355,2,3,5,At Risk (high value),235
18050,299,1,113,1,1,3,Hibernating,113
18051,50,1,63,5,1,2,New Customers,512
18052,148,1,4,3,1,1,Needs Attention,311
18053,303,1,39,1,1,1,Hibernating,111
18054,259,1,39,2,1,1,Hibernating,211
18055,227,1,751,2,1,3,Hibernating,213
18056,243,1,765,2,1,3,Hibernating,213
18057,964,1,3578,1,1,5,At Risk (high value),115
18058,225,1,9,2,1,1,Hibernating,211
18059,968,1,3578,1,1,5,At Risk (high value),115
18060,948,1,3578,1,1,5,At Risk (high value),115
18061,954,1,3578,1,1,5,At Risk (high value),115
18062,50,1,4,5,1,1,New Customers,511
18063,226,1,742,2,1,3,Hibernating,213
18064,236,1,801,2,1,3,Hibernating,213
18065,222,1,815,2,1,3,Hibernating,213
18066,230,1,777,2,1,3,Hibernating,213
18067,196,1,540,3,1,3,Needs Attention,313
18068,175,1,540,3,1,3,Needs Attention,313
18069,240,1,751,2,1,3,Hibernating,213
18070,219,1,756,2,1,3,Hibernating,213
18071,945,1,3578,1,1,5,At Risk (high value),115
18072,258,1,70,2,1,2,Hibernating,212
18073,36,1,129,5,1,3,New Customers,513
18074,274,1,39,2,1,1,Hibernating,211
18075,235,1,68,2,1,2,Hibernating,212
18076,302,1,68,1,1,2,Hibernating,112
18077,44,1,4,5,1,1,New Customers,511
18078,83,1,64,4,1,2,New Customers,412
18079,164,1,64,3,1,2,Needs Attention,312
18080,366,1,103,1,1,3,Hibernating,113
18081,188,1,777,3,1,3,Needs Attention,313
18082,189,1,742,3,1,3,Needs Attention,313
18083,213,1,742,2,1,3,Hibernating,213
18084,125,1,4,4,1,1,New Customers,411
18085,212,1,742,2,1,3,Hibernating,213
18086,196,1,777,3,1,3,Needs Attention,313
18087,203,1,805,3,1,3,Needs Attention,313
18088,168,1,810,3,1,3,Needs Attention,313
18089,176,1,756,3,1,3,Needs Attention,313
18090,297,1,6,1,1,1,Hibernating,111
18091,155,1,778,3,1,3,Needs Attention,313
18092,178,1,756,3,1,3,Needs Attention,313
18093,244,1,6,2,1,1,Hibernating,211
18094,163,1,28,3,1,1,Needs Attention,311
18095,171,1,796,3,1,3,Needs Attention,313
18096,174,1,777,3,1,3,Needs Attention,313
18097,175,1,575,3,1,3,Needs Attention,313
18098,162,1,549,3,1,3,Needs Attention,313
18099,180,1,629,3,1,3,Needs Attention,313
18100,129,1,549,4,1,3,New Customers,413
18101,61,1,103,5,1,3,New Customers,513
18102,90,1,7,4,1,1,New Customers,411
18103,303,1,2384,1,1,4,At Risk (high value),114
18104,303,1,2419,1,1,4,At Risk (high value),114
18105,84,1,79,4,1,2,New Customers,412
18106,290,1,6,1,1,1,Hibernating,111
18107,948,1,3578,1,1,5,At Risk (high value),115
18108,285,1,163,2,1,3,Hibernating,213
18109,963,1,3578,1,1,5,At Risk (high value),115
18110,273,1,6,2,1,1,Hibernating,211
18111,957,1,3578,1,1,5,At Risk (high value),115
18112,236,2,4389,2,3,5,At Risk (high value),235
18113,263,1,6,2,1,1,Hibernating,211
18114,280,1,2453,2,1,4,At Risk (high value),214
18115,291,1,2384,1,1,4,At Risk (high value),114
18116,291,1,2407,1,1,4,At Risk (high value),114
18117,296,1,17,1,1,1,Hibernating,111
18118,240,1,10,2,1,1,Hibernating,211
18119,177,1,74,3,1,2,Needs Attention,312
18120,90,1,70,4,1,2,New Customers,412
18121,235,1,50,2,1,2,Hibernating,212
18122,141,1,70,3,1,2,Needs Attention,312
18123,183,1,50,3,1,2,Needs Attention,312
18124,95,1,24,4,1,1,New Customers,411
18125,260,1,70,2,1,2,Hibernating,212
18126,79,1,14,4,1,1,New Customers,411
18127,973,1,3578,1,1,5,At Risk (high value),115
18128,311,1,29,1,1,1,Hibernating,111
18129,242,2,4349,2,3,5,At Risk (high value),235
18130,271,1,25,2,1,1,Hibernating,211
18131,357,1,7,1,1,1,Hibernating,111
18132,50,1,4,5,1,1,New Customers,511
18133,951,1,3578,1,1,5,At Risk (high value),115
18134,35,1,89,5,1,2,New Customers,512
18135,115,1,6,4,1,1,New Customers,411
18136,707,1,2182,1,1,4,At Risk (high value),114
18137,964,1,3578,1,1,5,At Risk (high value),115
18138,369,1,2419,1,1,4,At Risk (high value),114
18139,227,2,4374,2,3,5,At Risk (high value),235
18140,968,1,3578,1,1,5,At Risk (high value),115
18141,938,1,3578,1,1,5,At Risk (high value),115
18142,936,1,3578,1,1,5,At Risk (high value),115
18143,938,1,3578,1,1,5,At Risk (high value),115
18144,942,1,3578,1,1,5,At Risk (high value),115
18145,920,1,3578,1,1,5,At Risk (high value),115
18146,925,1,3578,1,1,5,At Risk (high value),115
18147,936,1,3578,1,1,5,At Risk (high value),115
18148,917,1,3578,1,1,5,At Risk (high value),115
18149,923,1,3578,1,1,5,At Risk (high value),115
18150,683,1,2443,1,1,4,At Risk (high value),114
18151,913,1,3578,1,1,5,At Risk (high value),115
18152,940,1,3578,1,1,5,At Risk (high value),115
18153,682,1,2182,1,1,4,At Risk (high value),114
18154,260,1,4,2,1,1,Hibernating,211
18155,644,1,2182,1,1,4,At Risk (high value),114
18156,916,1,3578,1,1,5,At Risk (high value),115
18157,922,1,3578,1,1,5,At Risk (high value),115
18158,927,1,3578,1,1,5,At Risk (high value),115
18159,934,1,3578,1,1,5,At Risk (high value),115
18160,646,1,2443,1,1,4,At Risk (high value),114
18161,204,1,12,3,1,1,Needs Attention,311
18162,92,1,39,4,1,1,New Customers,411
18163,254,1,54,2,1,2,Hibernating,212
18164,933,1,3578,1,1,5,At Risk (high value),115
18165,234,1,68,2,1,2,Hibernating,212
18166,337,1,2407,1,1,4,At Risk (high value),114
18167,242,2,4334,2,3,5,At Risk (high value),235
18168,184,2,4364,3,3,5,Potential Loyalists,335
18169,190,2,4343,3,3,5,Potential Loyalists,335
18170,935,1,3578,1,1,5,At Risk (high value),115
18171,941,1,3578,1,1,5,At Risk (high value),115
18172,138,1,25,3,1,1,Needs Attention,311
18173,36,1,27,5,1,1,New Customers,511
18174,277,1,27,2,1,1,Hibernating,211
18175,194,2,4334,3,3,5,Potential Loyalists,335
18176,207,2,4334,2,3,5,At Risk (high value),235
18177,286,1,15,2,1,1,Hibernating,211
18178,276,1,29,2,1,1,Hibernating,211
18179,280,1,2452,2,1,4,At Risk (high value),214
18180,305,1,2393,1,1,4,At Risk (high value),114
18181,276,1,2452,2,1,4,At Risk (high value),214
18182,128,1,554,4,1,3,New Customers,413
18183,152,1,540,3,1,3,Needs Attention,313
18184,291,1,2393,1,1,4,At Risk (high value),114
18185,282,1,2420,2,1,4,At Risk (high value),214
18186,135,1,563,3,1,3,Needs Attention,313
18187,134,1,604,3,1,3,Needs Attention,313
18188,98,1,589,4,1,3,New Customers,413
18189,209,1,70,2,1,2,Hibernating,212
18190,165,1,24,3,1,1,Needs Attention,311
18191,287,1,2447,2,1,4,At Risk (high value),214
18192,288,1,2393,2,1,4,At Risk (high value),214
18193,281,1,2419,2,1,4,At Risk (high value),214
18194,50,1,50,5,1,2,New Customers,512
18195,289,1,2419,1,1,4,At Risk (high value),114
18196,298,1,2419,1,1,4,At Risk (high value),114
18197,295,1,2438,1,1,4,At Risk (high value),114
18198,78,1,79,4,1,2,New Customers,412
18199,927,1,3578,1,1,5,At Risk (high value),115
18200,145,1,39,3,1,1,Needs Attention,311
18201,189,1,6,3,1,1,Needs Attention,311
18202,212,2,4334,2,3,5,At Risk (high value),235
18203,193,2,4320,3,3,5,Potential Loyalists,335
18204,208,2,4334,2,3,5,At Risk (high value),235
18205,206,2,4320,3,3,5,Potential Loyalists,335
18206,62,1,29,5,1,1,New Customers,511
18207,286,1,149,2,1,3,Hibernating,213
18208,920,1,3578,1,1,5,At Risk (high value),115
18209,921,1,3578,1,1,5,At Risk (high value),115
18210,337,1,40,1,1,2,Hibernating,112
18211,158,1,27,3,1,1,Needs Attention,311
18212,55,1,31,5,1,1,New Customers,511
18213,110,1,190,4,1,3,New Customers,413
18214,136,1,69,3,1,2,Needs Attention,312
18215,348,1,60,1,1,2,Hibernating,112
18216,20,1,64,5,1,2,New Customers,512
18217,2,1,93,5,1,3,New Customers,513
18218,284,1,64,2,1,2,Hibernating,212
18219,152,1,38,3,1,1,Needs Attention,311
18220,8,1,27,5,1,1,New Customers,511
18221,177,1,25,3,1,1,Needs Attention,311
18222,210,2,4320,2,3,5,At Risk (high value),235
18223,165,2,4374,3,3,5,Potential Loyalists,335
18224,174,2,4355,3,3,5,Potential Loyalists,335
18225,330,1,27,1,1,1,Hibernating,111
18226,167,2,4320,3,3,5,Potential Loyalists,335
18227,195,1,39,3,1,1,Needs Attention,311
18228,78,1,64,4,1,2,New Customers,412
18229,345,1,25,1,1,1,Hibernating,111
18230,144,1,40,3,1,2,Needs Attention,312
18231,336,1,5,1,1,1,Hibernating,111
18232,84,1,40,4,1,2,New Customers,412
18233,303,1,173,1,1,3,Hibernating,113
18234,98,1,64,4,1,2,New Customers,412
18235,204,1,29,3,1,1,Needs Attention,311
18236,166,1,27,3,1,1,Needs Attention,311
18237,156,2,4329,3,3,5,Potential Loyalists,335
18238,170,2,4355,3,3,5,Potential Loyalists,335
18239,134,2,4398,3,3,5,Potential Loyalists,335
18240,129,2,4343,4,3,5,Potential Loyalists,435
18241,40,1,69,5,1,2,New Customers,512
18242,307,1,25,1,1,1,Hibernating,111
18243,142,2,4355,3,3,5,Potential Loyalists,335
18244,96,1,123,4,1,3,New Customers,413
18245,23,1,31,5,1,1,New Customers,511
18246,56,1,27,5,1,1,New Customers,511
18247,121,1,88,4,1,2,New Customers,412
18248,348,1,2447,1,1,4,At Risk (high value),114
18249,348,1,27,1,1,1,Hibernating,111
18250,346,1,25,1,1,1,Hibernating,111
18251,279,1,38,2,1,1,Hibernating,211
18252,301,1,13,1,1,1,Hibernating,111
18253,124,2,4389,4,3,5,Potential Loyalists,435
18254,227,1,63,2,1,2,Hibernating,212
18255,927,1,3578,1,1,5,At Risk (high value),115
18256,140,2,4389,3,3,5,Potential Loyalists,335
18257,316,1,2393,1,1,4,At Risk (high value),114
18258,102,1,165,4,1,3,New Customers,413
18259,124,2,4329,4,3,5,Potential Loyalists,435
18260,116,1,14,4,1,1,New Customers,411
18261,141,1,98,3,1,3,Needs Attention,313
18262,108,2,4320,4,3,5,Potential Loyalists,435
18263,5,1,63,5,1,2,New Customers,512
18264,62,1,39,5,1,1,New Customers,511
18265,116,2,4384,4,3,5,Potential Loyalists,435
18266,112,2,4320,4,3,5,Potential Loyalists,435
18267,299,1,40,1,1,2,Hibernating,112
18268,189,1,5,3,1,1,Needs Attention,311
18269,344,1,39,1,1,1,Hibernating,111
18270,116,1,4,4,1,1,New Customers,411
18271,157,1,12,3,1,1,Needs Attention,311
18272,263,1,39,2,1,1,Hibernating,211
18273,156,1,39,3,1,1,Needs Attention,311
18274,156,1,63,3,1,2,Needs Attention,312
18275,118,2,4479,4,3,5,Potential Loyalists,435
18276,121,2,4329,4,3,5,Potential Loyalists,435
18277,100,2,4329,4,3,5,Potential Loyalists,435
18278,333,1,2419,1,1,4,At Risk (high value),114
18279,102,2,4355,4,3,5,Potential Loyalists,435
18280,107,2,4397,4,3,5,Potential Loyalists,435
18281,891,1,3578,1,1,5,At Risk (high value),115
18282,644,1,2443,1,1,4,At Risk (high value),114
18283,30,1,24,5,1,1,New Customers,511
18284,242,1,54,2,1,2,Hibernating,212
18285,49,1,50,5,1,2,New Customers,512
18286,903,1,3578,1,1,5,At Risk (high value),115
18287,311,1,14,1,1,1,Hibernating,111
18288,363,1,5,1,1,1,Hibernating,111
18289,4,1,55,5,1,2,New Customers,512
18290,301,1,2433,1,1,4,At Risk (high value),114
18291,351,1,5,1,1,1,Hibernating,111
18292,122,1,564,4,1,3,New Customers,413
18293,297,1,2393,1,1,4,At Risk (high value),114
18294,290,1,2384,1,1,4,At Risk (high value),114
18295,93,1,554,4,1,3,New Customers,413
18296,275,1,2384,2,1,4,At Risk (high value),214
18297,85,1,50,4,1,2,New Customers,412
18298,112,1,613,4,1,3,New Customers,413
18299,97,1,549,4,1,3,New Customers,413
18300,84,1,549,4,1,3,New Customers,413
18301,247,1,2419,2,1,4,At Risk (high value),214
18302,279,1,135,2,1,3,Hibernating,213
18303,268,1,23,2,1,1,Hibernating,211
18304,251,1,2419,2,1,4,At Risk (high value),214
18305,302,1,24,1,1,1,Hibernating,111
18306,31,1,15,5,1,1,New Customers,511
18307,258,1,2384,2,1,4,At Risk (high value),214
18308,365,1,15,1,1,1,Hibernating,111
18309,267,1,2438,2,1,4,At Risk (high value),214
18310,253,1,2419,2,1,4,At Risk (high value),214
18311,257,1,2419,2,1,4,At Risk (high value),214
18312,67,1,604,5,1,3,New Customers,513
18313,259,1,70,2,1,2,Hibernating,212
18314,83,1,540,4,1,3,New Customers,413
18315,70,1,564,5,1,3,New Customers,513
18316,264,1,104,2,1,3,Hibernating,213
18317,261,1,2433,2,1,4,At Risk (high value),214
18318,249,1,2438,2,1,4,At Risk (high value),214
18319,265,1,2384,2,1,4,At Risk (high value),214
18320,272,1,2447,2,1,4,At Risk (high value),214
18321,153,1,24,3,1,1,Needs Attention,311
18322,249,1,50,2,1,2,Hibernating,212
18323,41,1,50,5,1,2,New Customers,512
18324,169,1,79,3,1,2,Needs Attention,312
18325,301,1,39,1,1,1,Hibernating,111
18326,164,1,63,3,1,2,Needs Attention,312
18327,903,1,3578,1,1,5,At Risk (high value),115
18328,204,1,54,3,1,2,Needs Attention,312
18329,166,1,50,3,1,2,Needs Attention,312
18330,75,1,54,4,1,2,New Customers,412
18331,142,1,39,3,1,1,Needs Attention,311
18332,163,1,48,3,1,2,Needs Attention,312
18333,319,1,165,1,1,3,Hibernating,113
18334,327,1,55,1,1,2,Hibernating,112
18335,899,1,3578,1,1,5,At Risk (high value),115
18336,898,1,3578,1,1,5,At Risk (high value),115
18337,647,1,2182,1,1,4,At Risk (high value),114
18338,259,1,50,2,1,2,Hibernating,212
18339,189,1,40,3,1,2,Needs Attention,312
18340,37,1,74,5,1,2,New Customers,512
18341,887,1,3578,1,1,5,At Risk (high value),115
18342,144,1,99,3,1,3,Needs Attention,313
18343,171,1,801,3,1,3,Needs Attention,313
18344,41,1,554,5,1,3,New Customers,513
18345,34,1,549,5,1,3,New Customers,513
18346,33,1,575,5,1,3,New Customers,513
18347,61,1,567,5,1,3,New Customers,513
18348,337,1,48,1,1,2,Hibernating,112
18349,159,1,39,3,1,1,Needs Attention,311
18350,188,1,39,3,1,1,Needs Attention,311
18351,898,1,3578,1,1,5,At Risk (high value),115
18352,110,1,120,4,1,3,New Customers,413
18353,905,1,3578,1,1,5,At Risk (high value),115
18354,150,1,63,3,1,2,Needs Attention,312
18355,890,1,3578,1,1,5,At Risk (high value),115
18356,394,1,567,1,1,3,Hibernating,113
18357,390,1,629,1,1,3,Hibernating,113
18358,118,1,2398,4,1,4,New Customers,414
18359,90,1,2384,4,1,4,New Customers,414
18360,77,1,2453,4,1,4,New Customers,414
18361,88,1,2418,4,1,4,New Customers,414
18362,571,1,2071,1,1,4,At Risk (high value),114
18363,79,1,777,4,1,3,New Customers,413
18364,86,1,777,4,1,3,New Customers,413
18365,555,1,2049,1,1,4,At Risk (high value),114
18366,89,1,778,4,1,3,New Customers,413
18367,70,1,2419,5,1,4,New Customers,514
18368,69,1,2419,5,1,4,New Customers,514
18369,84,1,2422,4,1,4,New Customers,414
18370,47,1,2422,5,1,4,New Customers,514
18371,120,1,98,4,1,3,New Customers,413
18372,90,1,777,4,1,3,New Customers,413
18373,221,1,40,2,1,2,Hibernating,212
18374,264,1,184,2,1,3,Hibernating,213
18375,58,1,742,5,1,3,New Customers,513
18376,35,1,756,5,1,3,New Customers,513
18377,181,1,21,3,1,1,Needs Attention,311
18378,199,1,34,3,1,1,Needs Attention,311
18379,79,1,40,4,1,2,New Customers,412
18380,279,1,23,2,1,1,Hibernating,211
18381,553,1,2071,1,1,4,At Risk (high value),114
18382,37,1,811,5,1,3,New Customers,513
18383,244,1,2384,2,1,4,At Risk (high value),214
18384,150,1,23,3,1,1,Needs Attention,311
18385,229,1,23,2,1,1,Hibernating,211
18386,1106,1,3400,1,1,5,At Risk (high value),115
18387,321,1,27,1,1,1,Hibernating,111
18388,231,1,21,2,1,1,Hibernating,211
18389,360,2,2638,1,3,4,At Risk (high value),134
18390,322,2,2589,1,3,4,At Risk (high value),134
18391,323,2,2589,1,3,4,At Risk (high value),134
18392,349,2,3950,1,3,5,At Risk (high value),135
18393,52,1,2393,5,1,4,New Customers,514
18394,365,1,23,1,1,1,Hibernating,111
18395,313,1,36,1,1,1,Hibernating,111
18396,55,1,14,5,1,1,New Customers,511
18397,268,1,36,2,1,1,Hibernating,211
18398,539,1,2049,1,1,4,At Risk (high value),114
18399,355,2,3964,1,3,5,At Risk (high value),135
18400,325,2,3936,1,3,5,At Risk (high value),135
18401,319,2,3993,1,3,5,At Risk (high value),135
18402,372,1,1224,1,1,4,At Risk (high value),114
18403,120,1,54,4,1,2,New Customers,412
18404,301,2,3992,1,3,5,At Risk (high value),135
18405,542,1,2049,1,1,4,At Risk (high value),114
18406,169,1,54,3,1,2,Needs Attention,312
18407,181,1,69,3,1,2,Needs Attention,312
18408,216,1,2452,2,1,4,At Risk (high value),214
18409,182,1,54,3,1,2,Needs Attention,312
18410,292,1,36,1,1,1,Hibernating,111
18411,977,1,3400,1,1,5,At Risk (high value),115
18412,349,1,1224,1,1,4,At Risk (high value),114
18413,313,2,2671,1,3,4,At Risk (high value),134
18414,46,1,54,5,1,2,New Customers,512
18415,527,1,2071,1,1,4,At Risk (high value),114
18416,545,1,2049,1,1,4,At Risk (high value),114
18417,199,1,27,3,1,1,Needs Attention,311
18418,203,1,195,3,1,3,Needs Attention,313
18419,38,1,84,5,1,2,New Customers,512
18420,114,1,54,4,1,2,New Customers,412
18421,135,1,54,3,1,2,Needs Attention,312
18422,58,1,78,5,1,2,New Customers,512
18423,107,1,63,4,1,2,New Customers,412
18424,68,1,21,5,1,1,New Customers,511
18425,219,1,34,2,1,1,Hibernating,211
18426,359,1,23,1,1,1,Hibernating,111
18427,109,1,25,4,1,1,New Customers,411
18428,257,1,21,2,1,1,Hibernating,211
18429,358,1,48,1,1,2,Hibernating,112
18430,48,1,60,5,1,2,New Customers,512
18431,158,1,29,3,1,1,Needs Attention,311
18432,328,1,1250,1,1,4,At Risk (high value),114
18433,297,1,1307,1,1,4,At Risk (high value),114
18434,299,1,1289,1,1,4,At Risk (high value),114
18435,301,1,78,1,1,2,Hibernating,112
18436,282,1,69,2,1,2,Hibernating,212
18437,274,1,29,2,1,1,Hibernating,211
18438,124,1,25,4,1,1,New Customers,411
18439,263,1,34,2,1,1,Hibernating,211
18440,208,1,23,2,1,1,Hibernating,211
18441,57,1,36,5,1,1,New Customers,511
18442,35,1,69,5,1,2,New Customers,512
18443,285,1,34,2,1,1,Hibernating,211
18444,217,1,89,2,1,2,Hibernating,212
18445,113,1,25,4,1,1,New Customers,411
18446,144,1,182,3,1,3,Needs Attention,313
18447,59,1,36,5,1,1,New Customers,511
18448,34,1,23,5,1,1,New Customers,511
18449,1004,1,3400,1,1,5,At Risk (high value),115
18450,992,1,3400,1,1,5,At Risk (high value),115
18451,500,1,2049,1,1,4,At Risk (high value),114
18452,355,1,25,1,1,1,Hibernating,111
18453,172,1,742,3,1,3,Needs Attention,313
18454,148,1,742,3,1,3,Needs Attention,313
18455,137,1,742,3,1,3,Needs Attention,313
18456,124,1,751,4,1,3,New Customers,413
18457,143,1,765,3,1,3,Needs Attention,313
18458,139,1,756,3,1,3,Needs Attention,313
18459,137,1,811,3,1,3,Needs Attention,313
18460,132,1,805,4,1,3,New Customers,413
18461,145,1,751,3,1,3,Needs Attention,313
18462,102,1,777,4,1,3,New Customers,413
18463,121,1,855,4,1,3,New Customers,413
18464,112,1,751,4,1,3,New Customers,413
18465,106,1,756,4,1,3,New Customers,413
18466,101,1,791,4,1,3,New Customers,413
18467,959,1,3375,1,1,5,At Risk (high value),115
18468,970,1,3375,1,1,5,At Risk (high value),115
18469,239,1,2428,2,1,4,At Risk (high value),214
18470,227,1,2393,2,1,4,At Risk (high value),214
18471,55,1,60,5,1,2,New Customers,512
18472,8,1,23,5,1,1,New Customers,511
18473,150,1,89,3,1,2,Needs Attention,312
18474,240,1,2419,2,1,4,At Risk (high value),214
18475,955,1,3375,1,1,5,At Risk (high value),115
18476,945,1,3400,1,1,5,At Risk (high value),115
18477,923,1,3400,1,1,5,At Risk (high value),115
18478,225,1,2428,2,1,4,At Risk (high value),214
18479,217,1,2398,2,1,4,At Risk (high value),214
18480,512,1,2049,1,1,4,At Risk (high value),114
18481,196,1,2442,3,1,4,Needs Attention,314
18482,900,1,3375,1,1,5,At Risk (high value),115
18483,498,1,2049,1,1,4,At Risk (high value),114
18484,507,1,2049,1,1,4,At Risk (high value),114
